/*******************************************************************************
 * Size: 24 px
 * Bpp: 4
 * Opts: --font .\build\velaride-font\NotoSansSC-SemiBold-600.ttf --symbols 安败保本标测成持冲出传次存到地动度放分否复感公后户击即记继间检建将较结进静久就距开离里连练录率没秒目内盘配骑器请区全确认入设失时始事是室束速随态提停退外完未我息下效心行醒休需绪续选训要一已议用由有于运暂择长止置中钟状自总组分钟占比明显稳偏可路段节奏贯注意补水车辆身体和平，。！：；、（）？ --size 24 --bpp 4 --format lvgl --no-compress --lv-include lvgl/lvgl.h --lv-font-name velaride_font_cn_24 --lv-fallback lv_font_montserrat_24 -o .\apps\examples\velaride\velaride_font_cn_24.c
 ******************************************************************************/

#ifdef LV_LVGL_H_INCLUDE_SIMPLE
#include "lvgl.h"
#else
#include "lvgl/lvgl.h"
#endif

#ifndef VELARIDE_FONT_CN_24
#define VELARIDE_FONT_CN_24 1
#endif

#if VELARIDE_FONT_CN_24

/*-----------------
 *    BITMAPS
 *----------------*/

/*Store the image of the glyphs*/
static LV_ATTRIBUTE_LARGE_CONST const uint8_t glyph_bitmap[] = {
    /* U+3001 "、" */
    0x1, 0x60, 0x0, 0x0, 0x3e, 0xf9, 0x0, 0x0,
    0x9f, 0xff, 0xa0, 0x0, 0x9, 0xff, 0xfa, 0x0,
    0x0, 0x8f, 0xff, 0x90, 0x0, 0x9, 0xff, 0xf4,
    0x0, 0x0, 0xaf, 0x70, 0x0, 0x0, 0x4, 0x0,

    /* U+3002 "。" */
    0x0, 0x3b, 0xed, 0x60, 0x0, 0x4f, 0xfb, 0xdf,
    0x80, 0xd, 0xe1, 0x0, 0xaf, 0x21, 0xf8, 0x0,
    0x3, 0xf6, 0x1f, 0x70, 0x0, 0x2f, 0x60, 0xdd,
    0x10, 0x9, 0xf2, 0x4, 0xfe, 0x9c, 0xf9, 0x0,
    0x4, 0xcf, 0xe7, 0x0,

    /* U+4E00 "一" */
    0xc, 0xcc, 0xcc, 0xcc, 0xcc, 0xcc, 0xcc, 0xcc,
    0xcc, 0xcc, 0xcc, 0xc1, 0xf, 0xff, 0xff, 0xff,
    0xff, 0xff, 0xff, 0xff, 0xff, 0xff, 0xff, 0xf1,
    0xf, 0xff, 0xff, 0xff, 0xff, 0xff, 0xff, 0xff,
    0xff, 0xff, 0xff, 0xf1, 0x0, 0x0, 0x0, 0x0,
    0x0, 0x0, 0x0, 0x0, 0x0, 0x0, 0x0, 0x0,

    /* U+4E0B "下" */
    0x69, 0x99, 0x99, 0x99, 0x99, 0x99, 0x99, 0x99,
    0x99, 0x99, 0x97, 0xbf, 0xff, 0xff, 0xff, 0xff,
    0xff, 0xff, 0xff, 0xff, 0xff, 0xfc, 0xbf, 0xff,
    0xff, 0xff, 0xff, 0xff, 0xff, 0xff, 0xff, 0xff,
    0xfc, 0x0, 0x0, 0x0, 0x0, 0xd, 0xfe, 0x0,
    0x0, 0x0, 0x0, 0x0, 0x0, 0x0, 0x0, 0x0,
    0xd, 0xfe, 0x0, 0x0, 0x0, 0x0, 0x0, 0x0,
    0x0, 0x0, 0x0, 0xd, 0xfe, 0x0, 0x0, 0x0,
    0x0, 0x0, 0x0, 0x0, 0x0, 0x0, 0xd, 0xfe,
    0x61, 0x0, 0x0, 0x0, 0x0, 0x0, 0x0, 0x0,
    0x0, 0xd, 0xff, 0xff, 0x70, 0x0, 0x0, 0x0,
    0x0, 0x0, 0x0, 0x0, 0xd, 0xff, 0xff, 0xfe,
    0x60, 0x0, 0x0, 0x0, 0x0, 0x0, 0x0, 0xd,
    0xff, 0x7f, 0xff, 0xfc, 0x30, 0x0, 0x0, 0x0,
    0x0, 0x0, 0xd, 0xfe, 0x2, 0xbf, 0xff, 0xf8,
    0x0, 0x0, 0x0, 0x0, 0x0, 0xd, 0xfe, 0x0,
    0x4, 0xef, 0xff, 0x70, 0x0, 0x0, 0x0, 0x0,
    0xd, 0xfe, 0x0, 0x0, 0x1a, 0xfc, 0x0, 0x0,
    0x0, 0x0, 0x0, 0xd, 0xfe, 0x0, 0x0, 0x0,
    0x61, 0x0, 0x0, 0x0, 0x0, 0x0, 0xd, 0xfe,
    0x0, 0x0, 0x0, 0x0, 0x0, 0x0, 0x0, 0x0,
    0x0, 0xd, 0xfe, 0x0, 0x0, 0x0, 0x0, 0x0,
    0x0, 0x0, 0x0, 0x0, 0xd, 0xfe, 0x0, 0x0,
    0x0, 0x0, 0x0, 0x0, 0x0, 0x0, 0x0, 0xd,
    0xfe, 0x0, 0x0, 0x0, 0x0, 0x0, 0x0, 0x0,
    0x0, 0x0, 0xd, 0xfe, 0x0, 0x0, 0x0, 0x0,
    0x0, 0x0, 0x0, 0x0, 0x0, 0xd, 0xfe, 0x0,
    0x0, 0x0, 0x0, 0x0, 0x0, 0x0, 0x0, 0x0,
    0xd, 0xfe, 0x0, 0x0, 0x0, 0x0, 0x0,

    /* U+4E2D "中" */
    0x0, 0x0, 0x0, 0x0, 0x4, 0x42, 0x0, 0x0,
    0x0, 0x0, 0x0, 0x0, 0x0, 0x0, 0x1, 0xff,
    0xa0, 0x0, 0x0, 0x0, 0x0, 0x0, 0x0, 0x0,
    0x0, 0x1f, 0xfa, 0x0, 0x0, 0x0, 0x0, 0x0,
    0x0, 0x0, 0x0, 0x1, 0xff, 0xa0, 0x0, 0x0,
    0x0, 0x0, 0x0, 0x0, 0x0, 0x0, 0x2f, 0xfa,
    0x0, 0x0, 0x0, 0x0, 0xa, 0xff, 0xff, 0xff,
    0xff, 0xff, 0xff, 0xff, 0xff, 0xff, 0xf1, 0xaf,
    0xff, 0xff, 0xff, 0xff, 0xff, 0xff, 0xff, 0xff,
    0xff, 0x1a, 0xff, 0x88, 0x88, 0x88, 0xff, 0xd8,
    0x88, 0x88, 0xcf, 0xf1, 0xaf, 0xe0, 0x0, 0x0,
    0x1f, 0xfa, 0x0, 0x0, 0x9, 0xff, 0x1a, 0xfe,
    0x0, 0x0, 0x1, 0xff, 0xa0, 0x0, 0x0, 0x9f,
    0xf1, 0xaf, 0xe0, 0x0, 0x0, 0x1f, 0xfa, 0x0,
    0x0, 0x9, 0xff, 0x1a, 0xfe, 0x0, 0x0, 0x1,
    0xff, 0xa0, 0x0, 0x0, 0x9f, 0xf1, 0xaf, 0xe0,
    0x0, 0x0, 0x2f, 0xfa, 0x0, 0x0, 0x9, 0xff,
    0x1a, 0xff, 0xff, 0xff, 0xff, 0xff, 0xff, 0xff,
    0xff, 0xff, 0xf1, 0xaf, 0xff, 0xff, 0xff, 0xff,
    0xff, 0xff, 0xff, 0xff, 0xff, 0x1a, 0xff, 0x88,
    0x88, 0x88, 0xff, 0xd8, 0x88, 0x88, 0xcf, 0xf1,
    0x9e, 0xc0, 0x0, 0x0, 0x1f, 0xfa, 0x0, 0x0,
    0x7, 0xcc, 0x10, 0x0, 0x0, 0x0, 0x1, 0xff,
    0xa0, 0x0, 0x0, 0x0, 0x0, 0x0, 0x0, 0x0,
    0x0, 0x1f, 0xfa, 0x0, 0x0, 0x0, 0x0, 0x0,
    0x0, 0x0, 0x0, 0x1, 0xff, 0xa0, 0x0, 0x0,
    0x0, 0x0, 0x0, 0x0, 0x0, 0x0, 0x1f, 0xfa,
    0x0, 0x0, 0x0, 0x0, 0x0, 0x0, 0x0, 0x0,
    0x1, 0xff, 0xa0, 0x0, 0x0, 0x0, 0x0, 0x0,
    0x0, 0x0, 0x0, 0x1f, 0xfa, 0x0, 0x0, 0x0,
    0x0, 0x0,

    /* U+4E45 "久" */
    0x0, 0x0, 0x0, 0x1, 0x20, 0x0, 0x0, 0x0,
    0x0, 0x0, 0x0, 0x0, 0x0, 0x0, 0x0, 0x9,
    0xfe, 0x40, 0x0, 0x0, 0x0, 0x0, 0x0, 0x0,
    0x0, 0x0, 0x0, 0xe, 0xff, 0x10, 0x0, 0x0,
    0x0, 0x0, 0x0, 0x0, 0x0, 0x0, 0x0, 0x5f,
    0xfb, 0x0, 0x0, 0x0, 0x0, 0x0, 0x0, 0x0,
    0x0, 0x0, 0x0, 0xcf, 0xfc, 0x99, 0x99, 0xb9,
    0x20, 0x0, 0x0, 0x0, 0x0, 0x0, 0x4, 0xff,
    0xff, 0xff, 0xff, 0xff, 0xd0, 0x0, 0x0, 0x0,
    0x0, 0x0, 0xc, 0xff, 0xff, 0xff, 0xff, 0xff,
    0x90, 0x0, 0x0, 0x0, 0x0, 0x0, 0x6f, 0xfd,
    0x0, 0x0, 0xa, 0xff, 0x40, 0x0, 0x0, 0x0,
    0x0, 0x2, 0xff, 0xf4, 0x0, 0x0, 0xf, 0xfe,
    0x0, 0x0, 0x0, 0x0, 0x0, 0xd, 0xff, 0xa0,
    0x0, 0x0, 0x6f, 0xf8, 0x0, 0x0, 0x0, 0x0,
    0x0, 0xbf, 0xfe, 0x10, 0x0, 0x0, 0xdf, 0xf2,
    0x0, 0x0, 0x0, 0x0, 0x1c, 0xff, 0xf3, 0x0,
    0x0, 0x7, 0xff, 0xc0, 0x0, 0x0, 0x0, 0x0,
    0x9, 0xff, 0x50, 0x0, 0x0, 0x1f, 0xff, 0xf2,
    0x0, 0x0, 0x0, 0x0, 0x0, 0x75, 0x0, 0x0,
    0x0, 0xbf, 0xff, 0xfa, 0x0, 0x0, 0x0, 0x0,
    0x0, 0x0, 0x0, 0x0, 0x8, 0xff, 0xec, 0xff,
    0x40, 0x0, 0x0, 0x0, 0x0, 0x0, 0x0, 0x0,
    0x6f, 0xff, 0x33, 0xff, 0xe1, 0x0, 0x0, 0x0,
    0x0, 0x0, 0x0, 0x6, 0xff, 0xf7, 0x0, 0x9f,
    0xfb, 0x0, 0x0, 0x0, 0x0, 0x0, 0x0, 0x8f,
    0xff, 0x90, 0x0, 0xd, 0xff, 0xa0, 0x0, 0x0,
    0x0, 0x0, 0x2c, 0xff, 0xf9, 0x0, 0x0, 0x2,
    0xff, 0xfb, 0x10, 0x0, 0x0, 0x7, 0xff, 0xff,
    0x80, 0x0, 0x0, 0x0, 0x4f, 0xff, 0xd4, 0x0,
    0x7, 0xef, 0xff, 0xf5, 0x0, 0x0, 0x0, 0x0,
    0x4, 0xff, 0xff, 0xb1, 0x6, 0xff, 0xfb, 0x10,
    0x0, 0x0, 0x0, 0x0, 0x0, 0x2d, 0xff, 0xa0,
    0x0, 0x8c, 0x40, 0x0, 0x0, 0x0, 0x0, 0x0,
    0x0, 0x0, 0x7c, 0x0, 0x0, 0x0, 0x0, 0x0,
    0x0, 0x0, 0x0, 0x0, 0x0, 0x0, 0x0, 0x0,

    /* U+4E8B "事" */
    0x0, 0x0, 0x0, 0x0, 0x0, 0x48, 0x80, 0x0,
    0x0, 0x0, 0x0, 0x0, 0x0, 0x0, 0x0, 0x0,
    0x8, 0xff, 0x10, 0x0, 0x0, 0x0, 0x0, 0x8,
    0xee, 0xee, 0xee, 0xee, 0xff, 0xfe, 0xee, 0xee,
    0xee, 0xee, 0x50, 0xaf, 0xff, 0xff, 0xff, 0xff,
    0xff, 0xff, 0xff, 0xff, 0xff, 0xf6, 0x1, 0x22,
    0x22, 0x22, 0x22, 0x9f, 0xf4, 0x22, 0x22, 0x22,
    0x22, 0x10, 0x0, 0x9, 0x99, 0x99, 0x9d, 0xff,
    0xa9, 0x99, 0x99, 0x90, 0x0, 0x0, 0x0, 0xff,
    0xff, 0xff, 0xff, 0xff, 0xff, 0xff, 0xff, 0x10,
    0x0, 0x0, 0xf, 0xf7, 0x0, 0x8, 0xff, 0x20,
    0x0, 0x8f, 0xf1, 0x0, 0x0, 0x0, 0xff, 0xca,
    0xaa, 0xdf, 0xfa, 0xaa, 0xad, 0xff, 0x10, 0x0,
    0x0, 0xf, 0xff, 0xff, 0xff, 0xff, 0xff, 0xff,
    0xff, 0xf1, 0x0, 0x0, 0x0, 0x0, 0x0, 0x0,
    0x8f, 0xf2, 0x0, 0x0, 0x0, 0x0, 0x0, 0x0,
    0x9c, 0xcc, 0xcc, 0xce, 0xff, 0xcc, 0xcc, 0xcc,
    0xc5, 0x0, 0x0, 0xc, 0xff, 0xff, 0xff, 0xff,
    0xff, 0xff, 0xff, 0xff, 0x70, 0x0, 0x0, 0x0,
    0x0, 0x0, 0x8, 0xff, 0x10, 0x0, 0x2f, 0xf7,
    0x0, 0x2d, 0xdd, 0xdd, 0xdd, 0xdd, 0xff, 0xfe,
    0xdd, 0xde, 0xff, 0xed, 0xc2, 0xff, 0xff, 0xff,
    0xff, 0xff, 0xff, 0xff, 0xff, 0xff, 0xff, 0xfe,
    0x1, 0x11, 0x11, 0x11, 0x11, 0x9f, 0xf2, 0x11,
    0x13, 0xff, 0x81, 0x10, 0x0, 0x22, 0x22, 0x22,
    0x29, 0xff, 0x32, 0x22, 0x4f, 0xf7, 0x0, 0x0,
    0xf, 0xff, 0xff, 0xff, 0xff, 0xff, 0xff, 0xff,
    0xff, 0x70, 0x0, 0x0, 0xbc, 0xcc, 0xcc, 0xce,
    0xff, 0xcc, 0xcc, 0xcf, 0xf7, 0x0, 0x0, 0x0,
    0x0, 0x0, 0x0, 0x9f, 0xf1, 0x0, 0x1, 0xcc,
    0x50, 0x0, 0x0, 0x0, 0x0, 0xcf, 0xff, 0xfe,
    0x0, 0x0, 0x0, 0x0, 0x0, 0x0, 0x0, 0x0,
    0x6, 0xff, 0xeb, 0x30, 0x0, 0x0, 0x0, 0x0,
    0x0,

    /* U+4E8E "于" */
    0x0, 0xaa, 0xaa, 0xaa, 0xaa, 0xaa, 0xaa, 0xaa,
    0xaa, 0xaa, 0x10, 0x1, 0xff, 0xff, 0xff, 0xff,
    0xff, 0xff, 0xff, 0xff, 0xff, 0x20, 0x1, 0xff,
    0xff, 0xff, 0xff, 0xff, 0xff, 0xff, 0xff, 0xff,
    0x20, 0x0, 0x0, 0x0, 0x0, 0x1, 0xff, 0xa0,
    0x0, 0x0, 0x0, 0x0, 0x0, 0x0, 0x0, 0x0,
    0x1, 0xff, 0xa0, 0x0, 0x0, 0x0, 0x0, 0x0,
    0x0, 0x0, 0x0, 0x1, 0xff, 0xa0, 0x0, 0x0,
    0x0, 0x0, 0x0, 0x0, 0x0, 0x0, 0x1, 0xff,
    0xa0, 0x0, 0x0, 0x0, 0x0, 0x0, 0x0, 0x0,
    0x0, 0x1, 0xff, 0xa0, 0x0, 0x0, 0x0, 0x0,
    0xaf, 0xff, 0xff, 0xff, 0xff, 0xff, 0xff, 0xff,
    0xff, 0xff, 0xfc, 0xbf, 0xff, 0xff, 0xff, 0xff,
    0xff, 0xff, 0xff, 0xff, 0xff, 0xfd, 0x69, 0x99,
    0x99, 0x99, 0x9a, 0xff, 0xe9, 0x99, 0x99, 0x99,
    0x98, 0x0, 0x0, 0x0, 0x0, 0x1, 0xff, 0xa0,
    0x0, 0x0, 0x0, 0x0, 0x0, 0x0, 0x0, 0x0,
    0x1, 0xff, 0xa0, 0x0, 0x0, 0x0, 0x0, 0x0,
    0x0, 0x0, 0x0, 0x1, 0xff, 0xa0, 0x0, 0x0,
    0x0, 0x0, 0x0, 0x0, 0x0, 0x0, 0x1, 0xff,
    0xa0, 0x0, 0x0, 0x0, 0x0, 0x0, 0x0, 0x0,
    0x0, 0x1, 0xff, 0xa0, 0x0, 0x0, 0x0, 0x0,
    0x0, 0x0, 0x0, 0x0, 0x1, 0xff, 0xa0, 0x0,
    0x0, 0x0, 0x0, 0x0, 0x0, 0x0, 0x0, 0x1,
    0xff, 0xa0, 0x0, 0x0, 0x0, 0x0, 0x0, 0x0,
    0x8, 0x99, 0x9b, 0xff, 0x90, 0x0, 0x0, 0x0,
    0x0, 0x0, 0x0, 0x8, 0xff, 0xff, 0xff, 0x50,
    0x0, 0x0, 0x0, 0x0, 0x0, 0x0, 0x2, 0xff,
    0xff, 0xc6, 0x0, 0x0, 0x0, 0x0, 0x0, 0x0,
    0x0, 0x0, 0x10, 0x0, 0x0, 0x0, 0x0, 0x0,
    0x0, 0x0,

    /* U+4F11 "休" */
    0x0, 0x0, 0x0, 0x10, 0x0, 0x0, 0x0, 0x0,
    0x0, 0x0, 0x0, 0x0, 0x0, 0x0, 0x0, 0xbe,
    0x90, 0x0, 0x1, 0xff, 0x70, 0x0, 0x0, 0x0,
    0x0, 0x0, 0x2, 0xff, 0xb0, 0x0, 0x1, 0xff,
    0x70, 0x0, 0x0, 0x0, 0x0, 0x0, 0xa, 0xff,
    0x40, 0x0, 0x1, 0xff, 0x70, 0x0, 0x0, 0x0,
    0x0, 0x0, 0x3f, 0xfc, 0x0, 0x0, 0x1, 0xff,
    0x70, 0x0, 0x0, 0x0, 0x0, 0x0, 0xdf, 0xf4,
    0x0, 0x0, 0x1, 0xff, 0x70, 0x0, 0x0, 0x0,
    0x0, 0x8, 0xff, 0xc2, 0x77, 0x77, 0x78, 0xff,
    0xb7, 0x77, 0x77, 0x70, 0x0, 0x4f, 0xff, 0x96,
    0xff, 0xff, 0xff, 0xff, 0xff, 0xff, 0xff, 0xf0,
    0x2, 0xef, 0xff, 0x96, 0xff, 0xff, 0xff, 0xff,
    0xff, 0xff, 0xff, 0xf0, 0x2e, 0xff, 0xff, 0x90,
    0x0, 0x0, 0x6f, 0xff, 0xfe, 0x0, 0x0, 0x0,
    0x6f, 0xfe, 0xff, 0x90, 0x0, 0x0, 0xcf, 0xff,
    0xff, 0x50, 0x0, 0x0, 0xd, 0xf2, 0xff, 0x90,
    0x0, 0x4, 0xff, 0xff, 0xff, 0xc0, 0x0, 0x0,
    0x4, 0x30, 0xff, 0x90, 0x0, 0xd, 0xfe, 0xff,
    0xbf, 0xf5, 0x0, 0x0, 0x0, 0x0, 0xff, 0x90,
    0x0, 0x7f, 0xf7, 0xff, 0x7c, 0xfd, 0x0, 0x0,
    0x0, 0x0, 0xff, 0x90, 0x2, 0xff, 0xd1, 0xff,
    0x74, 0xff, 0x90, 0x0, 0x0, 0x0, 0xff, 0x90,
    0xd, 0xff, 0x41, 0xff, 0x70, 0xbf, 0xf4, 0x0,
    0x0, 0x0, 0xff, 0x90, 0xbf, 0xf9, 0x1, 0xff,
    0x70, 0x2f, 0xff, 0x20, 0x0, 0x0, 0xff, 0x9a,
    0xff, 0xd0, 0x1, 0xff, 0x70, 0x7, 0xff, 0xe2,
    0x0, 0x0, 0xff, 0xbe, 0xff, 0x20, 0x1, 0xff,
    0x70, 0x0, 0xbf, 0xe3, 0x0, 0x0, 0xff, 0x92,
    0xe3, 0x0, 0x1, 0xff, 0x70, 0x0, 0xc, 0x30,
    0x0, 0x0, 0xff, 0x90, 0x0, 0x0, 0x1, 0xff,
    0x70, 0x0, 0x0, 0x0, 0x0, 0x0, 0xff, 0x90,
    0x0, 0x0, 0x1, 0xff, 0x70, 0x0, 0x0, 0x0,
    0x0, 0x0, 0xef, 0x90, 0x0, 0x0, 0x1, 0xff,
    0x70, 0x0, 0x0, 0x0,

    /* U+4F20 "传" */
    0x0, 0x0, 0x1, 0x40, 0x0, 0x0, 0x3, 0x20,
    0x0, 0x0, 0x0, 0x0, 0x0, 0x0, 0x7, 0xff,
    0x30, 0x0, 0xd, 0xfc, 0x0, 0x0, 0x0, 0x0,
    0x0, 0x0, 0xd, 0xfe, 0x0, 0x0, 0x1f, 0xf8,
    0x0, 0x0, 0x0, 0x0, 0x0, 0x0, 0x5f, 0xf7,
    0x8f, 0xff, 0xff, 0xff, 0xff, 0xff, 0xfc, 0x0,
    0x0, 0x0, 0xdf, 0xf0, 0x9f, 0xff, 0xff, 0xff,
    0xff, 0xff, 0xfd, 0x0, 0x0, 0x6, 0xff, 0x80,
    0x46, 0x66, 0xff, 0xd6, 0x66, 0x66, 0x65, 0x0,
    0x0, 0x1e, 0xff, 0x0, 0x0, 0x1, 0xff, 0x80,
    0x0, 0x0, 0x0, 0x0, 0x0, 0xaf, 0xff, 0x3,
    0x33, 0x37, 0xff, 0x73, 0x33, 0x33, 0x33, 0x30,
    0x6, 0xff, 0xff, 0xf, 0xff, 0xff, 0xff, 0xff,
    0xff, 0xff, 0xff, 0xf1, 0x4f, 0xff, 0xff, 0xf,
    0xff, 0xff, 0xff, 0xff, 0xff, 0xff, 0xff, 0xf1,
    0x5f, 0xfe, 0xff, 0x2, 0x22, 0x5f, 0xf8, 0x22,
    0x22, 0x22, 0x22, 0x20, 0xc, 0xb8, 0xff, 0x0,
    0x0, 0x7f, 0xf3, 0x0, 0x0, 0x0, 0x0, 0x0,
    0x3, 0x8, 0xff, 0x0, 0x0, 0xcf, 0xf7, 0x77,
    0x77, 0x77, 0x70, 0x0, 0x0, 0x8, 0xff, 0x0,
    0x1, 0xff, 0xff, 0xff, 0xff, 0xff, 0xfd, 0x0,
    0x0, 0x8, 0xff, 0x0, 0x6, 0xff, 0xff, 0xff,
    0xff, 0xff, 0xf5, 0x0, 0x0, 0x8, 0xff, 0x0,
    0x0, 0x0, 0x0, 0x0, 0xc, 0xff, 0x60, 0x0,
    0x0, 0x8, 0xff, 0x0, 0x0, 0x0, 0x20, 0x0,
    0xbf, 0xf7, 0x0, 0x0, 0x0, 0x8, 0xff, 0x0,
    0x0, 0x5, 0xfd, 0x4b, 0xff, 0x80, 0x0, 0x0,
    0x0, 0x8, 0xff, 0x0, 0x0, 0x9, 0xff, 0xff,
    0xf9, 0x0, 0x0, 0x0, 0x0, 0x8, 0xff, 0x0,
    0x0, 0x0, 0x3d, 0xff, 0xf4, 0x0, 0x0, 0x0,
    0x0, 0x8, 0xff, 0x0, 0x0, 0x0, 0x0, 0xaf,
    0xff, 0x70, 0x0, 0x0, 0x0, 0x8, 0xff, 0x0,
    0x0, 0x0, 0x0, 0x6, 0xff, 0xe1, 0x0, 0x0,
    0x0, 0x8, 0xff, 0x0, 0x0, 0x0, 0x0, 0x0,
    0x4d, 0x20, 0x0, 0x0, 0x0, 0x0, 0x0, 0x0,
    0x0, 0x0, 0x0, 0x0, 0x0, 0x0, 0x0, 0x0,

    /* U+4F53 "体" */
    0x0, 0x0, 0x2, 0x0, 0x0, 0x0, 0x1, 0x44,
    0x0, 0x0, 0x0, 0x0, 0x0, 0x0, 0xd, 0xf8,
    0x0, 0x0, 0x7, 0xff, 0x10, 0x0, 0x0, 0x0,
    0x0, 0x0, 0x3f, 0xf7, 0x0, 0x0, 0x7, 0xff,
    0x10, 0x0, 0x0, 0x0, 0x0, 0x0, 0xaf, 0xf1,
    0x0, 0x0, 0x7, 0xff, 0x10, 0x0, 0x0, 0x0,
    0x0, 0x1, 0xff, 0xa0, 0x0, 0x0, 0x7, 0xff,
    0x10, 0x0, 0x0, 0x0, 0x0, 0x9, 0xff, 0x3b,
    0xff, 0xff, 0xff, 0xff, 0xff, 0xff, 0xff, 0xd0,
    0x0, 0x2f, 0xff, 0xb, 0xff, 0xff, 0xff, 0xff,
    0xff, 0xff, 0xff, 0xd0, 0x0, 0xbf, 0xff, 0x5,
    0x88, 0x88, 0xef, 0xff, 0xfc, 0x88, 0x88, 0x60,
    0x6, 0xff, 0xff, 0x0, 0x0, 0x1, 0xff, 0xff,
    0xfc, 0x0, 0x0, 0x0, 0x3f, 0xff, 0xff, 0x0,
    0x0, 0x7, 0xff, 0xff, 0xff, 0x30, 0x0, 0x0,
    0x3f, 0xfd, 0xff, 0x0, 0x0, 0xe, 0xfc, 0xff,
    0xaf, 0xa0, 0x0, 0x0, 0xa, 0xb8, 0xff, 0x0,
    0x0, 0x6f, 0xe7, 0xff, 0x4f, 0xf3, 0x0, 0x0,
    0x2, 0x18, 0xff, 0x0, 0x0, 0xef, 0x77, 0xff,
    0x1c, 0xfb, 0x0, 0x0, 0x0, 0x8, 0xff, 0x0,
    0x8, 0xff, 0x17, 0xff, 0x14, 0xff, 0x50, 0x0,
    0x0, 0x8, 0xff, 0x0, 0x3f, 0xf7, 0x7, 0xff,
    0x10, 0xcf, 0xe1, 0x0, 0x0, 0x8, 0xff, 0x1,
    0xdf, 0xe0, 0x7, 0xff, 0x10, 0x3f, 0xfb, 0x0,
    0x0, 0x8, 0xff, 0xb, 0xff, 0x95, 0x5a, 0xff,
    0x65, 0x5c, 0xff, 0x90, 0x0, 0x8, 0xff, 0x8f,
    0xf9, 0xdf, 0xff, 0xff, 0xff, 0xf8, 0xef, 0xf3,
    0x0, 0x8, 0xff, 0xc, 0xc0, 0xcf, 0xff, 0xff,
    0xff, 0xf7, 0x3f, 0x50, 0x0, 0x8, 0xff, 0x1,
    0x10, 0x0, 0x7, 0xff, 0x10, 0x0, 0x2, 0x0,
    0x0, 0x8, 0xff, 0x0, 0x0, 0x0, 0x7, 0xff,
    0x10, 0x0, 0x0, 0x0, 0x0, 0x8, 0xff, 0x0,
    0x0, 0x0, 0x7, 0xff, 0x10, 0x0, 0x0, 0x0,
    0x0, 0x8, 0xff, 0x0, 0x0, 0x0, 0x6, 0xee,
    0x10, 0x0, 0x0, 0x0,

    /* U+4FDD "保" */
    0x0, 0x0, 0x0, 0x10, 0x0, 0x0, 0x0, 0x0,
    0x0, 0x0, 0x0, 0x0, 0x0, 0x0, 0x2, 0xfd,
    0x43, 0x44, 0x44, 0x44, 0x44, 0x44, 0x43, 0x0,
    0x0, 0x0, 0x8, 0xff, 0x2e, 0xff, 0xff, 0xff,
    0xff, 0xff, 0xfe, 0x0, 0x0, 0x0, 0x1f, 0xfb,
    0xe, 0xff, 0xff, 0xff, 0xff, 0xff, 0xfe, 0x0,
    0x0, 0x0, 0x9f, 0xf3, 0xe, 0xf8, 0x0, 0x0,
    0x0, 0xa, 0xfe, 0x0, 0x0, 0x2, 0xff, 0xb0,
    0xe, 0xf8, 0x0, 0x0, 0x0, 0xa, 0xfe, 0x0,
    0x0, 0xc, 0xff, 0x60, 0xe, 0xf8, 0x0, 0x0,
    0x0, 0xa, 0xfe, 0x0, 0x0, 0x7f, 0xff, 0x50,
    0xe, 0xfb, 0x77, 0x77, 0x77, 0x7c, 0xfe, 0x0,
    0x4, 0xff, 0xff, 0x50, 0xe, 0xff, 0xff, 0xff,
    0xff, 0xff, 0xfe, 0x0, 0x3f, 0xff, 0xff, 0x50,
    0xc, 0xdd, 0xdd, 0xff, 0xfd, 0xdd, 0xdc, 0x0,
    0x2f, 0xf8, 0xff, 0x50, 0x0, 0x0, 0x0, 0xef,
    0xa0, 0x0, 0x0, 0x0, 0x8, 0x91, 0xff, 0x50,
    0x0, 0x0, 0x0, 0xef, 0xa0, 0x0, 0x0, 0x0,
    0x0, 0x1, 0xff, 0x56, 0xff, 0xff, 0xff, 0xff,
    0xff, 0xff, 0xff, 0xf0, 0x0, 0x1, 0xff, 0x57,
    0xff, 0xff, 0xff, 0xff, 0xff, 0xff, 0xff, 0xf0,
    0x0, 0x1, 0xff, 0x52, 0x66, 0x66, 0xaf, 0xff,
    0xff, 0x86, 0x66, 0x60, 0x0, 0x1, 0xff, 0x50,
    0x0, 0x1, 0xef, 0xff, 0xff, 0xb0, 0x0, 0x0,
    0x0, 0x1, 0xff, 0x50, 0x0, 0x1d, 0xfe, 0xff,
    0xdf, 0xf9, 0x0, 0x0, 0x0, 0x1, 0xff, 0x50,
    0x1, 0xcf, 0xf4, 0xef, 0xa7, 0xff, 0x80, 0x0,
    0x0, 0x1, 0xff, 0x50, 0x2d, 0xff, 0x70, 0xef,
    0xa0, 0xaf, 0xf9, 0x0, 0x0, 0x1, 0xff, 0x67,
    0xff, 0xf8, 0x0, 0xef, 0xa0, 0xc, 0xff, 0xc2,
    0x0, 0x1, 0xff, 0x6b, 0xff, 0x70, 0x0, 0xef,
    0xa0, 0x1, 0xcf, 0xf4, 0x0, 0x1, 0xff, 0x50,
    0xc4, 0x0, 0x0, 0xef, 0xa0, 0x0, 0xa, 0x60,
    0x0, 0x1, 0xee, 0x50, 0x0, 0x0, 0x0, 0xef,
    0xa0, 0x0, 0x0, 0x0,

    /* U+504F "偏" */
    0x0, 0x0, 0x0, 0x30, 0x0, 0x0, 0x0, 0x35,
    0x0, 0x0, 0x0, 0x0, 0x0, 0x0, 0x1f, 0xf7,
    0x0, 0x0, 0x8f, 0xf2, 0x0, 0x0, 0x0, 0x0,
    0x0, 0x7, 0xff, 0x40, 0x0, 0x1, 0xff, 0xa0,
    0x0, 0x0, 0x0, 0x0, 0x0, 0xef, 0xd5, 0xff,
    0xff, 0xff, 0xff, 0xff, 0xff, 0xf0, 0x0, 0x0,
    0x7f, 0xf6, 0x5f, 0xff, 0xff, 0xff, 0xff, 0xff,
    0xff, 0x0, 0x0, 0x1f, 0xfd, 0x5, 0xff, 0x22,
    0x22, 0x22, 0x22, 0x8f, 0xf0, 0x0, 0xa, 0xff,
    0x50, 0x5f, 0xf0, 0x0, 0x0, 0x0, 0x7, 0xff,
    0x0, 0x5, 0xff, 0xf2, 0x5, 0xff, 0x33, 0x33,
    0x33, 0x33, 0x9f, 0xf0, 0x2, 0xff, 0xff, 0x20,
    0x5f, 0xff, 0xff, 0xff, 0xff, 0xff, 0xff, 0x1,
    0xdf, 0xff, 0xf2, 0x6, 0xff, 0xee, 0xee, 0xee,
    0xee, 0xee, 0xe0, 0x4f, 0xfe, 0xff, 0x20, 0x6f,
    0xf0, 0x0, 0x0, 0x0, 0x0, 0x0, 0x0, 0xbc,
    0x5f, 0xf2, 0x7, 0xff, 0xff, 0xff, 0xff, 0xff,
    0xff, 0xf6, 0x2, 0x14, 0xff, 0x20, 0x8f, 0xff,
    0xff, 0xff, 0xff, 0xff, 0xff, 0x60, 0x0, 0x4f,
    0xf2, 0x9, 0xfe, 0xfd, 0xe, 0xb0, 0xbe, 0x9,
    0xf6, 0x0, 0x4, 0xff, 0x20, 0xaf, 0xcf, 0xd0,
    0xeb, 0xb, 0xe0, 0x9f, 0x60, 0x0, 0x4f, 0xf2,
    0xd, 0xfb, 0xfd, 0xe, 0xb0, 0xbe, 0xa, 0xf6,
    0x0, 0x4, 0xff, 0x20, 0xff, 0x8f, 0xff, 0xff,
    0xff, 0xff, 0xff, 0x60, 0x0, 0x4f, 0xf2, 0x2f,
    0xf6, 0xff, 0xef, 0xfe, 0xff, 0xef, 0xf6, 0x0,
    0x4, 0xff, 0x26, 0xff, 0x2f, 0xd0, 0xeb, 0xb,
    0xe0, 0x9f, 0x60, 0x0, 0x4f, 0xf2, 0xbf, 0xd2,
    0xfd, 0xe, 0xb0, 0xbe, 0x9, 0xf6, 0x0, 0x4,
    0xff, 0x4f, 0xf8, 0x2f, 0xd0, 0xeb, 0xb, 0xe1,
    0xaf, 0x60, 0x0, 0x4f, 0xf6, 0xef, 0x32, 0xfd,
    0xe, 0xb0, 0xbe, 0xcf, 0xf4, 0x0, 0x4, 0xff,
    0x21, 0x80, 0x1f, 0xd0, 0x86, 0x5, 0x66, 0xc8,
    0x0,

    /* U+505C "停" */
    0x0, 0x0, 0x0, 0x0, 0x0, 0x0, 0x0, 0x2,
    0x0, 0x0, 0x0, 0x0, 0x0, 0x0, 0x1, 0xe9,
    0x20, 0x0, 0x4, 0xef, 0x40, 0x0, 0x0, 0x0,
    0x0, 0x0, 0x7, 0xff, 0x53, 0x33, 0x33, 0xff,
    0xc3, 0x33, 0x33, 0x30, 0x0, 0x0, 0xe, 0xfc,
    0xcf, 0xff, 0xff, 0xff, 0xff, 0xff, 0xff, 0xf1,
    0x0, 0x0, 0x6f, 0xf5, 0xcf, 0xff, 0xff, 0xff,
    0xff, 0xff, 0xff, 0xf1, 0x0, 0x1, 0xef, 0xd0,
    0x0, 0x0, 0x0, 0x0, 0x0, 0x0, 0x0, 0x0,
    0x0, 0x9, 0xff, 0x50, 0x4, 0xff, 0xff, 0xff,
    0xff, 0xff, 0xf5, 0x0, 0x0, 0x4f, 0xff, 0x0,
    0x4, 0xfe, 0xbb, 0xbb, 0xbb, 0xcf, 0xf5, 0x0,
    0x1, 0xef, 0xfe, 0x0, 0x4, 0xfc, 0x0, 0x0,
    0x0, 0x2f, 0xf5, 0x0, 0x1d, 0xff, 0xfe, 0x0,
    0x4, 0xff, 0xff, 0xff, 0xff, 0xff, 0xf5, 0x0,
    0xe, 0xff, 0xfe, 0x0, 0x3, 0xbb, 0xbb, 0xbb,
    0xbb, 0xbb, 0xb3, 0x0, 0x6, 0xe8, 0xfe, 0x0,
    0x11, 0x11, 0x11, 0x11, 0x11, 0x11, 0x11, 0x10,
    0x0, 0x36, 0xfe, 0x4, 0xff, 0xff, 0xff, 0xff,
    0xff, 0xff, 0xff, 0xf3, 0x0, 0x6, 0xfe, 0x4,
    0xff, 0xff, 0xff, 0xff, 0xff, 0xff, 0xff, 0xf3,
    0x0, 0x6, 0xfe, 0x4, 0xfe, 0x0, 0x0, 0x0,
    0x0, 0x0, 0x3f, 0xf3, 0x0, 0x6, 0xfe, 0x4,
    0xff, 0xee, 0xee, 0xee, 0xee, 0xee, 0xcf, 0xf3,
    0x0, 0x6, 0xfe, 0x0, 0x25, 0xff, 0xff, 0xff,
    0xff, 0xff, 0xb2, 0x20, 0x0, 0x6, 0xfe, 0x0,
    0x0, 0x22, 0x22, 0xff, 0xb2, 0x22, 0x10, 0x0,
    0x0, 0x6, 0xfe, 0x0, 0x0, 0x0, 0x0, 0xef,
    0xa0, 0x0, 0x0, 0x0, 0x0, 0x6, 0xfe, 0x0,
    0x0, 0x0, 0x0, 0xef, 0xa0, 0x0, 0x0, 0x0,
    0x0, 0x6, 0xfe, 0x0, 0x0, 0x12, 0x22, 0xff,
    0xa0, 0x0, 0x0, 0x0, 0x0, 0x6, 0xfe, 0x0,
    0x0, 0x1f, 0xff, 0xff, 0x80, 0x0, 0x0, 0x0,
    0x0, 0x6, 0xfe, 0x0, 0x0, 0xc, 0xff, 0xeb,
    0x10, 0x0, 0x0, 0x0, 0x0, 0x0, 0x21, 0x0,
    0x0, 0x0, 0x0, 0x0, 0x0, 0x0, 0x0, 0x0,

    /* U+5165 "入" */
    0x0, 0x0, 0x0, 0x0, 0x0, 0x0, 0x0, 0x0,
    0x0, 0x0, 0x0, 0x0, 0x0, 0x0, 0x0, 0x3,
    0xd2, 0x0, 0x0, 0x0, 0x0, 0x0, 0x0, 0x0,
    0x0, 0x0, 0x0, 0xd, 0xff, 0x30, 0x0, 0x0,
    0x0, 0x0, 0x0, 0x0, 0x0, 0x0, 0x0, 0x1b,
    0xff, 0xf3, 0x0, 0x0, 0x0, 0x0, 0x0, 0x0,
    0x0, 0x0, 0x0, 0x0, 0x9f, 0xfe, 0x10, 0x0,
    0x0, 0x0, 0x0, 0x0, 0x0, 0x0, 0x0, 0x0,
    0xa, 0xff, 0xb0, 0x0, 0x0, 0x0, 0x0, 0x0,
    0x0, 0x0, 0x0, 0x0, 0x0, 0xdf, 0xf6, 0x0,
    0x0, 0x0, 0x0, 0x0, 0x0, 0x0, 0x0, 0x0,
    0x0, 0xbf, 0xff, 0x10, 0x0, 0x0, 0x0, 0x0,
    0x0, 0x0, 0x0, 0x0, 0x0, 0xef, 0xff, 0x90,
    0x0, 0x0, 0x0, 0x0, 0x0, 0x0, 0x0, 0x0,
    0x3, 0xff, 0xff, 0xf2, 0x0, 0x0, 0x0, 0x0,
    0x0, 0x0, 0x0, 0x0, 0x9, 0xff, 0xcf, 0xfa,
    0x0, 0x0, 0x0, 0x0, 0x0, 0x0, 0x0, 0x0,
    0xe, 0xff, 0x2d, 0xff, 0x30, 0x0, 0x0, 0x0,
    0x0, 0x0, 0x0, 0x0, 0x6f, 0xfc, 0x4, 0xff,
    0xc0, 0x0, 0x0, 0x0, 0x0, 0x0, 0x0, 0x0,
    0xdf, 0xf5, 0x0, 0xcf, 0xf5, 0x0, 0x0, 0x0,
    0x0, 0x0, 0x0, 0x7, 0xff, 0xd0, 0x0, 0x3f,
    0xfe, 0x10, 0x0, 0x0, 0x0, 0x0, 0x0, 0x2f,
    0xff, 0x40, 0x0, 0xa, 0xff, 0xa0, 0x0, 0x0,
    0x0, 0x0, 0x0, 0xcf, 0xfb, 0x0, 0x0, 0x2,
    0xff, 0xf6, 0x0, 0x0, 0x0, 0x0, 0xb, 0xff,
    0xe1, 0x0, 0x0, 0x0, 0x7f, 0xff, 0x50, 0x0,
    0x0, 0x1, 0xbf, 0xff, 0x40, 0x0, 0x0, 0x0,
    0xc, 0xff, 0xf6, 0x0, 0x0, 0x3d, 0xff, 0xf6,
    0x0, 0x0, 0x0, 0x0, 0x1, 0xef, 0xff, 0xa1,
    0x9, 0xff, 0xff, 0x50, 0x0, 0x0, 0x0, 0x0,
    0x0, 0x2e, 0xff, 0xf1, 0x4, 0xff, 0xe3, 0x0,
    0x0, 0x0, 0x0, 0x0, 0x0, 0x1, 0xcf, 0x90,
    0x0, 0x39, 0x10, 0x0, 0x0, 0x0, 0x0, 0x0,
    0x0, 0x0, 0x8, 0x30,

    /* U+5168 "全" */
    0x0, 0x0, 0x0, 0x0, 0x0, 0x1, 0x10, 0x0,
    0x0, 0x0, 0x0, 0x0, 0x0, 0x0, 0x0, 0x0,
    0x0, 0xc, 0xf8, 0x0, 0x0, 0x0, 0x0, 0x0,
    0x0, 0x0, 0x0, 0x0, 0x0, 0x8f, 0xfd, 0x0,
    0x0, 0x0, 0x0, 0x0, 0x0, 0x0, 0x0, 0x0,
    0x7, 0xff, 0xff, 0xb0, 0x0, 0x0, 0x0, 0x0,
    0x0, 0x0, 0x0, 0x0, 0x8f, 0xfd, 0x9f, 0xfc,
    0x10, 0x0, 0x0, 0x0, 0x0, 0x0, 0x0, 0xa,
    0xff, 0xe1, 0x9, 0xff, 0xd3, 0x0, 0x0, 0x0,
    0x0, 0x0, 0x2, 0xdf, 0xfd, 0x10, 0x0, 0x8f,
    0xff, 0x70, 0x0, 0x0, 0x0, 0x0, 0x8f, 0xff,
    0xb1, 0x0, 0x0, 0x6, 0xff, 0xfc, 0x30, 0x0,
    0x0, 0x5d, 0xff, 0xf8, 0x0, 0x0, 0x0, 0x0,
    0x3d, 0xff, 0xfa, 0x10, 0x1d, 0xff, 0xff, 0xa6,
    0x66, 0x66, 0x66, 0x66, 0x66, 0xef, 0xff, 0xf6,
    0x6, 0xff, 0x9f, 0xff, 0xff, 0xff, 0xff, 0xff,
    0xff, 0xfd, 0xdf, 0xe1, 0x0, 0x61, 0x1e, 0xee,
    0xee, 0xef, 0xff, 0xee, 0xee, 0xe9, 0x6, 0x30,
    0x0, 0x0, 0x0, 0x0, 0x0, 0x2f, 0xf9, 0x0,
    0x0, 0x0, 0x0, 0x0, 0x0, 0x0, 0x0, 0x0,
    0x0, 0x2f, 0xf9, 0x0, 0x0, 0x0, 0x0, 0x0,
    0x0, 0x0, 0x3, 0x44, 0x44, 0x6f, 0xfb, 0x44,
    0x44, 0x42, 0x0, 0x0, 0x0, 0x0, 0xd, 0xff,
    0xff, 0xff, 0xff, 0xff, 0xff, 0xf8, 0x0, 0x0,
    0x0, 0x0, 0xc, 0xff, 0xff, 0xff, 0xff, 0xff,
    0xff, 0xf8, 0x0, 0x0, 0x0, 0x0, 0x0, 0x0,
    0x0, 0x2f, 0xf9, 0x0, 0x0, 0x0, 0x0, 0x0,
    0x0, 0x0, 0x0, 0x0, 0x0, 0x2f, 0xf9, 0x0,
    0x0, 0x0, 0x0, 0x0, 0x0, 0x0, 0x0, 0x0,
    0x0, 0x2f, 0xf9, 0x0, 0x0, 0x0, 0x0, 0x0,
    0x0, 0xef, 0xff, 0xff, 0xff, 0xff, 0xff, 0xff,
    0xff, 0xff, 0xff, 0x80, 0x0, 0xff, 0xff, 0xff,
    0xff, 0xff, 0xff, 0xff, 0xff, 0xff, 0xff, 0x80,
    0x0, 0x55, 0x55, 0x55, 0x55, 0x55, 0x55, 0x55,
    0x55, 0x55, 0x55, 0x20,

    /* U+516C "公" */
    0x0, 0x0, 0x0, 0x86, 0x20, 0x0, 0x2, 0x89,
    0x0, 0x0, 0x0, 0x0, 0x0, 0x0, 0x3f, 0xfe,
    0x0, 0x0, 0xef, 0xf3, 0x0, 0x0, 0x0, 0x0,
    0x0, 0xb, 0xff, 0x70, 0x0, 0x5, 0xff, 0xc0,
    0x0, 0x0, 0x0, 0x0, 0x3, 0xff, 0xf1, 0x0,
    0x0, 0xc, 0xff, 0x70, 0x0, 0x0, 0x0, 0x0,
    0xdf, 0xf7, 0x0, 0x0, 0x0, 0x2f, 0xff, 0x30,
    0x0, 0x0, 0x0, 0x8f, 0xfd, 0x0, 0x0, 0x0,
    0x0, 0x7f, 0xfe, 0x10, 0x0, 0x0, 0x4f, 0xff,
    0x30, 0x0, 0x0, 0x0, 0x0, 0xbf, 0xfd, 0x10,
    0x0, 0x3f, 0xff, 0x80, 0x0, 0x9c, 0x50, 0x0,
    0x1, 0xef, 0xfc, 0x0, 0x3e, 0xff, 0xc0, 0x0,
    0x2f, 0xff, 0x40, 0x0, 0x3, 0xff, 0xfc, 0x8,
    0xff, 0xd1, 0x0, 0xa, 0xff, 0xc0, 0x0, 0x0,
    0x5, 0xff, 0x80, 0x4, 0xd1, 0x0, 0x3, 0xff,
    0xf3, 0x0, 0x0, 0x0, 0x6, 0x80, 0x0, 0x0,
    0x0, 0x0, 0xcf, 0xf9, 0x0, 0x0, 0x0, 0x0,
    0x0, 0x0, 0x0, 0x0, 0x0, 0x6f, 0xfe, 0x0,
    0x0, 0x7, 0x0, 0x0, 0x0, 0x0, 0x0, 0x0,
    0x2f, 0xff, 0x40, 0x0, 0x4f, 0xfa, 0x0, 0x0,
    0x0, 0x0, 0x0, 0xc, 0xff, 0x80, 0x0, 0x0,
    0xdf, 0xf6, 0x0, 0x0, 0x0, 0x0, 0x8, 0xff,
    0xc0, 0x0, 0x0, 0x3, 0xff, 0xf2, 0x0, 0x0,
    0x0, 0x6, 0xff, 0xe1, 0x0, 0x0, 0x0, 0x9,
    0xff, 0xc0, 0x0, 0x0, 0x6, 0xff, 0xfb, 0x9a,
    0xbc, 0xde, 0xff, 0xff, 0xff, 0x70, 0x0, 0x1,
    0xff, 0xff, 0xff, 0xff, 0xff, 0xff, 0xff, 0xff,
    0xff, 0x20, 0x0, 0xb, 0xff, 0xff, 0xff, 0xed,
    0xca, 0x98, 0x75, 0xaf, 0xfb, 0x0, 0x0, 0x58,
    0x64, 0x31, 0x0, 0x0, 0x0, 0x0, 0x1, 0xef,
    0xf2, 0x0, 0x0, 0x0, 0x0, 0x0, 0x0, 0x0,
    0x0, 0x0, 0x7, 0xa2, 0x0, 0x0, 0x0, 0x0,
    0x0, 0x0, 0x0, 0x0, 0x0, 0x0, 0x0, 0x0,
    0x0,

    /* U+5185 "内" */
    0x0, 0x0, 0x0, 0x0, 0x48, 0x80, 0x0, 0x0,
    0x0, 0x0, 0x0, 0x0, 0x0, 0x0, 0x9f, 0xf1,
    0x0, 0x0, 0x0, 0x0, 0x0, 0x0, 0x0, 0x0,
    0x9f, 0xf1, 0x0, 0x0, 0x0, 0x0, 0x0, 0x0,
    0x0, 0x0, 0x9f, 0xf1, 0x0, 0x0, 0x0, 0x0,
    0x67, 0x77, 0x77, 0x77, 0xcf, 0xf8, 0x77, 0x77,
    0x78, 0x74, 0xef, 0xff, 0xff, 0xff, 0xff, 0xff,
    0xff, 0xff, 0xff, 0xfa, 0xef, 0xff, 0xff, 0xff,
    0xff, 0xff, 0xff, 0xff, 0xff, 0xfa, 0xef, 0xa0,
    0x0, 0x0, 0xaf, 0xf1, 0x0, 0x0, 0xe, 0xfa,
    0xef, 0xa0, 0x0, 0x0, 0xbf, 0xe0, 0x0, 0x0,
    0xe, 0xfa, 0xef, 0xa0, 0x0, 0x0, 0xef, 0xc0,
    0x0, 0x0, 0xe, 0xfa, 0xef, 0xa0, 0x0, 0x2,
    0xff, 0xf5, 0x0, 0x0, 0xe, 0xfa, 0xef, 0xa0,
    0x0, 0x8, 0xff, 0xff, 0x60, 0x0, 0xe, 0xfa,
    0xef, 0xa0, 0x0, 0x1f, 0xfd, 0xef, 0xf7, 0x0,
    0xe, 0xfa, 0xef, 0xa0, 0x0, 0xbf, 0xf5, 0x2e,
    0xff, 0x80, 0xe, 0xfa, 0xef, 0xa0, 0xa, 0xff,
    0xb0, 0x2, 0xef, 0xf7, 0xe, 0xfa, 0xef, 0xa2,
    0xcf, 0xfd, 0x10, 0x0, 0x3f, 0xff, 0x6e, 0xfa,
    0xef, 0xbd, 0xff, 0xd1, 0x0, 0x0, 0x4, 0xff,
    0x6e, 0xfa, 0xef, 0xa2, 0xea, 0x0, 0x0, 0x0,
    0x0, 0x63, 0xe, 0xfa, 0xef, 0xa0, 0x10, 0x0,
    0x0, 0x0, 0x0, 0x0, 0xe, 0xfa, 0xef, 0xa0,
    0x0, 0x0, 0x0, 0x0, 0x0, 0x0, 0xe, 0xfa,
    0xef, 0xa0, 0x0, 0x0, 0x0, 0x0, 0x9, 0x98,
    0x9f, 0xf9, 0xef, 0xa0, 0x0, 0x0, 0x0, 0x0,
    0xa, 0xff, 0xff, 0xf5, 0xef, 0xa0, 0x0, 0x0,
    0x0, 0x0, 0x5, 0xfe, 0xec, 0x60,

    /* U+51B2 "冲" */
    0x0, 0x0, 0x0, 0x0, 0x0, 0x0, 0x0, 0x44,
    0x20, 0x0, 0x0, 0x0, 0x0, 0x0, 0x0, 0x0,
    0x0, 0x0, 0x1f, 0xf8, 0x0, 0x0, 0x0, 0x0,
    0x65, 0x0, 0x0, 0x0, 0x0, 0x1, 0xff, 0x80,
    0x0, 0x0, 0x0, 0x7f, 0xf9, 0x0, 0x0, 0x0,
    0x0, 0x1f, 0xf8, 0x0, 0x0, 0x0, 0x5, 0xff,
    0xfb, 0x0, 0x0, 0x0, 0x1, 0xff, 0x80, 0x0,
    0x0, 0x0, 0x3, 0xef, 0xfb, 0x1f, 0xff, 0xff,
    0xff, 0xff, 0xff, 0xff, 0xf7, 0x0, 0x2, 0xef,
    0x71, 0xff, 0xff, 0xff, 0xff, 0xff, 0xff, 0xff,
    0x70, 0x0, 0x3, 0x70, 0x1f, 0xfc, 0x99, 0xaf,
    0xfd, 0x99, 0xaf, 0xf7, 0x0, 0x0, 0x0, 0x1,
    0xff, 0x70, 0x1, 0xff, 0x80, 0x2, 0xff, 0x70,
    0x0, 0x0, 0x0, 0x1f, 0xf7, 0x0, 0x1f, 0xf8,
    0x0, 0x2f, 0xf7, 0x0, 0x0, 0x0, 0x1, 0xff,
    0x70, 0x1, 0xff, 0x80, 0x2, 0xff, 0x70, 0x0,
    0x2, 0x40, 0x1f, 0xf7, 0x0, 0x1f, 0xf8, 0x0,
    0x2f, 0xf7, 0x0, 0x0, 0x9f, 0x81, 0xff, 0xc9,
    0x99, 0xff, 0xc9, 0x9a, 0xff, 0x70, 0x0, 0x2f,
    0xfb, 0x1f, 0xff, 0xff, 0xff, 0xff, 0xff, 0xff,
    0xf7, 0x0, 0xa, 0xff, 0x41, 0xff, 0xff, 0xff,
    0xff, 0xff, 0xff, 0xff, 0x70, 0x3, 0xff, 0xc0,
    0x1f, 0xf7, 0x0, 0x2f, 0xf8, 0x0, 0x3f, 0xf7,
    0x0, 0xcf, 0xf4, 0x0, 0x44, 0x10, 0x1, 0xff,
    0x80, 0x0, 0x22, 0x0, 0x6f, 0xfb, 0x0, 0x0,
    0x0, 0x0, 0x1f, 0xf8, 0x0, 0x0, 0x0, 0x1e,
    0xff, 0x30, 0x0, 0x0, 0x0, 0x1, 0xff, 0x80,
    0x0, 0x0, 0x1, 0xaf, 0xa0, 0x0, 0x0, 0x0,
    0x0, 0x1f, 0xf8, 0x0, 0x0, 0x0, 0x0, 0x52,
    0x0, 0x0, 0x0, 0x0, 0x1, 0xff, 0x80, 0x0,
    0x0, 0x0, 0x0, 0x0, 0x0, 0x0, 0x0, 0x0,
    0x1f, 0xf8, 0x0, 0x0, 0x0, 0x0, 0x0, 0x0,
    0x0, 0x0, 0x0, 0x1, 0xff, 0x80, 0x0, 0x0,
    0x0,

    /* U+51FA "出" */
    0x0, 0x0, 0x0, 0x0, 0x23, 0x30, 0x0, 0x0,
    0x0, 0x0, 0x0, 0x0, 0x0, 0x0, 0xbf, 0xf2,
    0x0, 0x0, 0x0, 0x0, 0x1, 0x22, 0x0, 0x0,
    0xbf, 0xf2, 0x0, 0x0, 0x33, 0x20, 0x9, 0xff,
    0x10, 0x0, 0xbf, 0xf2, 0x0, 0x1, 0xff, 0xc0,
    0x9, 0xff, 0x10, 0x0, 0xbf, 0xf2, 0x0, 0x1,
    0xff, 0xc0, 0x9, 0xff, 0x10, 0x0, 0xbf, 0xf2,
    0x0, 0x1, 0xff, 0xc0, 0x9, 0xff, 0x10, 0x0,
    0xbf, 0xf2, 0x0, 0x1, 0xff, 0xc0, 0x9, 0xff,
    0x10, 0x0, 0xbf, 0xf2, 0x0, 0x1, 0xff, 0xc0,
    0x9, 0xff, 0x10, 0x0, 0xcf, 0xf3, 0x0, 0x1,
    0xff, 0xc0, 0x9, 0xff, 0xff, 0xff, 0xff, 0xff,
    0xff, 0xff, 0xff, 0xc0, 0x9, 0xff, 0xff, 0xff,
    0xff, 0xff, 0xff, 0xff, 0xff, 0xc0, 0x4, 0x77,
    0x77, 0x77, 0xdf, 0xf8, 0x77, 0x77, 0x77, 0x50,
    0x56, 0x60, 0x0, 0x0, 0xbf, 0xf2, 0x0, 0x0,
    0x6, 0x64, 0xdf, 0xf0, 0x0, 0x0, 0xbf, 0xf2,
    0x0, 0x0, 0x2f, 0xfc, 0xdf, 0xf0, 0x0, 0x0,
    0xbf, 0xf2, 0x0, 0x0, 0x2f, 0xfc, 0xdf, 0xf0,
    0x0, 0x0, 0xbf, 0xf2, 0x0, 0x0, 0x2f, 0xfc,
    0xdf, 0xf0, 0x0, 0x0, 0xbf, 0xf2, 0x0, 0x0,
    0x2f, 0xfc, 0xdf, 0xf0, 0x0, 0x0, 0xbf, 0xf2,
    0x0, 0x0, 0x2f, 0xfc, 0xdf, 0xf0, 0x0, 0x0,
    0xbf, 0xf2, 0x0, 0x0, 0x2f, 0xfc, 0xdf, 0xff,
    0xff, 0xff, 0xff, 0xff, 0xff, 0xff, 0xff, 0xfc,
    0xdf, 0xff, 0xff, 0xff, 0xff, 0xff, 0xff, 0xff,
    0xff, 0xfc, 0x8a, 0xaa, 0xaa, 0xaa, 0xaa, 0xaa,
    0xaa, 0xaa, 0xbf, 0xfc, 0x0, 0x0, 0x0, 0x0,
    0x0, 0x0, 0x0, 0x0, 0x2f, 0xfc,

    /* U+51FB "击" */
    0x0, 0x0, 0x0, 0x0, 0x0, 0x66, 0x30, 0x0,
    0x0, 0x0, 0x0, 0x0, 0x0, 0x0, 0x0, 0x1,
    0xff, 0xa0, 0x0, 0x0, 0x0, 0x0, 0x0, 0x0,
    0x0, 0x0, 0x1, 0xff, 0xa0, 0x0, 0x0, 0x0,
    0x0, 0x0, 0x0, 0x0, 0x0, 0x1, 0xff, 0xa0,
    0x0, 0x0, 0x0, 0x0, 0x0, 0xbf, 0xff, 0xff,
    0xff, 0xff, 0xff, 0xff, 0xff, 0xff, 0x40, 0x0,
    0xcf, 0xff, 0xff, 0xff, 0xff, 0xff, 0xff, 0xff,
    0xff, 0x50, 0x0, 0x79, 0x99, 0x99, 0x9a, 0xff,
    0xe9, 0x99, 0x99, 0x99, 0x30, 0x0, 0x0, 0x0,
    0x0, 0x1, 0xff, 0xa0, 0x0, 0x0, 0x0, 0x0,
    0x0, 0x0, 0x0, 0x0, 0x1, 0xff, 0xa0, 0x0,
    0x0, 0x0, 0x0, 0x1, 0x11, 0x11, 0x11, 0x12,
    0xff, 0xb1, 0x11, 0x11, 0x11, 0x10, 0x8f, 0xff,
    0xff, 0xff, 0xff, 0xff, 0xff, 0xff, 0xff, 0xff,
    0xfe, 0x8f, 0xff, 0xff, 0xff, 0xff, 0xff, 0xff,
    0xff, 0xff, 0xff, 0xfe, 0x48, 0x88, 0x88, 0x88,
    0x89, 0xff, 0xd8, 0x88, 0x88, 0x88, 0x87, 0x0,
    0x12, 0x20, 0x0, 0x1, 0xff, 0xa0, 0x0, 0x2,
    0x22, 0x0, 0x0, 0xbf, 0xf0, 0x0, 0x1, 0xff,
    0xa0, 0x0, 0xe, 0xfb, 0x0, 0x0, 0xbf, 0xf0,
    0x0, 0x1, 0xff, 0xa0, 0x0, 0xe, 0xfb, 0x0,
    0x0, 0xbf, 0xf0, 0x0, 0x1, 0xff, 0xa0, 0x0,
    0xe, 0xfb, 0x0, 0x0, 0xbf, 0xf0, 0x0, 0x1,
    0xff, 0xa0, 0x0, 0xe, 0xfb, 0x0, 0x0, 0xbf,
    0xf0, 0x0, 0x1, 0xff, 0xa0, 0x0, 0xe, 0xfb,
    0x0, 0x0, 0xbf, 0xf9, 0x99, 0x9a, 0xff, 0xe9,
    0x99, 0x9f, 0xfb, 0x0, 0x0, 0xbf, 0xff, 0xff,
    0xff, 0xff, 0xff, 0xff, 0xff, 0xfb, 0x0, 0x0,
    0xae, 0xee, 0xee, 0xee, 0xee, 0xee, 0xee, 0xef,
    0xfb, 0x0, 0x0, 0x0, 0x0, 0x0, 0x0, 0x0,
    0x0, 0x0, 0xe, 0xfb, 0x0,

    /* U+5206 "分" */
    0x0, 0x0, 0x0, 0x0, 0x0, 0x0, 0x0, 0x0,
    0x0, 0x0, 0x0, 0x0, 0x0, 0x0, 0x0, 0x9,
    0xc8, 0x10, 0x0, 0x4b, 0xd0, 0x0, 0x0, 0x0,
    0x0, 0x0, 0x0, 0x1f, 0xff, 0x10, 0x0, 0x8f,
    0xf6, 0x0, 0x0, 0x0, 0x0, 0x0, 0x0, 0x9f,
    0xf9, 0x0, 0x0, 0x1e, 0xfe, 0x10, 0x0, 0x0,
    0x0, 0x0, 0x2, 0xff, 0xf1, 0x0, 0x0, 0x6,
    0xff, 0xa0, 0x0, 0x0, 0x0, 0x0, 0xc, 0xff,
    0x80, 0x0, 0x0, 0x0, 0xcf, 0xf7, 0x0, 0x0,
    0x0, 0x0, 0x8f, 0xfd, 0x0, 0x0, 0x0, 0x0,
    0x2f, 0xff, 0x40, 0x0, 0x0, 0x5, 0xff, 0xf3,
    0x0, 0x0, 0x0, 0x0, 0x6, 0xff, 0xf3, 0x0,
    0x0, 0x5f, 0xff, 0x70, 0x0, 0x0, 0x0, 0x0,
    0x0, 0xbf, 0xff, 0x30, 0x7, 0xff, 0xff, 0x88,
    0x88, 0x88, 0x88, 0x88, 0x88, 0x9f, 0xff, 0xf2,
    0x7, 0xff, 0xef, 0xff, 0xff, 0xff, 0xff, 0xff,
    0xff, 0xfd, 0xef, 0x60, 0x0, 0x5b, 0x4f, 0xff,
    0xff, 0xff, 0xff, 0xff, 0xff, 0xfb, 0x27, 0x0,
    0x0, 0x0, 0x0, 0x0, 0x5f, 0xf7, 0x0, 0x0,
    0x1f, 0xfa, 0x0, 0x0, 0x0, 0x0, 0x0, 0x0,
    0x7f, 0xf4, 0x0, 0x0, 0x1f, 0xf9, 0x0, 0x0,
    0x0, 0x0, 0x0, 0x0, 0xbf, 0xf1, 0x0, 0x0,
    0x2f, 0xf8, 0x0, 0x0, 0x0, 0x0, 0x0, 0x1,
    0xff, 0xc0, 0x0, 0x0, 0x2f, 0xf7, 0x0, 0x0,
    0x0, 0x0, 0x0, 0x8, 0xff, 0x70, 0x0, 0x0,
    0x4f, 0xf6, 0x0, 0x0, 0x0, 0x0, 0x0, 0x2f,
    0xff, 0x10, 0x0, 0x0, 0x5f, 0xf5, 0x0, 0x0,
    0x0, 0x0, 0x2, 0xef, 0xf7, 0x0, 0x0, 0x0,
    0x7f, 0xf3, 0x0, 0x0, 0x0, 0x0, 0x5e, 0xff,
    0xb0, 0x0, 0x0, 0x0, 0xbf, 0xf1, 0x0, 0x0,
    0x0, 0x4b, 0xff, 0xfc, 0x0, 0x1, 0x98, 0x89,
    0xff, 0xe0, 0x0, 0x0, 0x2, 0xef, 0xff, 0x90,
    0x0, 0x0, 0xcf, 0xff, 0xff, 0x80, 0x0, 0x0,
    0x0, 0x5f, 0xc3, 0x0, 0x0, 0x0, 0x8f, 0xff,
    0xe8, 0x0, 0x0, 0x0, 0x0, 0x2, 0x0, 0x0,
    0x0, 0x0, 0x0, 0x0, 0x0, 0x0, 0x0, 0x0,

    /* U+5230 "到" */
    0x0, 0x0, 0x0, 0x0, 0x0, 0x0, 0x0, 0x0,
    0x0, 0x1e, 0xe6, 0x4c, 0xcc, 0xcc, 0xcc, 0xcc,
    0xcc, 0xc1, 0x0, 0x0, 0x1f, 0xf7, 0x6f, 0xff,
    0xff, 0xff, 0xff, 0xff, 0xf1, 0xef, 0x70, 0x1f,
    0xf7, 0x27, 0x7a, 0xff, 0xb7, 0x79, 0x77, 0x70,
    0xef, 0x70, 0x1f, 0xf7, 0x0, 0xb, 0xfe, 0x11,
    0xcf, 0x40, 0x0, 0xef, 0x70, 0x1f, 0xf7, 0x0,
    0x4f, 0xf6, 0x0, 0xbf, 0xe1, 0x0, 0xef, 0x70,
    0x1f, 0xf7, 0x1, 0xef, 0xb0, 0x12, 0x5f, 0xfb,
    0x0, 0xef, 0x70, 0x1f, 0xf7, 0xc, 0xff, 0xff,
    0xff, 0xff, 0xff, 0x60, 0xef, 0x70, 0x1f, 0xf7,
    0x8, 0xff, 0xff, 0xff, 0xfd, 0xef, 0xd0, 0xef,
    0x70, 0x1f, 0xf7, 0x3, 0x86, 0x44, 0x32, 0x0,
    0x3b, 0x20, 0xef, 0x70, 0x1f, 0xf7, 0x0, 0x0,
    0x6, 0xff, 0x0, 0x0, 0x0, 0xef, 0x70, 0x1f,
    0xf7, 0x0, 0x0, 0x6, 0xff, 0x0, 0x0, 0x0,
    0xef, 0x70, 0x1f, 0xf7, 0xb, 0xdd, 0xde, 0xff,
    0xdd, 0xdd, 0x60, 0xef, 0x70, 0x1f, 0xf7, 0xe,
    0xff, 0xff, 0xff, 0xff, 0xff, 0x80, 0xef, 0x70,
    0x1f, 0xf7, 0x6, 0x77, 0x7a, 0xff, 0x77, 0x77,
    0x30, 0xef, 0x70, 0x1f, 0xf7, 0x0, 0x0, 0x6,
    0xff, 0x0, 0x0, 0x0, 0xef, 0x70, 0x1f, 0xf7,
    0x0, 0x0, 0x6, 0xff, 0x0, 0x0, 0x20, 0x78,
    0x30, 0x1f, 0xf7, 0x0, 0x0, 0x6, 0xff, 0x8a,
    0xdf, 0xe0, 0x0, 0x0, 0x1f, 0xf7, 0x14, 0x7a,
    0xcf, 0xff, 0xff, 0xff, 0xf0, 0x0, 0x0, 0x1f,
    0xf7, 0x8f, 0xff, 0xff, 0xff, 0xfc, 0x96, 0x30,
    0x5, 0x77, 0x8f, 0xf6, 0x4f, 0xfd, 0xb8, 0x52,
    0x0, 0x0, 0x0, 0x6, 0xff, 0xff, 0xf3, 0x3,
    0x0, 0x0, 0x0, 0x0, 0x0, 0x0, 0x1, 0xff,
    0xeb, 0x50,

    /* U+52A8 "动" */
    0x0, 0x0, 0x0, 0x0, 0x0, 0x0, 0x0, 0xee,
    0x70, 0x0, 0x0, 0x5, 0x55, 0x55, 0x55, 0x55,
    0x10, 0x0, 0xff, 0x70, 0x0, 0x0, 0x1f, 0xff,
    0xff, 0xff, 0xff, 0x50, 0x1, 0xff, 0x70, 0x0,
    0x0, 0x1f, 0xff, 0xff, 0xff, 0xff, 0x40, 0x1,
    0xff, 0x70, 0x0, 0x0, 0x0, 0x0, 0x0, 0x0,
    0x0, 0x0, 0x1, 0xff, 0x70, 0x0, 0x0, 0x0,
    0x0, 0x0, 0x0, 0x0, 0xf, 0xff, 0xff, 0xff,
    0xff, 0xfb, 0x0, 0x0, 0x0, 0x0, 0x0, 0xf,
    0xff, 0xff, 0xff, 0xff, 0xfa, 0xef, 0xff, 0xff,
    0xff, 0xff, 0xa4, 0x57, 0xff, 0x85, 0x5e, 0xfa,
    0xef, 0xff, 0xff, 0xff, 0xff, 0xb0, 0x3, 0xff,
    0x40, 0xe, 0xfa, 0x56, 0x6f, 0xfd, 0x66, 0x66,
    0x40, 0x4, 0xff, 0x30, 0xe, 0xf9, 0x0, 0x1f,
    0xf8, 0x0, 0x0, 0x0, 0x6, 0xff, 0x20, 0xf,
    0xf9, 0x0, 0x5f, 0xf3, 0x6, 0xb4, 0x0, 0x8,
    0xff, 0x0, 0xf, 0xf8, 0x0, 0xaf, 0xe0, 0xa,
    0xfa, 0x0, 0xa, 0xfd, 0x0, 0xf, 0xf7, 0x0,
    0xef, 0x90, 0x4, 0xff, 0x10, 0xe, 0xfb, 0x0,
    0x1f, 0xf7, 0x4, 0xff, 0x30, 0x0, 0xef, 0x60,
    0x1f, 0xf7, 0x0, 0x2f, 0xf6, 0xa, 0xfc, 0x15,
    0x9d, 0xff, 0xc0, 0x6f, 0xf3, 0x0, 0x3f, 0xf5,
    0x4f, 0xff, 0xff, 0xff, 0xff, 0xf1, 0xcf, 0xe0,
    0x0, 0x4f, 0xf4, 0x8f, 0xff, 0xff, 0xd9, 0x5f,
    0xf9, 0xff, 0x90, 0x0, 0x6f, 0xf2, 0x2f, 0xfa,
    0x61, 0x0, 0x5, 0x2d, 0xff, 0x20, 0x0, 0xaf,
    0xf0, 0x5, 0x0, 0x0, 0x0, 0x0, 0x9f, 0xfa,
    0x37, 0x78, 0xff, 0xd0, 0x0, 0x0, 0x0, 0x0,
    0x1, 0xef, 0xe1, 0x2f, 0xff, 0xff, 0x70, 0x0,
    0x0, 0x0, 0x0, 0x0, 0x2e, 0x40, 0xe, 0xff,
    0xe8, 0x0, 0x0, 0x0, 0x0, 0x0, 0x0, 0x1,
    0x0, 0x0, 0x0, 0x0, 0x0,

    /* U+533A "区" */
    0x33, 0x33, 0x33, 0x33, 0x33, 0x33, 0x33, 0x33,
    0x33, 0x33, 0xe, 0xff, 0xff, 0xff, 0xff, 0xff,
    0xff, 0xff, 0xff, 0xff, 0xf4, 0xef, 0xff, 0xff,
    0xff, 0xff, 0xff, 0xff, 0xff, 0xff, 0xff, 0x4e,
    0xfb, 0x44, 0x44, 0x44, 0x44, 0x44, 0x44, 0x44,
    0x44, 0x41, 0xef, 0x90, 0x0, 0x0, 0x0, 0x0,
    0x0, 0xb, 0x60, 0x0, 0xe, 0xf9, 0x0, 0x9b,
    0x10, 0x0, 0x0, 0x8, 0xff, 0x70, 0x0, 0xef,
    0x90, 0x7f, 0xfe, 0x30, 0x0, 0x4, 0xff, 0xd0,
    0x0, 0xe, 0xf9, 0x0, 0x7f, 0xff, 0x50, 0x1,
    0xef, 0xf2, 0x0, 0x0, 0xef, 0x90, 0x0, 0x4f,
    0xff, 0x80, 0xcf, 0xf6, 0x0, 0x0, 0xe, 0xf9,
    0x0, 0x0, 0x2e, 0xff, 0xef, 0xf9, 0x0, 0x0,
    0x0, 0xef, 0x90, 0x0, 0x0, 0x1c, 0xff, 0xfb,
    0x0, 0x0, 0x0, 0xe, 0xf9, 0x0, 0x0, 0x0,
    0xbf, 0xff, 0xe2, 0x0, 0x0, 0x0, 0xef, 0x90,
    0x0, 0x2, 0xdf, 0xfe, 0xff, 0xf4, 0x0, 0x0,
    0xe, 0xf9, 0x0, 0x5, 0xef, 0xfb, 0x9, 0xff,
    0xf4, 0x0, 0x0, 0xef, 0x90, 0x19, 0xff, 0xf9,
    0x0, 0x8, 0xff, 0xf5, 0x0, 0xe, 0xf9, 0x4e,
    0xff, 0xf6, 0x0, 0x0, 0x8, 0xff, 0xf3, 0x0,
    0xef, 0x90, 0xcf, 0xd3, 0x0, 0x0, 0x0, 0x8,
    0xfb, 0x0, 0xe, 0xf9, 0x0, 0x70, 0x0, 0x0,
    0x0, 0x0, 0x6, 0x0, 0x0, 0xef, 0xa1, 0x11,
    0x11, 0x11, 0x11, 0x11, 0x11, 0x11, 0x11, 0x1e,
    0xff, 0xff, 0xff, 0xff, 0xff, 0xff, 0xff, 0xff,
    0xff, 0xff, 0xef, 0xff, 0xff, 0xff, 0xff, 0xff,
    0xff, 0xff, 0xff, 0xff, 0xf5, 0x66, 0x66, 0x66,
    0x66, 0x66, 0x66, 0x66, 0x66, 0x66, 0x65,

    /* U+5360 "占" */
    0x0, 0x0, 0x0, 0x3, 0x44, 0x0, 0x0, 0x0,
    0x0, 0x0, 0x0, 0x0, 0x0, 0xa, 0xff, 0x0,
    0x0, 0x0, 0x0, 0x0, 0x0, 0x0, 0x0, 0xa,
    0xff, 0x0, 0x0, 0x0, 0x0, 0x0, 0x0, 0x0,
    0x0, 0xa, 0xff, 0x0, 0x0, 0x0, 0x0, 0x0,
    0x0, 0x0, 0x0, 0xa, 0xff, 0x32, 0x22, 0x22,
    0x22, 0x21, 0x0, 0x0, 0x0, 0xa, 0xff, 0xff,
    0xff, 0xff, 0xff, 0xf6, 0x0, 0x0, 0x0, 0xa,
    0xff, 0xff, 0xff, 0xff, 0xff, 0xf6, 0x0, 0x0,
    0x0, 0xa, 0xff, 0x44, 0x44, 0x44, 0x44, 0x41,
    0x0, 0x0, 0x0, 0xa, 0xff, 0x0, 0x0, 0x0,
    0x0, 0x0, 0x0, 0x0, 0x0, 0xa, 0xff, 0x0,
    0x0, 0x0, 0x0, 0x0, 0x0, 0x0, 0x0, 0xa,
    0xff, 0x0, 0x0, 0x0, 0x0, 0x0, 0x23, 0x33,
    0x33, 0x3b, 0xff, 0x43, 0x33, 0x33, 0x32, 0x0,
    0x9f, 0xff, 0xff, 0xff, 0xff, 0xff, 0xff, 0xff,
    0xfa, 0x0, 0x9f, 0xff, 0xff, 0xff, 0xff, 0xff,
    0xff, 0xff, 0xfa, 0x0, 0x9f, 0xe3, 0x33, 0x33,
    0x33, 0x33, 0x33, 0x3f, 0xfa, 0x0, 0x9f, 0xe0,
    0x0, 0x0, 0x0, 0x0, 0x0, 0xf, 0xfa, 0x0,
    0x9f, 0xe0, 0x0, 0x0, 0x0, 0x0, 0x0, 0xf,
    0xfa, 0x0, 0x9f, 0xe0, 0x0, 0x0, 0x0, 0x0,
    0x0, 0xf, 0xfa, 0x0, 0x9f, 0xe0, 0x0, 0x0,
    0x0, 0x0, 0x0, 0xf, 0xfa, 0x0, 0x9f, 0xf8,
    0x88, 0x88, 0x88, 0x88, 0x88, 0x8f, 0xfa, 0x0,
    0x9f, 0xff, 0xff, 0xff, 0xff, 0xff, 0xff, 0xff,
    0xfa, 0x0, 0x9f, 0xff, 0xff, 0xff, 0xff, 0xff,
    0xff, 0xff, 0xfa, 0x0, 0x9f, 0xe0, 0x0, 0x0,
    0x0, 0x0, 0x0, 0xf, 0xfa, 0x0, 0x12, 0x10,
    0x0, 0x0, 0x0, 0x0, 0x0, 0x0, 0x0, 0x0,

    /* U+5373 "即" */
    0x1, 0x33, 0x22, 0x22, 0x22, 0x20, 0x0, 0x0,
    0x0, 0x0, 0x0, 0xb, 0xff, 0xff, 0xff, 0xff,
    0xf7, 0x1f, 0xff, 0xff, 0xff, 0xf3, 0xb, 0xff,
    0xff, 0xff, 0xff, 0xf7, 0x1f, 0xff, 0xff, 0xff,
    0xf3, 0xb, 0xff, 0x33, 0x33, 0x5f, 0xf7, 0x1f,
    0xfb, 0x66, 0x9f, 0xf3, 0xb, 0xfe, 0x0, 0x0,
    0x2f, 0xf7, 0x1f, 0xf8, 0x0, 0x5f, 0xf3, 0xb,
    0xff, 0x55, 0x55, 0x7f, 0xf7, 0x1f, 0xf8, 0x0,
    0x5f, 0xf3, 0xb, 0xff, 0xff, 0xff, 0xff, 0xf7,
    0x1f, 0xf8, 0x0, 0x5f, 0xf3, 0xb, 0xff, 0xff,
    0xff, 0xff, 0xf7, 0x1f, 0xf8, 0x0, 0x5f, 0xf3,
    0xb, 0xfe, 0x0, 0x0, 0x2f, 0xf7, 0x1f, 0xf8,
    0x0, 0x5f, 0xf3, 0xb, 0xfe, 0x0, 0x0, 0x2f,
    0xf7, 0x1f, 0xf8, 0x0, 0x5f, 0xf3, 0xb, 0xff,
    0x66, 0x66, 0x8f, 0xf7, 0x1f, 0xf8, 0x0, 0x5f,
    0xf3, 0xb, 0xff, 0xff, 0xff, 0xff, 0xf7, 0x1f,
    0xf8, 0x0, 0x5f, 0xf3, 0xb, 0xff, 0xee, 0xee,
    0xee, 0xe6, 0x1f, 0xf8, 0x0, 0x5f, 0xf3, 0xb,
    0xfe, 0x0, 0x0, 0x20, 0x0, 0x1f, 0xf8, 0x0,
    0x5f, 0xf3, 0xb, 0xfe, 0x0, 0x2c, 0xf4, 0x0,
    0x1f, 0xf8, 0x0, 0x5f, 0xf3, 0xb, 0xfe, 0x0,
    0x1e, 0xfd, 0x0, 0x1f, 0xf8, 0x68, 0xbf, 0xf2,
    0xb, 0xfe, 0x0, 0x8, 0xff, 0x70, 0x1f, 0xf8,
    0x6f, 0xff, 0xf0, 0xb, 0xff, 0x49, 0xef, 0xff,
    0xe1, 0x1f, 0xf8, 0x3d, 0xda, 0x30, 0x4f, 0xff,
    0xff, 0xff, 0xff, 0xf8, 0x1f, 0xf8, 0x0, 0x0,
    0x0, 0x7f, 0xff, 0xfe, 0x94, 0xe, 0xfd, 0x1f,
    0xf8, 0x0, 0x0, 0x0, 0x1f, 0xe9, 0x30, 0x0,
    0x7, 0x81, 0x1f, 0xf8, 0x0, 0x0, 0x0, 0x5,
    0x0, 0x0, 0x0, 0x0, 0x0, 0x1f, 0xf8, 0x0,
    0x0, 0x0,

    /* U+53EF "可" */
    0x8b, 0xbb, 0xbb, 0xbb, 0xbb, 0xbb, 0xbb, 0xbb,
    0xbb, 0xbb, 0xb9, 0xcf, 0xff, 0xff, 0xff, 0xff,
    0xff, 0xff, 0xff, 0xff, 0xff, 0xfd, 0xbe, 0xee,
    0xee, 0xee, 0xee, 0xee, 0xee, 0xee, 0xff, 0xfe,
    0xec, 0x0, 0x0, 0x0, 0x0, 0x0, 0x0, 0x0,
    0x0, 0xaf, 0xf0, 0x0, 0x0, 0x0, 0x0, 0x0,
    0x0, 0x0, 0x0, 0x0, 0xaf, 0xf0, 0x0, 0x0,
    0x13, 0x42, 0x22, 0x22, 0x22, 0x10, 0x0, 0xaf,
    0xf0, 0x0, 0x0, 0x8f, 0xff, 0xff, 0xff, 0xff,
    0xa0, 0x0, 0xaf, 0xf0, 0x0, 0x0, 0x8f, 0xff,
    0xff, 0xff, 0xff, 0xa0, 0x0, 0xaf, 0xf0, 0x0,
    0x0, 0x8f, 0xf4, 0x44, 0x44, 0xff, 0xa0, 0x0,
    0xaf, 0xf0, 0x0, 0x0, 0x8f, 0xf0, 0x0, 0x0,
    0xff, 0xa0, 0x0, 0xaf, 0xf0, 0x0, 0x0, 0x8f,
    0xf0, 0x0, 0x0, 0xff, 0xa0, 0x0, 0xaf, 0xf0,
    0x0, 0x0, 0x8f, 0xf0, 0x0, 0x0, 0xff, 0xa0,
    0x0, 0xaf, 0xf0, 0x0, 0x0, 0x8f, 0xf6, 0x66,
    0x66, 0xff, 0xa0, 0x0, 0xaf, 0xf0, 0x0, 0x0,
    0x8f, 0xff, 0xff, 0xff, 0xff, 0xa0, 0x0, 0xaf,
    0xf0, 0x0, 0x0, 0x8f, 0xff, 0xff, 0xff, 0xff,
    0xa0, 0x0, 0xaf, 0xf0, 0x0, 0x0, 0x8f, 0xf1,
    0x11, 0x11, 0x11, 0x0, 0x0, 0xaf, 0xf0, 0x0,
    0x0, 0x7f, 0xf0, 0x0, 0x0, 0x0, 0x0, 0x0,
    0xaf, 0xf0, 0x0, 0x0, 0x0, 0x0, 0x0, 0x0,
    0x0, 0x0, 0x0, 0xaf, 0xf0, 0x0, 0x0, 0x0,
    0x0, 0x0, 0x0, 0x6, 0x99, 0x99, 0xef, 0xf0,
    0x0, 0x0, 0x0, 0x0, 0x0, 0x0, 0x4, 0xff,
    0xff, 0xff, 0xb0, 0x0, 0x0, 0x0, 0x0, 0x0,
    0x0, 0x0, 0xef, 0xff, 0xd9, 0x10, 0x0, 0x0,
    0x0, 0x0, 0x0, 0x0, 0x0, 0x11, 0x0, 0x0,
    0x0, 0x0,

    /* U+540E "后" */
    0x0, 0x0, 0x0, 0x0, 0x0, 0x0, 0x0, 0x0,
    0x0, 0x1, 0x0, 0x0, 0x0, 0x0, 0x0, 0x0,
    0x0, 0x0, 0x2, 0x46, 0x9c, 0xff, 0x50, 0x0,
    0x0, 0x3, 0x56, 0x78, 0x9b, 0xce, 0xff, 0xff,
    0xff, 0xff, 0xf5, 0x0, 0x0, 0x9, 0xff, 0xff,
    0xff, 0xff, 0xff, 0xff, 0xdb, 0x96, 0x20, 0x0,
    0x0, 0x9, 0xff, 0xdc, 0xba, 0x87, 0x54, 0x20,
    0x0, 0x0, 0x0, 0x0, 0x0, 0x9, 0xff, 0x10,
    0x0, 0x0, 0x0, 0x0, 0x0, 0x0, 0x0, 0x0,
    0x0, 0x9, 0xff, 0x10, 0x0, 0x0, 0x0, 0x0,
    0x0, 0x0, 0x0, 0x0, 0x0, 0x9, 0xff, 0x88,
    0x88, 0x88, 0x88, 0x88, 0x88, 0x88, 0x88, 0x81,
    0x0, 0x9, 0xff, 0xff, 0xff, 0xff, 0xff, 0xff,
    0xff, 0xff, 0xff, 0xf2, 0x0, 0x9, 0xff, 0xff,
    0xff, 0xff, 0xff, 0xff, 0xff, 0xff, 0xff, 0xf2,
    0x0, 0x9, 0xff, 0x0, 0x0, 0x0, 0x0, 0x0,
    0x0, 0x0, 0x0, 0x0, 0x0, 0xa, 0xff, 0x0,
    0x0, 0x0, 0x0, 0x0, 0x0, 0x0, 0x0, 0x0,
    0x0, 0xb, 0xff, 0x2, 0x66, 0x66, 0x66, 0x66,
    0x66, 0x66, 0x63, 0x0, 0x0, 0xc, 0xfd, 0x7,
    0xff, 0xff, 0xff, 0xff, 0xff, 0xff, 0xfa, 0x0,
    0x0, 0xe, 0xfc, 0x7, 0xff, 0xff, 0xff, 0xff,
    0xff, 0xff, 0xfa, 0x0, 0x0, 0x1f, 0xf9, 0x7,
    0xff, 0x20, 0x0, 0x0, 0x0, 0x1f, 0xfa, 0x0,
    0x0, 0x4f, 0xf7, 0x7, 0xff, 0x20, 0x0, 0x0,
    0x0, 0x1f, 0xfa, 0x0, 0x0, 0x8f, 0xf3, 0x7,
    0xff, 0x20, 0x0, 0x0, 0x0, 0x1f, 0xfa, 0x0,
    0x0, 0xdf, 0xe0, 0x7, 0xff, 0x20, 0x0, 0x0,
    0x0, 0x1f, 0xfa, 0x0, 0x4, 0xff, 0xa0, 0x7,
    0xff, 0x87, 0x77, 0x77, 0x77, 0x7f, 0xfa, 0x0,
    0xd, 0xff, 0x30, 0x7, 0xff, 0xff, 0xff, 0xff,
    0xff, 0xff, 0xfa, 0x0, 0x2e, 0xfc, 0x0, 0x7,
    0xff, 0xff, 0xff, 0xff, 0xff, 0xff, 0xfa, 0x0,
    0x1, 0xc2, 0x0, 0x7, 0xff, 0x20, 0x0, 0x0,
    0x0, 0x1f, 0xfa, 0x0, 0x0, 0x0, 0x0, 0x0,
    0x11, 0x0, 0x0, 0x0, 0x0, 0x0, 0x0, 0x0,

    /* U+5426 "否" */
    0x0, 0x11, 0x11, 0x11, 0x11, 0x11, 0x11, 0x11,
    0x11, 0x11, 0x11, 0x0, 0xb, 0xff, 0xff, 0xff,
    0xff, 0xff, 0xff, 0xff, 0xff, 0xff, 0xff, 0x40,
    0xb, 0xff, 0xff, 0xff, 0xff, 0xff, 0xff, 0xff,
    0xff, 0xff, 0xff, 0x40, 0x3, 0x55, 0x55, 0x55,
    0x55, 0x6f, 0xff, 0xb5, 0x55, 0x55, 0x55, 0x10,
    0x0, 0x0, 0x0, 0x0, 0x3, 0xef, 0xfc, 0x0,
    0x0, 0x0, 0x0, 0x0, 0x0, 0x0, 0x0, 0x0,
    0x8f, 0xff, 0xf4, 0x7, 0x70, 0x0, 0x0, 0x0,
    0x0, 0x0, 0x0, 0x4d, 0xff, 0xff, 0xf4, 0x9f,
    0xfe, 0x70, 0x0, 0x0, 0x0, 0x0, 0x4c, 0xff,
    0xfe, 0xaf, 0xf4, 0x3a, 0xff, 0xfe, 0x50, 0x0,
    0x2, 0x7d, 0xff, 0xff, 0x91, 0x5f, 0xf4, 0x0,
    0x3c, 0xff, 0xfb, 0x20, 0x4f, 0xff, 0xff, 0xb2,
    0x0, 0x5f, 0xf4, 0x0, 0x0, 0x5e, 0xff, 0xc0,
    0x8, 0xff, 0xa3, 0x0, 0x0, 0x5f, 0xf4, 0x0,
    0x0, 0x1, 0xae, 0x10, 0x0, 0x61, 0x0, 0x0,
    0x0, 0x5f, 0xf4, 0x0, 0x0, 0x0, 0x1, 0x0,
    0x0, 0x0, 0x44, 0x44, 0x44, 0x44, 0x44, 0x44,
    0x44, 0x44, 0x0, 0x0, 0x0, 0x0, 0xff, 0xff,
    0xff, 0xff, 0xff, 0xff, 0xff, 0xff, 0x30, 0x0,
    0x0, 0x0, 0xff, 0xff, 0xff, 0xff, 0xff, 0xff,
    0xff, 0xff, 0x30, 0x0, 0x0, 0x0, 0xff, 0xb0,
    0x0, 0x0, 0x0, 0x0, 0xa, 0xff, 0x30, 0x0,
    0x0, 0x0, 0xff, 0xb0, 0x0, 0x0, 0x0, 0x0,
    0xa, 0xff, 0x30, 0x0, 0x0, 0x0, 0xff, 0xb0,
    0x0, 0x0, 0x0, 0x0, 0xa, 0xff, 0x30, 0x0,
    0x0, 0x0, 0xff, 0xb2, 0x22, 0x22, 0x22, 0x22,
    0x2b, 0xff, 0x30, 0x0, 0x0, 0x0, 0xff, 0xff,
    0xff, 0xff, 0xff, 0xff, 0xff, 0xff, 0x30, 0x0,
    0x0, 0x0, 0xff, 0xff, 0xff, 0xff, 0xff, 0xff,
    0xff, 0xff, 0x30, 0x0, 0x0, 0x0, 0xff, 0xb2,
    0x22, 0x22, 0x22, 0x22, 0x2b, 0xff, 0x30, 0x0,
    0x0, 0x0, 0x0, 0x0, 0x0, 0x0, 0x0, 0x0,
    0x0, 0x0, 0x0, 0x0,

    /* U+548C "和" */
    0x0, 0x0, 0x0, 0x0, 0x0, 0x0, 0x0, 0x0,
    0x0, 0x0, 0x0, 0x0, 0x0, 0x0, 0x4, 0x8e,
    0x90, 0x0, 0x0, 0x0, 0x0, 0x0, 0x1, 0x36,
    0x9c, 0xff, 0xff, 0xf7, 0x1, 0x11, 0x11, 0x11,
    0x10, 0x8, 0xff, 0xff, 0xff, 0xd9, 0x50, 0x8f,
    0xff, 0xff, 0xff, 0xfb, 0x2, 0xec, 0x9c, 0xff,
    0x10, 0x0, 0x8f, 0xff, 0xff, 0xff, 0xfb, 0x0,
    0x0, 0x8, 0xff, 0x10, 0x0, 0x8f, 0xf6, 0x66,
    0x6f, 0xfb, 0x0, 0x0, 0x8, 0xff, 0x10, 0x0,
    0x8f, 0xf0, 0x0, 0xe, 0xfb, 0x2, 0x33, 0x39,
    0xff, 0x43, 0x32, 0x8f, 0xf0, 0x0, 0xe, 0xfb,
    0xe, 0xff, 0xff, 0xff, 0xff, 0xfc, 0x8f, 0xf0,
    0x0, 0xe, 0xfb, 0xe, 0xff, 0xff, 0xff, 0xff,
    0xfc, 0x8f, 0xf0, 0x0, 0xe, 0xfb, 0x2, 0x33,
    0x6f, 0xff, 0x53, 0x32, 0x8f, 0xf0, 0x0, 0xe,
    0xfb, 0x0, 0x0, 0xaf, 0xff, 0xc0, 0x0, 0x8f,
    0xf0, 0x0, 0xe, 0xfb, 0x0, 0x1, 0xff, 0xff,
    0xfb, 0x0, 0x8f, 0xf0, 0x0, 0xe, 0xfb, 0x0,
    0x9, 0xff, 0xff, 0xff, 0xa0, 0x8f, 0xf0, 0x0,
    0xe, 0xfb, 0x0, 0x2f, 0xfb, 0xff, 0x6f, 0xf7,
    0x8f, 0xf0, 0x0, 0xe, 0xfb, 0x0, 0xcf, 0xc8,
    0xff, 0x1a, 0xf7, 0x8f, 0xf0, 0x0, 0xe, 0xfb,
    0x7, 0xff, 0x48, 0xff, 0x11, 0xb0, 0x8f, 0xf0,
    0x0, 0xe, 0xfb, 0x3f, 0xfb, 0x8, 0xff, 0x10,
    0x0, 0x8f, 0xf7, 0x77, 0x7f, 0xfb, 0xe, 0xf2,
    0x8, 0xff, 0x10, 0x0, 0x8f, 0xff, 0xff, 0xff,
    0xfb, 0x6, 0x50, 0x8, 0xff, 0x10, 0x0, 0x8f,
    0xff, 0xff, 0xff, 0xfb, 0x0, 0x0, 0x8, 0xff,
    0x10, 0x0, 0x8f, 0xf0, 0x0, 0xe, 0xfb, 0x0,
    0x0, 0x8, 0xff, 0x10, 0x0, 0x8f, 0xe0, 0x0,
    0xb, 0xc8, 0x0, 0x0, 0x8, 0xff, 0x10, 0x0,
    0x0, 0x0, 0x0, 0x0, 0x0,

    /* U+5668 "器" */
    0x0, 0x3, 0x33, 0x33, 0x33, 0x20, 0x3, 0x33,
    0x33, 0x33, 0x30, 0x0, 0x0, 0xf, 0xff, 0xff,
    0xff, 0xc0, 0xe, 0xff, 0xff, 0xff, 0xf3, 0x0,
    0x0, 0xf, 0xff, 0xff, 0xff, 0xc0, 0xe, 0xff,
    0xff, 0xff, 0xf3, 0x0, 0x0, 0xf, 0xf4, 0x0,
    0xaf, 0xc0, 0xe, 0xf6, 0x0, 0x4f, 0xf3, 0x0,
    0x0, 0xf, 0xf4, 0x0, 0xaf, 0xc0, 0xe, 0xf6,
    0x0, 0x4f, 0xf3, 0x0, 0x0, 0xf, 0xfe, 0xdd,
    0xff, 0xc0, 0xe, 0xfe, 0xdd, 0xef, 0xf3, 0x0,
    0x0, 0xf, 0xff, 0xff, 0xff, 0xc0, 0xe, 0xff,
    0xff, 0xff, 0xf3, 0x0, 0x0, 0x5, 0x55, 0x55,
    0x58, 0xfa, 0x34, 0x5d, 0xfa, 0x55, 0x51, 0x0,
    0x0, 0x0, 0x0, 0x0, 0xc, 0xff, 0x10, 0x1b,
    0xff, 0xc2, 0x0, 0x0, 0x3, 0x44, 0x44, 0x44,
    0x8f, 0xfa, 0x44, 0x44, 0x8f, 0xf6, 0x44, 0x30,
    0xd, 0xff, 0xff, 0xff, 0xff, 0xff, 0xff, 0xff,
    0xff, 0xff, 0xff, 0xe0, 0xd, 0xff, 0xff, 0xff,
    0xff, 0xff, 0xff, 0xff, 0xff, 0xff, 0xff, 0xe0,
    0x0, 0x0, 0x6, 0xff, 0xe3, 0x0, 0x0, 0xbf,
    0xf9, 0x0, 0x0, 0x0, 0x0, 0x1, 0xbf, 0xfe,
    0x20, 0x0, 0x0, 0xa, 0xff, 0xe5, 0x0, 0x0,
    0x1, 0x8f, 0xff, 0xe6, 0x44, 0x30, 0x4, 0x44,
    0xbf, 0xff, 0xd7, 0x10, 0x2f, 0xff, 0xff, 0xff,
    0xff, 0xc0, 0xe, 0xff, 0xff, 0xff, 0xff, 0xf3,
    0x7, 0xff, 0xff, 0xff, 0xff, 0xc0, 0xe, 0xff,
    0xff, 0xff, 0xff, 0x80, 0x0, 0x1f, 0xf5, 0x0,
    0xbf, 0xc0, 0xe, 0xf7, 0x0, 0x4f, 0xf4, 0x0,
    0x0, 0xf, 0xf5, 0x0, 0xbf, 0xc0, 0xe, 0xf7,
    0x0, 0x4f, 0xf3, 0x0, 0x0, 0xf, 0xff, 0xff,
    0xff, 0xc0, 0xe, 0xff, 0xff, 0xff, 0xf3, 0x0,
    0x0, 0xf, 0xff, 0xff, 0xff, 0xc0, 0xe, 0xff,
    0xff, 0xff, 0xf3, 0x0, 0x0, 0xf, 0xf8, 0x44,
    0xcf, 0xc0, 0xe, 0xf9, 0x44, 0x7f, 0xf3, 0x0,
    0x0, 0x2, 0x20, 0x0, 0x0, 0x0, 0x2, 0x21,
    0x0, 0x0, 0x0, 0x0,

    /* U+5730 "地" */
    0x0, 0x0, 0x0, 0x0, 0x0, 0x0, 0x0, 0x1,
    0x10, 0x0, 0x0, 0x0, 0x0, 0x4, 0xff, 0x20,
    0x0, 0x0, 0x0, 0xf, 0xf6, 0x0, 0x0, 0x0,
    0x0, 0x4, 0xff, 0x20, 0x0, 0x0, 0x0, 0xf,
    0xf6, 0x0, 0x0, 0x0, 0x0, 0x4, 0xff, 0x20,
    0x0, 0xef, 0x80, 0xf, 0xf6, 0x0, 0x0, 0x0,
    0x0, 0x4, 0xff, 0x20, 0x0, 0xef, 0x80, 0xf,
    0xf6, 0x0, 0x30, 0x0, 0x0, 0x4, 0xff, 0x20,
    0x0, 0xef, 0x80, 0xf, 0xf6, 0x2a, 0xff, 0x30,
    0x1b, 0xbc, 0xff, 0xbb, 0x70, 0xef, 0x80, 0xf,
    0xfe, 0xff, 0xff, 0x40, 0x2f, 0xff, 0xff, 0xff,
    0xb0, 0xef, 0x81, 0x8f, 0xff, 0xff, 0xff, 0x40,
    0x1b, 0xbc, 0xff, 0xcb, 0x80, 0xef, 0xef, 0xff,
    0xfe, 0x74, 0xff, 0x30, 0x0, 0x4, 0xff, 0x20,
    0x5, 0xff, 0xff, 0xff, 0xf6, 0x3, 0xff, 0x30,
    0x0, 0x4, 0xff, 0x21, 0xef, 0xff, 0xf9, 0x3f,
    0xf6, 0x3, 0xff, 0x30, 0x0, 0x4, 0xff, 0x20,
    0xdf, 0xff, 0x80, 0xf, 0xf6, 0x3, 0xff, 0x30,
    0x0, 0x4, 0xff, 0x20, 0x45, 0xef, 0x80, 0xf,
    0xf6, 0x3, 0xff, 0x30, 0x0, 0x4, 0xff, 0x20,
    0x0, 0xef, 0x80, 0xf, 0xf6, 0x4, 0xff, 0x20,
    0x0, 0x4, 0xff, 0x7c, 0xb0, 0xef, 0x80, 0xf,
    0xf6, 0x9c, 0xff, 0x10, 0x0, 0x4, 0xff, 0xff,
    0xf0, 0xef, 0x80, 0xf, 0xf6, 0xdf, 0xfb, 0x0,
    0x2, 0x9f, 0xff, 0xfd, 0x50, 0xef, 0x80, 0xf,
    0xf6, 0x58, 0x50, 0x0, 0x4f, 0xff, 0xfe, 0x60,
    0x0, 0xef, 0x80, 0xc, 0xc4, 0x0, 0x6, 0x0,
    0xe, 0xfe, 0x70, 0x0, 0x0, 0xef, 0x80, 0x0,
    0x0, 0x0, 0xf, 0xe3, 0x8, 0x81, 0x0, 0x0,
    0x0, 0xef, 0x80, 0x0, 0x0, 0x0, 0x2f, 0xf3,
    0x0, 0x0, 0x0, 0x0, 0x0, 0xcf, 0xd5, 0x44,
    0x44, 0x45, 0xbf, 0xf0, 0x0, 0x0, 0x0, 0x0,
    0x0, 0x8f, 0xff, 0xff, 0xff, 0xff, 0xff, 0xa0,
    0x0, 0x0, 0x0, 0x0, 0x0, 0x8, 0xdf, 0xff,
    0xff, 0xff, 0xea, 0x0,

    /* U+590D "复" */
    0x0, 0x0, 0x0, 0x20, 0x0, 0x0, 0x0, 0x0,
    0x0, 0x0, 0x0, 0x0, 0x0, 0x0, 0x4, 0xfd,
    0x30, 0x0, 0x0, 0x0, 0x0, 0x0, 0x0, 0x0,
    0x0, 0x0, 0xd, 0xfe, 0x22, 0x22, 0x22, 0x22,
    0x22, 0x22, 0x22, 0x0, 0x0, 0x0, 0xbf, 0xff,
    0xff, 0xff, 0xff, 0xff, 0xff, 0xff, 0xff, 0x50,
    0x0, 0xa, 0xff, 0xff, 0xff, 0xff, 0xff, 0xff,
    0xff, 0xff, 0xff, 0x40, 0x1, 0xbf, 0xfb, 0x0,
    0x0, 0x0, 0x0, 0x0, 0x0, 0x0, 0x0, 0x0,
    0xa, 0xff, 0xdf, 0xff, 0xff, 0xff, 0xff, 0xff,
    0xff, 0xff, 0xa0, 0x0, 0x1, 0xeb, 0x2f, 0xfe,
    0xcc, 0xcc, 0xcc, 0xcc, 0xcc, 0xff, 0xa0, 0x0,
    0x0, 0x20, 0x1f, 0xf8, 0x0, 0x0, 0x0, 0x0,
    0x0, 0xff, 0xa0, 0x0, 0x0, 0x0, 0x1f, 0xff,
    0xff, 0xff, 0xff, 0xff, 0xff, 0xff, 0xa0, 0x0,
    0x0, 0x0, 0x1f, 0xfd, 0x99, 0x99, 0x99, 0x99,
    0x9a, 0xff, 0xa0, 0x0, 0x0, 0x0, 0x1f, 0xf8,
    0x0, 0x0, 0x0, 0x0, 0x1, 0xff, 0xa0, 0x0,
    0x0, 0x0, 0x1f, 0xff, 0xff, 0xff, 0xff, 0xff,
    0xff, 0xff, 0xa0, 0x0, 0x0, 0x0, 0xa, 0xad,
    0xff, 0xba, 0xaa, 0xaa, 0xaa, 0xaa, 0x70, 0x0,
    0x0, 0x0, 0x0, 0x4f, 0xfd, 0x11, 0x11, 0x11,
    0x11, 0x30, 0x0, 0x0, 0x0, 0x0, 0x5, 0xff,
    0xff, 0xff, 0xff, 0xff, 0xff, 0xfc, 0x20, 0x0,
    0x0, 0x1, 0x9f, 0xff, 0xec, 0xcc, 0xcc, 0xcc,
    0xff, 0xfd, 0x0, 0x0, 0x0, 0x6e, 0xff, 0xdf,
    0xf6, 0x0, 0x0, 0x19, 0xff, 0xd1, 0x0, 0x0,
    0x0, 0x2e, 0xf5, 0x7, 0xff, 0xd6, 0x28, 0xff,
    0xfa, 0x0, 0x0, 0x0, 0x0, 0x1, 0x10, 0x0,
    0x3e, 0xff, 0xff, 0xfe, 0x40, 0x0, 0x0, 0x0,
    0x0, 0x13, 0x57, 0x9c, 0xff, 0xff, 0xff, 0xff,
    0xeb, 0x97, 0x54, 0x31, 0x1f, 0xff, 0xff, 0xff,
    0xff, 0xc7, 0x48, 0xdf, 0xff, 0xff, 0xff, 0xf2,
    0x9, 0xff, 0xfd, 0xa7, 0x40, 0x0, 0x0, 0x1,
    0x48, 0xac, 0xef, 0x80, 0x1, 0x31, 0x0, 0x0,
    0x0, 0x0, 0x0, 0x0, 0x0, 0x0, 0x0, 0x0,

    /* U+5916 "外" */
    0x0, 0x0, 0x5, 0x20, 0x0, 0x0, 0x0, 0x46,
    0x50, 0x0, 0x0, 0x0, 0x0, 0x0, 0x4f, 0xf5,
    0x0, 0x0, 0x0, 0xcf, 0xe0, 0x0, 0x0, 0x0,
    0x0, 0x0, 0x8f, 0xf2, 0x0, 0x0, 0x0, 0xcf,
    0xe0, 0x0, 0x0, 0x0, 0x0, 0x0, 0xcf, 0xe0,
    0x0, 0x0, 0x0, 0xcf, 0xe0, 0x0, 0x0, 0x0,
    0x0, 0x1, 0xff, 0xff, 0xff, 0xfe, 0x90, 0xcf,
    0xe0, 0x0, 0x0, 0x0, 0x0, 0x6, 0xff, 0xff,
    0xff, 0xff, 0xc0, 0xcf, 0xe0, 0x0, 0x0, 0x0,
    0x0, 0xc, 0xfe, 0x88, 0x89, 0xff, 0xa0, 0xcf,
    0xe0, 0x0, 0x0, 0x0, 0x0, 0x3f, 0xf8, 0x0,
    0x5, 0xff, 0x70, 0xcf, 0xe1, 0x0, 0x0, 0x0,
    0x0, 0xbf, 0xf2, 0x0, 0x8, 0xff, 0x40, 0xcf,
    0xfe, 0xa0, 0x0, 0x0, 0x4, 0xff, 0xa0, 0x0,
    0xc, 0xff, 0x0, 0xcf, 0xff, 0xfb, 0x0, 0x0,
    0x1e, 0xff, 0x4a, 0x20, 0x1f, 0xfc, 0x0, 0xcf,
    0xfd, 0xff, 0xb0, 0x0, 0x1b, 0xf9, 0xdf, 0xf5,
    0x6f, 0xf7, 0x0, 0xcf, 0xe1, 0xdf, 0xfb, 0x0,
    0x0, 0x70, 0x6f, 0xff, 0xff, 0xf2, 0x0, 0xcf,
    0xe0, 0x1d, 0xff, 0xa0, 0x0, 0x0, 0x3, 0xef,
    0xff, 0xb0, 0x0, 0xcf, 0xe0, 0x2, 0xef, 0xd1,
    0x0, 0x0, 0x0, 0x2f, 0xff, 0x40, 0x0, 0xcf,
    0xe0, 0x0, 0x4b, 0x10, 0x0, 0x0, 0x0, 0x7f,
    0xfc, 0x0, 0x0, 0xcf, 0xe0, 0x0, 0x0, 0x0,
    0x0, 0x0, 0x3, 0xff, 0xf4, 0x0, 0x0, 0xcf,
    0xe0, 0x0, 0x0, 0x0, 0x0, 0x0, 0x2e, 0xff,
    0x90, 0x0, 0x0, 0xcf, 0xe0, 0x0, 0x0, 0x0,
    0x0, 0x3, 0xef, 0xfd, 0x0, 0x0, 0x0, 0xcf,
    0xe0, 0x0, 0x0, 0x0, 0x0, 0x7f, 0xff, 0xe1,
    0x0, 0x0, 0x0, 0xcf, 0xe0, 0x0, 0x0, 0x0,
    0x1d, 0xff, 0xfd, 0x10, 0x0, 0x0, 0x0, 0xcf,
    0xe0, 0x0, 0x0, 0x0, 0x6, 0xff, 0xa1, 0x0,
    0x0, 0x0, 0x0, 0xcf, 0xe0, 0x0, 0x0, 0x0,
    0x0, 0x65, 0x0, 0x0, 0x0, 0x0, 0x0, 0xcf,
    0xe0, 0x0, 0x0, 0x0,

    /* U+5931 "失" */
    0x0, 0x0, 0x1, 0x0, 0x0, 0x37, 0x72, 0x0,
    0x0, 0x0, 0x0, 0x0, 0x0, 0x0, 0xf, 0xe9,
    0x0, 0x6f, 0xf4, 0x0, 0x0, 0x0, 0x0, 0x0,
    0x0, 0x0, 0x4f, 0xf9, 0x0, 0x6f, 0xf4, 0x0,
    0x0, 0x0, 0x0, 0x0, 0x0, 0x0, 0xaf, 0xf4,
    0x0, 0x6f, 0xf4, 0x0, 0x0, 0x0, 0x0, 0x0,
    0x0, 0x1, 0xff, 0xf9, 0x99, 0xcf, 0xfb, 0x99,
    0x99, 0x99, 0x70, 0x0, 0x0, 0x7, 0xff, 0xff,
    0xff, 0xff, 0xff, 0xff, 0xff, 0xff, 0xc0, 0x0,
    0x0, 0xe, 0xff, 0xff, 0xff, 0xff, 0xff, 0xff,
    0xff, 0xff, 0xc0, 0x0, 0x0, 0x9f, 0xf9, 0x0,
    0x0, 0x7f, 0xf5, 0x0, 0x0, 0x0, 0x0, 0x0,
    0x4, 0xff, 0xf1, 0x0, 0x0, 0x6f, 0xf4, 0x0,
    0x0, 0x0, 0x0, 0x0, 0x3, 0xcf, 0x70, 0x0,
    0x0, 0x7f, 0xf3, 0x0, 0x0, 0x0, 0x0, 0x0,
    0x0, 0x5, 0x0, 0x0, 0x0, 0x8f, 0xf2, 0x0,
    0x0, 0x0, 0x0, 0x0, 0x7, 0xaa, 0xaa, 0xaa,
    0xaa, 0xef, 0xfb, 0xaa, 0xaa, 0xaa, 0xaa, 0x90,
    0xb, 0xff, 0xff, 0xff, 0xff, 0xff, 0xff, 0xff,
    0xff, 0xff, 0xff, 0xe0, 0xa, 0xff, 0xff, 0xff,
    0xff, 0xff, 0xff, 0xff, 0xff, 0xff, 0xff, 0xe0,
    0x0, 0x0, 0x0, 0x0, 0x9, 0xff, 0xff, 0x90,
    0x0, 0x0, 0x0, 0x0, 0x0, 0x0, 0x0, 0x0,
    0x2f, 0xff, 0xcf, 0xf3, 0x0, 0x0, 0x0, 0x0,
    0x0, 0x0, 0x0, 0x0, 0xdf, 0xf8, 0x3f, 0xfe,
    0x10, 0x0, 0x0, 0x0, 0x0, 0x0, 0x0, 0x1c,
    0xff, 0xd0, 0x9, 0xff, 0xd1, 0x0, 0x0, 0x0,
    0x0, 0x0, 0x3, 0xdf, 0xff, 0x30, 0x0, 0xcf,
    0xfe, 0x40, 0x0, 0x0, 0x0, 0x2, 0xaf, 0xff,
    0xe3, 0x0, 0x0, 0x1d, 0xff, 0xfb, 0x30, 0x0,
    0x5, 0xbf, 0xff, 0xfc, 0x20, 0x0, 0x0, 0x1,
    0xbf, 0xff, 0xfd, 0x82, 0x9, 0xff, 0xfe, 0x60,
    0x0, 0x0, 0x0, 0x0, 0x5, 0xef, 0xff, 0xd1,
    0x0, 0xdc, 0x60, 0x0, 0x0, 0x0, 0x0, 0x0,
    0x0, 0x5, 0xcf, 0x30, 0x0, 0x0, 0x0, 0x0,
    0x0, 0x0, 0x0, 0x0, 0x0, 0x0, 0x0, 0x0,

    /* U+594F "奏" */
    0x0, 0x0, 0x0, 0x0, 0x0, 0x27, 0x62, 0x0,
    0x0, 0x0, 0x0, 0x0, 0x0, 0x0, 0x0, 0x0,
    0x0, 0x5f, 0xf4, 0x0, 0x0, 0x0, 0x0, 0x0,
    0x0, 0x1d, 0xdd, 0xdd, 0xdd, 0xef, 0xfd, 0xdd,
    0xdd, 0xdd, 0xd3, 0x0, 0x0, 0x1f, 0xff, 0xff,
    0xff, 0xff, 0xff, 0xff, 0xff, 0xff, 0xf4, 0x0,
    0x0, 0x3, 0x33, 0x33, 0x33, 0xef, 0xc3, 0x33,
    0x33, 0x33, 0x30, 0x0, 0x0, 0x0, 0x11, 0x11,
    0x13, 0xff, 0x81, 0x11, 0x11, 0x11, 0x0, 0x0,
    0x0, 0x3, 0xff, 0xff, 0xff, 0xff, 0xff, 0xff,
    0xff, 0xff, 0x60, 0x0, 0x0, 0x2, 0xff, 0xff,
    0xff, 0xff, 0xff, 0xff, 0xff, 0xff, 0x50, 0x0,
    0x0, 0x0, 0x0, 0x0, 0x6f, 0xf5, 0x0, 0x0,
    0x0, 0x0, 0x0, 0x0, 0xb, 0xff, 0xff, 0xff,
    0xff, 0xff, 0xff, 0xff, 0xff, 0xff, 0xff, 0xe0,
    0xc, 0xff, 0xff, 0xff, 0xff, 0xff, 0xff, 0xff,
    0xff, 0xff, 0xff, 0xe0, 0x1, 0x11, 0x11, 0xbf,
    0xf8, 0x11, 0x11, 0x4f, 0xfb, 0x11, 0x11, 0x10,
    0x0, 0x0, 0xa, 0xff, 0xb1, 0x11, 0x11, 0x18,
    0xff, 0xb1, 0x0, 0x0, 0x0, 0x3, 0xdf, 0xfe,
    0xff, 0xff, 0xff, 0xff, 0xdf, 0xfe, 0x60, 0x0,
    0x2, 0xaf, 0xff, 0x84, 0xdd, 0xef, 0xfe, 0xdd,
    0x74, 0xef, 0xfd, 0x61, 0xc, 0xff, 0xd4, 0x0,
    0x0, 0x3f, 0xf3, 0x0, 0x0, 0x1a, 0xff, 0xd1,
    0x0, 0xb6, 0xcf, 0xff, 0xff, 0xff, 0xff, 0xff,
    0xff, 0xfd, 0x29, 0x20, 0x0, 0x0, 0xcf, 0xff,
    0xff, 0xff, 0xff, 0xff, 0xff, 0xfd, 0x0, 0x0,
    0x0, 0x0, 0x1, 0x11, 0x2c, 0xff, 0x55, 0xea,
    0x41, 0x10, 0x0, 0x0, 0x0, 0x0, 0x0, 0x6,
    0xef, 0xf8, 0x1e, 0xff, 0xfc, 0x50, 0x0, 0x0,
    0x0, 0x0, 0x38, 0xef, 0xff, 0x70, 0x0, 0x6d,
    0xff, 0xfd, 0x50, 0x0, 0x0, 0xc, 0xff, 0xff,
    0xa2, 0x0, 0x0, 0x0, 0x5c, 0xff, 0xf4, 0x0,
    0x0, 0x2, 0xec, 0x71, 0x0, 0x0, 0x0, 0x0,
    0x0, 0x5d, 0x50, 0x0, 0x0, 0x0, 0x0, 0x0,
    0x0, 0x0, 0x0, 0x0, 0x0, 0x0, 0x0, 0x0,

    /* U+59CB "始" */
    0x0, 0x0, 0x10, 0x0, 0x0, 0x0, 0x0, 0x10,
    0x0, 0x0, 0x0, 0x0, 0x0, 0x5, 0xff, 0x10,
    0x0, 0x0, 0x0, 0xdf, 0xb1, 0x0, 0x0, 0x0,
    0x0, 0x6, 0xff, 0x0, 0x0, 0x0, 0x4, 0xff,
    0xd0, 0x0, 0x0, 0x0, 0x0, 0x8, 0xfd, 0x0,
    0x0, 0x0, 0xb, 0xff, 0x50, 0x0, 0x0, 0x0,
    0x0, 0xa, 0xfb, 0x0, 0x0, 0x0, 0x2f, 0xfd,
    0x0, 0x3a, 0x10, 0x0, 0x6, 0x6e, 0xfb, 0x67,
    0x62, 0x0, 0xaf, 0xf4, 0x0, 0xef, 0xc0, 0x0,
    0xf, 0xff, 0xff, 0xff, 0xf6, 0x3, 0xff, 0xa0,
    0x0, 0x4f, 0xf7, 0x0, 0xf, 0xff, 0xff, 0xff,
    0xf5, 0xc, 0xff, 0x10, 0x0, 0xa, 0xff, 0x20,
    0x0, 0x6f, 0xf0, 0x1f, 0xf3, 0x8f, 0xfc, 0x89,
    0xab, 0xce, 0xff, 0xa0, 0x0, 0x9f, 0xb0, 0x3f,
    0xf6, 0xff, 0xff, 0xff, 0xff, 0xff, 0xff, 0xf3,
    0x0, 0xdf, 0x80, 0x5f, 0xf0, 0xef, 0xff, 0xed,
    0xca, 0x97, 0x6f, 0xfa, 0x1, 0xff, 0x40, 0x8f,
    0xd0, 0x54, 0x20, 0x0, 0x0, 0x0, 0x9, 0x81,
    0x5, 0xff, 0x0, 0xcf, 0xa0, 0x0, 0x0, 0x0,
    0x0, 0x0, 0x0, 0x0, 0x9, 0xff, 0xa1, 0xff,
    0x60, 0x4f, 0xff, 0xff, 0xff, 0xff, 0xff, 0x20,
    0x1, 0xbf, 0xfe, 0xff, 0x20, 0x4f, 0xff, 0xff,
    0xff, 0xff, 0xff, 0x30, 0x0, 0x9, 0xff, 0xfd,
    0x0, 0x4f, 0xf5, 0x55, 0x55, 0x57, 0xff, 0x30,
    0x0, 0x0, 0x9f, 0xfe, 0x20, 0x4f, 0xf0, 0x0,
    0x0, 0x4, 0xff, 0x30, 0x0, 0x0, 0xaf, 0xff,
    0xe1, 0x4f, 0xf0, 0x0, 0x0, 0x4, 0xff, 0x30,
    0x0, 0x5, 0xff, 0xdf, 0xfa, 0x4f, 0xf0, 0x0,
    0x0, 0x4, 0xff, 0x30, 0x0, 0x4f, 0xfd, 0x9,
    0xf3, 0x4f, 0xf4, 0x33, 0x33, 0x36, 0xff, 0x30,
    0x6, 0xff, 0xf3, 0x0, 0x50, 0x4f, 0xff, 0xff,
    0xff, 0xff, 0xff, 0x30, 0xb, 0xff, 0x40, 0x0,
    0x0, 0x4f, 0xff, 0xff, 0xff, 0xff, 0xff, 0x30,
    0x1, 0xc3, 0x0, 0x0, 0x0, 0x4f, 0xf2, 0x11,
    0x11, 0x14, 0xff, 0x30, 0x0, 0x0, 0x0, 0x0,
    0x0, 0x0, 0x0, 0x0, 0x0, 0x0, 0x0, 0x0,

    /* U+5B58 "存" */
    0x0, 0x0, 0x0, 0x0, 0x3, 0x0, 0x0, 0x0,
    0x0, 0x0, 0x0, 0x0, 0x0, 0x0, 0x0, 0x0,
    0x3f, 0xf6, 0x0, 0x0, 0x0, 0x0, 0x0, 0x0,
    0x0, 0x0, 0x0, 0x0, 0x8f, 0xf4, 0x0, 0x0,
    0x0, 0x0, 0x0, 0x0, 0x1, 0x33, 0x33, 0x33,
    0xdf, 0xf3, 0x33, 0x33, 0x33, 0x33, 0x33, 0x20,
    0x6, 0xff, 0xff, 0xff, 0xff, 0xff, 0xff, 0xff,
    0xff, 0xff, 0xff, 0xe0, 0x6, 0xff, 0xff, 0xff,
    0xff, 0xff, 0xff, 0xff, 0xff, 0xff, 0xff, 0xe0,
    0x1, 0x44, 0x44, 0x6f, 0xfb, 0x44, 0x44, 0x44,
    0x44, 0x44, 0x44, 0x30, 0x0, 0x0, 0x0, 0xaf,
    0xf3, 0x0, 0x0, 0x0, 0x0, 0x0, 0x0, 0x0,
    0x0, 0x0, 0x4, 0xff, 0xb0, 0x56, 0x66, 0x66,
    0x66, 0x67, 0x50, 0x0, 0x0, 0x0, 0xd, 0xff,
    0x20, 0xcf, 0xff, 0xff, 0xff, 0xff, 0xf9, 0x0,
    0x0, 0x0, 0xaf, 0xf8, 0x0, 0xbe, 0xee, 0xee,
    0xef, 0xff, 0xe2, 0x0, 0x0, 0x7, 0xff, 0xe0,
    0x0, 0x0, 0x0, 0x0, 0x8f, 0xfd, 0x10, 0x0,
    0x0, 0x7f, 0xff, 0xd0, 0x0, 0x0, 0x0, 0x2c,
    0xff, 0xa0, 0x0, 0x0, 0xa, 0xff, 0xff, 0xd0,
    0x0, 0x0, 0x0, 0x6f, 0xf7, 0x0, 0x0, 0x0,
    0xe, 0xff, 0xef, 0xd0, 0x57, 0x77, 0x77, 0xaf,
    0xf9, 0x77, 0x77, 0x70, 0x6, 0xe3, 0xbf, 0xd0,
    0xbf, 0xff, 0xff, 0xff, 0xff, 0xff, 0xff, 0xf0,
    0x0, 0x10, 0xbf, 0xd0, 0xaf, 0xff, 0xff, 0xff,
    0xff, 0xff, 0xff, 0xf0, 0x0, 0x0, 0xbf, 0xd0,
    0x0, 0x0, 0x0, 0x6f, 0xf4, 0x0, 0x0, 0x0,
    0x0, 0x0, 0xbf, 0xd0, 0x0, 0x0, 0x0, 0x6f,
    0xf4, 0x0, 0x0, 0x0, 0x0, 0x0, 0xbf, 0xd0,
    0x0, 0x0, 0x0, 0x6f, 0xf4, 0x0, 0x0, 0x0,
    0x0, 0x0, 0xbf, 0xd0, 0x0, 0x6, 0x65, 0xaf,
    0xf4, 0x0, 0x0, 0x0, 0x0, 0x0, 0xbf, 0xd0,
    0x0, 0xb, 0xff, 0xff, 0xf1, 0x0, 0x0, 0x0,
    0x0, 0x0, 0xbf, 0xd0, 0x0, 0x7, 0xff, 0xfd,
    0x60, 0x0, 0x0, 0x0, 0x0, 0x0, 0x0, 0x0,
    0x0, 0x0, 0x0, 0x0, 0x0, 0x0, 0x0, 0x0,

    /* U+5B89 "安" */
    0x0, 0x0, 0x0, 0x0, 0x0, 0x1, 0x0, 0x0,
    0x0, 0x0, 0x0, 0x0, 0x0, 0x0, 0x0, 0x1b,
    0xfc, 0x0, 0x0, 0x0, 0x0, 0x0, 0x0, 0x0,
    0x0, 0x0, 0xc, 0xff, 0x40, 0x0, 0x0, 0x0,
    0x0, 0x6, 0x77, 0x77, 0x77, 0x7b, 0xff, 0xd7,
    0x77, 0x77, 0x77, 0x72, 0xd, 0xff, 0xff, 0xff,
    0xff, 0xff, 0xff, 0xff, 0xff, 0xff, 0xf4, 0xd,
    0xff, 0xff, 0xff, 0xff, 0xff, 0xff, 0xff, 0xff,
    0xff, 0xf4, 0xd, 0xfc, 0x0, 0x0, 0x14, 0x10,
    0x0, 0x0, 0x0, 0x7f, 0xf4, 0xd, 0xfc, 0x0,
    0x0, 0x7f, 0xf9, 0x0, 0x0, 0x0, 0x7f, 0xf4,
    0x9, 0xc9, 0x0, 0x0, 0xef, 0xf3, 0x0, 0x0,
    0x0, 0x5c, 0xc3, 0x0, 0x0, 0x0, 0x7, 0xff,
    0xb0, 0x0, 0x0, 0x0, 0x0, 0x0, 0x4f, 0xff,
    0xff, 0xff, 0xff, 0xff, 0xff, 0xff, 0xff, 0xff,
    0xfc, 0x4f, 0xff, 0xff, 0xff, 0xff, 0xff, 0xff,
    0xff, 0xff, 0xff, 0xfc, 0x27, 0x77, 0x7a, 0xff,
    0xf7, 0x77, 0x77, 0xdf, 0xfa, 0x77, 0x75, 0x0,
    0x0, 0xc, 0xff, 0x60, 0x0, 0x1, 0xff, 0xe0,
    0x0, 0x0, 0x0, 0x0, 0x8f, 0xfd, 0x0, 0x0,
    0xa, 0xff, 0x70, 0x0, 0x0, 0x0, 0x4, 0xff,
    0xff, 0xe8, 0x20, 0x7f, 0xfd, 0x0, 0x0, 0x0,
    0x0, 0x0, 0x49, 0xef, 0xff, 0xfd, 0xff, 0xf2,
    0x0, 0x0, 0x0, 0x0, 0x0, 0x0, 0x5, 0xbf,
    0xff, 0xff, 0xc2, 0x0, 0x0, 0x0, 0x0, 0x0,
    0x0, 0x1, 0x7f, 0xff, 0xff, 0xff, 0xb4, 0x0,
    0x0, 0x0, 0x0, 0x15, 0xaf, 0xff, 0xfb, 0x6d,
    0xff, 0xff, 0xc4, 0x0, 0x6, 0x9d, 0xff, 0xff,
    0xfd, 0x50, 0x0, 0x5d, 0xff, 0xff, 0xb2, 0x8,
    0xff, 0xff, 0xfa, 0x40, 0x0, 0x0, 0x0, 0x5d,
    0xff, 0xe1, 0x0, 0xdd, 0x94, 0x0, 0x0, 0x0,
    0x0, 0x0, 0x0, 0x7d, 0x20, 0x0, 0x0, 0x0,
    0x0, 0x0, 0x0, 0x0, 0x0, 0x0, 0x0, 0x0,

    /* U+5B8C "完" */
    0x0, 0x0, 0x0, 0x0, 0x0, 0x16, 0x90, 0x0,
    0x0, 0x0, 0x0, 0x0, 0x0, 0x0, 0x0, 0x0,
    0x0, 0xaf, 0xf6, 0x0, 0x0, 0x0, 0x0, 0x0,
    0x0, 0x0, 0x0, 0x0, 0x0, 0x3f, 0xfd, 0x0,
    0x0, 0x0, 0x0, 0x0, 0x1, 0xff, 0xff, 0xff,
    0xff, 0xff, 0xff, 0xff, 0xff, 0xff, 0xff, 0x30,
    0x1, 0xff, 0xff, 0xff, 0xff, 0xff, 0xff, 0xff,
    0xff, 0xff, 0xff, 0x30, 0x1, 0xff, 0xc8, 0x88,
    0x88, 0x88, 0x88, 0x88, 0x88, 0x8a, 0xff, 0x30,
    0x1, 0xff, 0x70, 0x0, 0x0, 0x0, 0x0, 0x0,
    0x0, 0x4, 0xff, 0x30, 0x1, 0xff, 0x70, 0x55,
    0x55, 0x55, 0x55, 0x55, 0x55, 0x24, 0xff, 0x30,
    0x1, 0xdd, 0x61, 0xff, 0xff, 0xff, 0xff, 0xff,
    0xff, 0x83, 0xdd, 0x30, 0x0, 0x0, 0x1, 0xff,
    0xff, 0xff, 0xff, 0xff, 0xff, 0x80, 0x0, 0x0,
    0x0, 0x0, 0x0, 0x0, 0x0, 0x0, 0x0, 0x0,
    0x0, 0x0, 0x0, 0x0, 0x0, 0x0, 0x0, 0x0,
    0x0, 0x0, 0x0, 0x0, 0x0, 0x0, 0x0, 0x0,
    0x8, 0xbb, 0xbb, 0xbb, 0xbb, 0xbb, 0xbb, 0xbb,
    0xbb, 0xbb, 0xbb, 0x80, 0xb, 0xff, 0xff, 0xff,
    0xff, 0xff, 0xff, 0xff, 0xff, 0xff, 0xff, 0xb0,
    0x8, 0xbb, 0xbb, 0xbc, 0xff, 0xcb, 0xbc, 0xff,
    0xdb, 0xbb, 0xbb, 0x80, 0x0, 0x0, 0x0, 0x6,
    0xff, 0x30, 0x3, 0xff, 0x70, 0x0, 0x0, 0x0,
    0x0, 0x0, 0x0, 0x8, 0xff, 0x10, 0x3, 0xff,
    0x70, 0x0, 0x0, 0x0, 0x0, 0x0, 0x0, 0xc,
    0xfe, 0x0, 0x3, 0xff, 0x70, 0x0, 0x1, 0x0,
    0x0, 0x0, 0x0, 0x5f, 0xfa, 0x0, 0x3, 0xff,
    0x70, 0x0, 0x1f, 0xa1, 0x0, 0x0, 0x5, 0xff,
    0xf3, 0x0, 0x3, 0xff, 0x70, 0x0, 0x2f, 0xf3,
    0x0, 0x26, 0xcf, 0xff, 0x70, 0x0, 0x2, 0xff,
    0xb5, 0x55, 0xaf, 0xf0, 0xb, 0xff, 0xff, 0xf6,
    0x0, 0x0, 0x0, 0xff, 0xff, 0xff, 0xff, 0xb0,
    0x2, 0xff, 0xd8, 0x10, 0x0, 0x0, 0x0, 0x5d,
    0xff, 0xff, 0xfc, 0x20, 0x0, 0x31, 0x0, 0x0,
    0x0, 0x0, 0x0, 0x0, 0x0, 0x0, 0x0, 0x0,

    /* U+5BA4 "室" */
    0x0, 0x0, 0x0, 0x0, 0x1, 0x56, 0x0, 0x0,
    0x0, 0x0, 0x0, 0x0, 0x0, 0x0, 0x0, 0xd,
    0xff, 0x10, 0x0, 0x0, 0x0, 0x0, 0x25, 0x55,
    0x55, 0x55, 0x5a, 0xff, 0xa5, 0x55, 0x55, 0x55,
    0x52, 0x7f, 0xff, 0xff, 0xff, 0xff, 0xff, 0xff,
    0xff, 0xff, 0xff, 0xf7, 0x7f, 0xff, 0xff, 0xff,
    0xff, 0xff, 0xff, 0xff, 0xff, 0xff, 0xf7, 0x7f,
    0xf0, 0x0, 0x0, 0x0, 0x0, 0x0, 0x0, 0x0,
    0x2f, 0xf7, 0x7f, 0xf7, 0x88, 0x88, 0x88, 0x88,
    0x88, 0x88, 0x88, 0x9f, 0xf7, 0x0, 0xe, 0xff,
    0xff, 0xff, 0xff, 0xff, 0xff, 0xff, 0xf0, 0x0,
    0x0, 0x9, 0xbb, 0xbf, 0xff, 0xbb, 0xbb, 0xde,
    0xbb, 0xb0, 0x0, 0x0, 0x0, 0x0, 0xbf, 0xf6,
    0x0, 0x5, 0xff, 0x70, 0x0, 0x0, 0x0, 0x0,
    0x1c, 0xff, 0x50, 0x0, 0x0, 0xbf, 0xf7, 0x0,
    0x0, 0x0, 0x4, 0xef, 0xf9, 0x67, 0x89, 0xab,
    0xdf, 0xff, 0x70, 0x0, 0x0, 0x1f, 0xff, 0xff,
    0xff, 0xff, 0xff, 0xff, 0xff, 0xf6, 0x0, 0x0,
    0xc, 0xfd, 0xcb, 0x9b, 0xba, 0x43, 0x10, 0xb,
    0xf5, 0x0, 0x0, 0x2, 0x0, 0x0, 0x9, 0xff,
    0x10, 0x0, 0x1, 0x20, 0x0, 0x0, 0x24, 0x44,
    0x44, 0x4b, 0xff, 0x54, 0x44, 0x44, 0x42, 0x0,
    0x0, 0xbf, 0xff, 0xff, 0xff, 0xff, 0xff, 0xff,
    0xff, 0xf8, 0x0, 0x0, 0xaf, 0xff, 0xff, 0xff,
    0xff, 0xff, 0xff, 0xff, 0xf7, 0x0, 0x0, 0x0,
    0x0, 0x0, 0x9, 0xff, 0x10, 0x0, 0x0, 0x0,
    0x0, 0x0, 0x0, 0x0, 0x0, 0x9, 0xff, 0x10,
    0x0, 0x0, 0x0, 0x0, 0x9f, 0xff, 0xff, 0xff,
    0xff, 0xff, 0xff, 0xff, 0xff, 0xff, 0xf7, 0x9f,
    0xff, 0xff, 0xff, 0xff, 0xff, 0xff, 0xff, 0xff,
    0xff, 0xf8, 0x35, 0x55, 0x55, 0x55, 0x55, 0x55,
    0x55, 0x55, 0x55, 0x55, 0x52,

    /* U+5C06 "将" */
    0x0, 0x0, 0x5, 0x63, 0x0, 0x0, 0x0, 0x11,
    0x0, 0x0, 0x0, 0x0, 0x0, 0x0, 0xf, 0xf9,
    0x0, 0x0, 0x0, 0xcf, 0xd2, 0x0, 0x0, 0x0,
    0x0, 0x0, 0xf, 0xf9, 0x0, 0x0, 0xb, 0xff,
    0xb3, 0x33, 0x32, 0x0, 0x0, 0x0, 0xf, 0xf9,
    0x0, 0x1, 0xcf, 0xff, 0xff, 0xff, 0xff, 0xa0,
    0x1, 0x90, 0xf, 0xf9, 0x0, 0x6e, 0xff, 0xdd,
    0xdd, 0xdf, 0xff, 0x80, 0xe, 0xfc, 0xf, 0xf9,
    0x3c, 0xff, 0xe5, 0x0, 0x0, 0x3f, 0xfd, 0x0,
    0x6, 0xff, 0xaf, 0xf9, 0xb, 0xfa, 0x7e, 0xb0,
    0x4, 0xff, 0xf2, 0x0, 0x0, 0x9f, 0xff, 0xf9,
    0x0, 0x30, 0x4f, 0xfb, 0x8f, 0xfe, 0x30, 0x0,
    0x0, 0xc, 0xdf, 0xf9, 0x0, 0x0, 0x6, 0xff,
    0xff, 0xd2, 0x0, 0x0, 0x0, 0x2, 0x1f, 0xf9,
    0x0, 0x3, 0x9e, 0xff, 0xf8, 0x0, 0x0, 0x0,
    0x0, 0x0, 0xf, 0xf9, 0x1b, 0xff, 0xff, 0xf9,
    0x21, 0xff, 0x70, 0x0, 0x0, 0x0, 0xf, 0xf9,
    0x9, 0xff, 0xc6, 0x10, 0x1, 0xff, 0x70, 0x0,
    0x0, 0x0, 0x2f, 0xf9, 0x28, 0xc8, 0x66, 0x66,
    0x67, 0xff, 0xb6, 0x61, 0x0, 0x5, 0xff, 0xf9,
    0x6f, 0xff, 0xff, 0xff, 0xff, 0xff, 0xff, 0xf2,
    0x0, 0x8f, 0xff, 0xf9, 0x5f, 0xff, 0xff, 0xff,
    0xff, 0xff, 0xff, 0xf2, 0x1c, 0xff, 0xdf, 0xf9,
    0x0, 0x19, 0x80, 0x0, 0x1, 0xff, 0x70, 0x0,
    0xc, 0xfb, 0x1f, 0xf9, 0x0, 0x9f, 0xf6, 0x0,
    0x1, 0xff, 0x70, 0x0, 0x3, 0x90, 0xf, 0xf9,
    0x0, 0xc, 0xff, 0x30, 0x1, 0xff, 0x70, 0x0,
    0x0, 0x0, 0xf, 0xf9, 0x0, 0x2, 0xff, 0xd0,
    0x1, 0xff, 0x70, 0x0, 0x0, 0x0, 0xf, 0xf9,
    0x0, 0x0, 0x7e, 0x60, 0x1, 0xff, 0x70, 0x0,
    0x0, 0x0, 0xf, 0xf9, 0x0, 0x0, 0x0, 0x35,
    0x56, 0xff, 0x70, 0x0, 0x0, 0x0, 0xf, 0xf9,
    0x0, 0x0, 0x0, 0x4f, 0xff, 0xff, 0x50, 0x0,
    0x0, 0x0, 0xf, 0xf9, 0x0, 0x0, 0x0, 0xf,
    0xff, 0xe8, 0x0, 0x0, 0x0, 0x0, 0x0, 0x0,
    0x0, 0x0, 0x0, 0x0, 0x0, 0x0, 0x0, 0x0,

    /* U+5C31 "就" */
    0x0, 0x0, 0x0, 0x31, 0x0, 0x0, 0x0, 0x2,
    0x44, 0x0, 0x0, 0x0, 0x0, 0x0, 0xe, 0xf9,
    0x0, 0x0, 0x0, 0x7, 0xff, 0x2, 0x0, 0x0,
    0x0, 0x0, 0xa, 0xff, 0x0, 0x0, 0x0, 0x8,
    0xfe, 0x7f, 0x80, 0x0, 0x4, 0x44, 0x48, 0xff,
    0x84, 0x44, 0x0, 0x8, 0xfe, 0x3f, 0xf4, 0x0,
    0xe, 0xff, 0xff, 0xff, 0xff, 0xff, 0x10, 0x8,
    0xfd, 0x7, 0xfe, 0x0, 0xe, 0xff, 0xff, 0xff,
    0xff, 0xff, 0x10, 0x8, 0xfd, 0x0, 0xde, 0x30,
    0x0, 0x0, 0x0, 0x0, 0x0, 0x0, 0x13, 0x3a,
    0xfd, 0x33, 0x53, 0x20, 0x0, 0xcf, 0xff, 0xff,
    0xff, 0xf3, 0xaf, 0xff, 0xff, 0xff, 0xff, 0xf0,
    0x0, 0xcf, 0xff, 0xff, 0xff, 0xf3, 0xaf, 0xff,
    0xff, 0xff, 0xff, 0xf0, 0x0, 0xcf, 0x71, 0x11,
    0x3f, 0xf3, 0x0, 0xc, 0xf9, 0x0, 0x0, 0x0,
    0x0, 0xcf, 0x60, 0x0, 0x2f, 0xf3, 0x0, 0xe,
    0xf8, 0x0, 0x0, 0x0, 0x0, 0xcf, 0xa6, 0x66,
    0x7f, 0xf3, 0x0, 0xf, 0xff, 0xf4, 0x0, 0x0,
    0x0, 0xcf, 0xff, 0xff, 0xff, 0xf3, 0x0, 0x2f,
    0xff, 0xf4, 0x0, 0x0, 0x0, 0x79, 0x9b, 0xff,
    0x99, 0x91, 0x0, 0x5f, 0xfe, 0xf4, 0x0, 0x0,
    0x0, 0x15, 0x25, 0xff, 0x6, 0x60, 0x0, 0x9f,
    0xce, 0xf4, 0x0, 0x0, 0x0, 0x6f, 0xc5, 0xff,
    0x3f, 0xe0, 0x0, 0xef, 0x8e, 0xf4, 0x0, 0x0,
    0x0, 0xaf, 0x85, 0xff, 0xc, 0xf6, 0x3, 0xff,
    0x3e, 0xf4, 0x0, 0x0, 0x0, 0xff, 0x25, 0xff,
    0x6, 0xfc, 0xa, 0xfd, 0xe, 0xf4, 0x2, 0x0,
    0x6, 0xfd, 0x5, 0xff, 0x1, 0xfd, 0x2f, 0xf6,
    0xe, 0xf4, 0xb, 0xb1, 0xd, 0xf6, 0x5, 0xff,
    0x0, 0x40, 0xbf, 0xe0, 0xe, 0xf4, 0xc, 0xf3,
    0x8, 0xd1, 0x16, 0xff, 0x0, 0x7, 0xff, 0x50,
    0xe, 0xf4, 0xe, 0xf2, 0x0, 0x3, 0xff, 0xfe,
    0x0, 0x4f, 0xfa, 0x0, 0xc, 0xff, 0xff, 0xf0,
    0x0, 0x0, 0xdf, 0xd5, 0x0, 0x8, 0xc0, 0x0,
    0x4, 0xdf, 0xfe, 0x50, 0x0, 0x0, 0x0, 0x0,
    0x0, 0x0, 0x0, 0x0, 0x0, 0x0, 0x0, 0x0,

    /* U+5DF2 "已" */
    0xcf, 0xff, 0xff, 0xff, 0xff, 0xff, 0xff, 0xff,
    0xfc, 0x0, 0xc, 0xff, 0xff, 0xff, 0xff, 0xff,
    0xff, 0xff, 0xff, 0xc0, 0x0, 0x79, 0x99, 0x99,
    0x99, 0x99, 0x99, 0x99, 0x9f, 0xfc, 0x0, 0x0,
    0x0, 0x0, 0x0, 0x0, 0x0, 0x0, 0x0, 0xef,
    0xc0, 0x0, 0x4, 0x66, 0x0, 0x0, 0x0, 0x0,
    0x0, 0xe, 0xfc, 0x0, 0x0, 0xcf, 0xe0, 0x0,
    0x0, 0x0, 0x0, 0x0, 0xef, 0xc0, 0x0, 0xc,
    0xfe, 0x0, 0x0, 0x0, 0x0, 0x0, 0xe, 0xfc,
    0x0, 0x0, 0xcf, 0xe0, 0x0, 0x0, 0x0, 0x0,
    0x0, 0xef, 0xc0, 0x0, 0xc, 0xff, 0xff, 0xff,
    0xff, 0xff, 0xff, 0xff, 0xfc, 0x0, 0x0, 0xcf,
    0xff, 0xff, 0xff, 0xff, 0xff, 0xff, 0xff, 0xc0,
    0x0, 0xc, 0xff, 0x99, 0x99, 0x99, 0x99, 0x99,
    0x9f, 0xfc, 0x0, 0x0, 0xcf, 0xe0, 0x0, 0x0,
    0x0, 0x0, 0x0, 0xab, 0x90, 0x0, 0xc, 0xfe,
    0x0, 0x0, 0x0, 0x0, 0x0, 0x0, 0x0, 0x0,
    0x0, 0xcf, 0xe0, 0x0, 0x0, 0x0, 0x0, 0x0,
    0x0, 0x2, 0x0, 0xc, 0xfe, 0x0, 0x0, 0x0,
    0x0, 0x0, 0x0, 0x0, 0xcd, 0x70, 0xcf, 0xe0,
    0x0, 0x0, 0x0, 0x0, 0x0, 0x0, 0xe, 0xfc,
    0xb, 0xff, 0x0, 0x0, 0x0, 0x0, 0x0, 0x0,
    0x3, 0xff, 0xa0, 0xaf, 0xf6, 0x10, 0x0, 0x0,
    0x0, 0x0, 0x3, 0xcf, 0xf6, 0x5, 0xff, 0xff,
    0xff, 0xff, 0xff, 0xff, 0xff, 0xff, 0xfe, 0x0,
    0xa, 0xff, 0xff, 0xff, 0xff, 0xff, 0xff, 0xff,
    0xfe, 0x40, 0x0, 0x2, 0x57, 0x88, 0x88, 0x88,
    0x88, 0x88, 0x74, 0x0, 0x0,

    /* U+5E73 "平" */
    0x0, 0x79, 0x99, 0x99, 0x99, 0x99, 0x99, 0x99,
    0x99, 0x99, 0x93, 0x0, 0xc, 0xff, 0xff, 0xff,
    0xff, 0xff, 0xff, 0xff, 0xff, 0xff, 0x50, 0x0,
    0xcf, 0xff, 0xff, 0xff, 0xff, 0xff, 0xff, 0xff,
    0xff, 0xf4, 0x0, 0x0, 0x0, 0x10, 0x0, 0x9,
    0xff, 0x10, 0x0, 0x20, 0x0, 0x0, 0x0, 0x1,
    0xbf, 0x60, 0x0, 0x9f, 0xf1, 0x0, 0xd, 0xfc,
    0x0, 0x0, 0x0, 0xd, 0xfe, 0x0, 0x9, 0xff,
    0x10, 0x3, 0xff, 0xb0, 0x0, 0x0, 0x0, 0x6f,
    0xf5, 0x0, 0x9f, 0xf1, 0x0, 0x9f, 0xf2, 0x0,
    0x0, 0x0, 0x0, 0xff, 0xb0, 0x9, 0xff, 0x10,
    0x1f, 0xfa, 0x0, 0x0, 0x0, 0x0, 0xa, 0xfe,
    0x0, 0x9f, 0xf1, 0x9, 0xff, 0x20, 0x0, 0x0,
    0x0, 0x0, 0x33, 0x0, 0x9, 0xff, 0x10, 0x3,
    0x40, 0x0, 0x0, 0x9, 0x99, 0x99, 0x99, 0x99,
    0xdf, 0xfa, 0x99, 0x99, 0x99, 0x99, 0x61, 0xff,
    0xff, 0xff, 0xff, 0xff, 0xff, 0xff, 0xff, 0xff,
    0xff, 0xfb, 0x1f, 0xff, 0xff, 0xff, 0xff, 0xff,
    0xff, 0xff, 0xff, 0xff, 0xff, 0xa0, 0x0, 0x0,
    0x0, 0x0, 0x9, 0xff, 0x10, 0x0, 0x0, 0x0,
    0x0, 0x0, 0x0, 0x0, 0x0, 0x0, 0x9f, 0xf1,
    0x0, 0x0, 0x0, 0x0, 0x0, 0x0, 0x0, 0x0,
    0x0, 0x9, 0xff, 0x10, 0x0, 0x0, 0x0, 0x0,
    0x0, 0x0, 0x0, 0x0, 0x0, 0x9f, 0xf1, 0x0,
    0x0, 0x0, 0x0, 0x0, 0x0, 0x0, 0x0, 0x0,
    0x9, 0xff, 0x10, 0x0, 0x0, 0x0, 0x0, 0x0,
    0x0, 0x0, 0x0, 0x0, 0x9f, 0xf1, 0x0, 0x0,
    0x0, 0x0, 0x0, 0x0, 0x0, 0x0, 0x0, 0x9,
    0xff, 0x10, 0x0, 0x0, 0x0, 0x0, 0x0, 0x0,
    0x0, 0x0, 0x0, 0x9f, 0xf1, 0x0, 0x0, 0x0,
    0x0, 0x0,

    /* U+5EA6 "度" */
    0x0, 0x0, 0x0, 0x0, 0x0, 0x0, 0x35, 0x0,
    0x0, 0x0, 0x0, 0x0, 0x0, 0x0, 0x0, 0x0,
    0x0, 0xc, 0xff, 0x20, 0x0, 0x0, 0x0, 0x0,
    0x0, 0x2, 0x43, 0x22, 0x22, 0x28, 0xff, 0xa2,
    0x22, 0x22, 0x22, 0x20, 0x0, 0x3f, 0xff, 0xff,
    0xff, 0xff, 0xff, 0xff, 0xff, 0xff, 0xff, 0xe0,
    0x0, 0x3f, 0xff, 0xff, 0xff, 0xff, 0xff, 0xff,
    0xff, 0xff, 0xff, 0xe0, 0x0, 0x3f, 0xf7, 0x33,
    0x33, 0x33, 0x33, 0x33, 0x33, 0x33, 0x33, 0x30,
    0x0, 0x3f, 0xf5, 0x0, 0xe, 0xf8, 0x0, 0x0,
    0x7f, 0xf0, 0x0, 0x0, 0x0, 0x3f, 0xf6, 0x44,
    0x4f, 0xfa, 0x44, 0x44, 0x9f, 0xf4, 0x44, 0x20,
    0x0, 0x3f, 0xfa, 0xff, 0xff, 0xff, 0xff, 0xff,
    0xff, 0xff, 0xff, 0xa0, 0x0, 0x3f, 0xf9, 0xcc,
    0xcf, 0xfe, 0xcc, 0xcc, 0xef, 0xfc, 0xcc, 0x80,
    0x0, 0x3f, 0xf5, 0x0, 0xe, 0xf8, 0x0, 0x0,
    0x7f, 0xf0, 0x0, 0x0, 0x0, 0x4f, 0xf4, 0x0,
    0xe, 0xfe, 0xcc, 0xcc, 0xef, 0xf0, 0x0, 0x0,
    0x0, 0x4f, 0xf3, 0x0, 0xe, 0xff, 0xff, 0xff,
    0xff, 0xf0, 0x0, 0x0, 0x0, 0x5f, 0xf2, 0x0,
    0x3, 0x33, 0x33, 0x33, 0x33, 0x30, 0x0, 0x0,
    0x0, 0x6f, 0xf1, 0x34, 0x44, 0x44, 0x44, 0x44,
    0x44, 0x44, 0x0, 0x0, 0x0, 0x8f, 0xf0, 0xef,
    0xff, 0xff, 0xff, 0xff, 0xff, 0xff, 0xe1, 0x0,
    0x0, 0xaf, 0xe0, 0xbc, 0xef, 0xec, 0xcc, 0xcc,
    0xce, 0xff, 0xb0, 0x0, 0x0, 0xdf, 0xb0, 0x0,
    0xdf, 0xf5, 0x0, 0x0, 0x6f, 0xfd, 0x10, 0x0,
    0x0, 0xff, 0x90, 0x0, 0x1d, 0xff, 0xa2, 0x3c,
    0xff, 0xd1, 0x0, 0x0, 0x4, 0xff, 0x50, 0x0,
    0x0, 0xaf, 0xff, 0xff, 0xf9, 0x0, 0x0, 0x0,
    0x9, 0xff, 0x11, 0x24, 0x7a, 0xdf, 0xff, 0xff,
    0xfd, 0x96, 0x42, 0x0, 0x1f, 0xfc, 0xd, 0xff,
    0xff, 0xff, 0xd8, 0xbf, 0xff, 0xff, 0xff, 0xd0,
    0x17, 0xe6, 0x5, 0xfe, 0xc9, 0x52, 0x0, 0x1,
    0x59, 0xcf, 0xff, 0x30, 0x0, 0x0, 0x0, 0x0,
    0x0, 0x0, 0x0, 0x0, 0x0, 0x0, 0x23, 0x0,

    /* U+5EFA "建" */
    0x0, 0x0, 0x0, 0x0, 0x0, 0x0, 0x3, 0x88,
    0x0, 0x0, 0x0, 0x0, 0x1, 0x33, 0x33, 0x52,
    0x0, 0x0, 0x6, 0xff, 0x0, 0x0, 0x0, 0x0,
    0x8, 0xff, 0xff, 0xff, 0x36, 0xbb, 0xbd, 0xff,
    0xbb, 0xbb, 0xb4, 0x0, 0x8, 0xff, 0xff, 0xff,
    0x9, 0xff, 0xff, 0xff, 0xff, 0xff, 0xf5, 0x0,
    0x0, 0x11, 0x2f, 0xf8, 0x2, 0x44, 0x49, 0xff,
    0x44, 0x4f, 0xf5, 0x0, 0x0, 0x0, 0x8f, 0xf1,
    0x0, 0x0, 0x7, 0xff, 0x10, 0xe, 0xf6, 0x0,
    0x0, 0x1, 0xff, 0x80, 0xff, 0xff, 0xff, 0xff,
    0xff, 0xff, 0xff, 0xc0, 0x0, 0x9, 0xfe, 0x0,
    0xde, 0xee, 0xef, 0xff, 0xee, 0xef, 0xfe, 0xa0,
    0x0, 0x3f, 0xf7, 0x30, 0x0, 0x0, 0x6, 0xff,
    0x0, 0xe, 0xf5, 0x0, 0x3, 0xef, 0xff, 0xff,
    0x49, 0xdd, 0xde, 0xff, 0xdd, 0xdf, 0xf5, 0x0,
    0x6, 0xff, 0xff, 0xff, 0x3b, 0xff, 0xff, 0xff,
    0xff, 0xff, 0xf5, 0x0, 0x0, 0x72, 0x26, 0xff,
    0x11, 0x11, 0x17, 0xff, 0x21, 0x11, 0x10, 0x0,
    0x0, 0x33, 0x6, 0xfe, 0xa, 0xbb, 0xbd, 0xff,
    0xbb, 0xbb, 0xb8, 0x0, 0x5, 0xfc, 0x9, 0xfb,
    0xd, 0xff, 0xff, 0xff, 0xff, 0xff, 0xfb, 0x0,
    0x0, 0xff, 0x2d, 0xf8, 0x1, 0x11, 0x17, 0xff,
    0x11, 0x11, 0x10, 0x0, 0x0, 0xaf, 0xbf, 0xf4,
    0x1, 0x11, 0x17, 0xff, 0x11, 0x11, 0x11, 0x0,
    0x0, 0x3f, 0xff, 0xf0, 0xdf, 0xff, 0xff, 0xff,
    0xff, 0xff, 0xff, 0x80, 0x0, 0xa, 0xff, 0xa0,
    0xce, 0xee, 0xef, 0xff, 0xee, 0xee, 0xee, 0x70,
    0x0, 0x6, 0xff, 0xd2, 0x0, 0x0, 0x6, 0xff,
    0x0, 0x0, 0x0, 0x0, 0x0, 0x1e, 0xff, 0xff,
    0x81, 0x0, 0x4, 0xcc, 0x0, 0x0, 0x0, 0x0,
    0x0, 0xcf, 0xf7, 0xef, 0xff, 0xc9, 0x75, 0x54,
    0x44, 0x44, 0x55, 0x51, 0xc, 0xff, 0x80, 0x19,
    0xff, 0xff, 0xff, 0xff, 0xff, 0xff, 0xff, 0xd0,
    0x6, 0xfa, 0x0, 0x0, 0x5, 0x9b, 0xdf, 0xff,
    0xff, 0xff, 0xff, 0x80, 0x0, 0x40, 0x0, 0x0,
    0x0, 0x0, 0x0, 0x0, 0x0, 0x0, 0x0, 0x0,

    /* U+5F00 "开" */
    0x2, 0xaa, 0xaa, 0xaa, 0xaa, 0xaa, 0xaa, 0xaa,
    0xaa, 0xaa, 0xaa, 0x0, 0x4f, 0xff, 0xff, 0xff,
    0xff, 0xff, 0xff, 0xff, 0xff, 0xff, 0xf0, 0x3,
    0xcc, 0xcc, 0xef, 0xfc, 0xcc, 0xcc, 0xcf, 0xfe,
    0xcc, 0xcc, 0x0, 0x0, 0x0, 0x8, 0xff, 0x10,
    0x0, 0x0, 0xff, 0xa0, 0x0, 0x0, 0x0, 0x0,
    0x0, 0x8f, 0xf1, 0x0, 0x0, 0xf, 0xfa, 0x0,
    0x0, 0x0, 0x0, 0x0, 0x8, 0xff, 0x10, 0x0,
    0x0, 0xff, 0xa0, 0x0, 0x0, 0x0, 0x0, 0x0,
    0x8f, 0xf1, 0x0, 0x0, 0xf, 0xfa, 0x0, 0x0,
    0x0, 0x0, 0x0, 0x8, 0xff, 0x10, 0x0, 0x0,
    0xff, 0xa0, 0x0, 0x0, 0x4, 0x44, 0x44, 0xbf,
    0xf5, 0x44, 0x44, 0x5f, 0xfc, 0x44, 0x44, 0x31,
    0xff, 0xff, 0xff, 0xff, 0xff, 0xff, 0xff, 0xff,
    0xff, 0xff, 0xfb, 0x1f, 0xff, 0xff, 0xff, 0xff,
    0xff, 0xff, 0xff, 0xff, 0xff, 0xff, 0xb0, 0x22,
    0x22, 0x2d, 0xfe, 0x22, 0x22, 0x23, 0xff, 0xb2,
    0x22, 0x21, 0x0, 0x0, 0x0, 0xff, 0xc0, 0x0,
    0x0, 0xf, 0xfa, 0x0, 0x0, 0x0, 0x0, 0x0,
    0x4f, 0xf8, 0x0, 0x0, 0x0, 0xff, 0xa0, 0x0,
    0x0, 0x0, 0x0, 0xb, 0xff, 0x40, 0x0, 0x0,
    0xf, 0xfa, 0x0, 0x0, 0x0, 0x0, 0x3, 0xff,
    0xd0, 0x0, 0x0, 0x0, 0xff, 0xa0, 0x0, 0x0,
    0x0, 0x1, 0xdf, 0xf6, 0x0, 0x0, 0x0, 0xf,
    0xfa, 0x0, 0x0, 0x0, 0x1, 0xcf, 0xfc, 0x0,
    0x0, 0x0, 0x0, 0xff, 0xa0, 0x0, 0x0, 0x3,
    0xef, 0xfe, 0x10, 0x0, 0x0, 0x0, 0xf, 0xfa,
    0x0, 0x0, 0x0, 0xaf, 0xfe, 0x20, 0x0, 0x0,
    0x0, 0x0, 0xff, 0xa0, 0x0, 0x0, 0x0, 0x8b,
    0x10, 0x0, 0x0, 0x0, 0x0, 0xf, 0xfa, 0x0,
    0x0, 0x0, 0x0, 0x0, 0x0, 0x0, 0x0, 0x0,
    0x0, 0x0, 0x0, 0x0, 0x0,

    /* U+5F55 "录" */
    0x0, 0x11, 0x11, 0x11, 0x11, 0x11, 0x11, 0x11,
    0x32, 0x10, 0x0, 0x1, 0xff, 0xff, 0xff, 0xff,
    0xff, 0xff, 0xff, 0xff, 0xe0, 0x0, 0x1, 0xff,
    0xff, 0xff, 0xff, 0xff, 0xff, 0xff, 0xff, 0xe0,
    0x0, 0x0, 0x44, 0x44, 0x44, 0x44, 0x44, 0x44,
    0x44, 0xff, 0xd0, 0x0, 0x0, 0x13, 0x33, 0x33,
    0x33, 0x33, 0x33, 0x33, 0xff, 0xc0, 0x0, 0x0,
    0x5f, 0xff, 0xff, 0xff, 0xff, 0xff, 0xff, 0xff,
    0xb0, 0x0, 0x0, 0x5f, 0xff, 0xff, 0xff, 0xff,
    0xff, 0xff, 0xff, 0xa0, 0x0, 0x0, 0x1, 0x11,
    0x11, 0x11, 0x11, 0x11, 0x14, 0xff, 0x90, 0x0,
    0x35, 0x55, 0x55, 0x55, 0x55, 0x55, 0x55, 0x57,
    0xff, 0xa5, 0x52, 0xaf, 0xff, 0xff, 0xff, 0xff,
    0xff, 0xff, 0xff, 0xff, 0xff, 0xf7, 0xaf, 0xff,
    0xff, 0xff, 0xff, 0xff, 0xff, 0xff, 0xff, 0xff,
    0xf6, 0x0, 0x9, 0x30, 0x0, 0x9, 0xff, 0x20,
    0x0, 0x7, 0x90, 0x0, 0x0, 0xcf, 0xfa, 0x10,
    0x9, 0xff, 0xa0, 0x0, 0x9f, 0xfd, 0x0, 0x0,
    0x3d, 0xff, 0xe4, 0x9, 0xff, 0xf6, 0x1c, 0xff,
    0xe3, 0x0, 0x0, 0x0, 0x8f, 0xf8, 0x9, 0xff,
    0xff, 0xef, 0xfa, 0x10, 0x0, 0x0, 0x0, 0x4,
    0x86, 0xcf, 0xff, 0xef, 0xff, 0x50, 0x0, 0x0,
    0x0, 0x0, 0x4a, 0xff, 0xff, 0xff, 0x3e, 0xff,
    0x80, 0x0, 0x0, 0x2, 0x8e, 0xff, 0xff, 0xab,
    0xff, 0x13, 0xef, 0xfd, 0x50, 0x0, 0x7f, 0xff,
    0xfe, 0x81, 0x9, 0xff, 0x10, 0x1c, 0xff, 0xfe,
    0x83, 0x1e, 0xfc, 0x60, 0x22, 0x2a, 0xff, 0x10,
    0x0, 0x7f, 0xff, 0xf2, 0x4, 0x30, 0x0, 0xbf,
    0xff, 0xff, 0x0, 0x0, 0x1, 0x7e, 0x60, 0x0,
    0x0, 0x0, 0x4f, 0xff, 0xc4, 0x0, 0x0, 0x0,
    0x0, 0x0, 0x0, 0x0, 0x0, 0x0, 0x0, 0x0,
    0x0, 0x0, 0x0, 0x0, 0x0,

    /* U+5FC3 "心" */
    0x0, 0x0, 0x0, 0x0, 0x3, 0x0, 0x0, 0x0,
    0x0, 0x0, 0x0, 0x0, 0x0, 0x0, 0x0, 0x0,
    0x4f, 0xe4, 0x0, 0x0, 0x0, 0x0, 0x0, 0x0,
    0x0, 0x0, 0x0, 0x0, 0x9f, 0xff, 0x80, 0x0,
    0x0, 0x0, 0x0, 0x0, 0x0, 0x0, 0x0, 0x0,
    0x6, 0xff, 0xfc, 0x10, 0x0, 0x0, 0x0, 0x0,
    0x0, 0x0, 0x0, 0x0, 0x0, 0x2d, 0xff, 0xe3,
    0x0, 0x0, 0x0, 0x0, 0x0, 0x0, 0x0, 0x0,
    0x0, 0x1, 0xcf, 0xff, 0x20, 0x0, 0x0, 0x0,
    0x0, 0x0, 0x0, 0x1, 0x21, 0x0, 0xa, 0xf9,
    0x0, 0x0, 0x0, 0x0, 0x0, 0x0, 0x0, 0xe,
    0xfc, 0x0, 0x0, 0x60, 0x0, 0x1, 0x10, 0x0,
    0x0, 0x17, 0x40, 0xe, 0xfc, 0x0, 0x0, 0x0,
    0x0, 0xaf, 0x90, 0x0, 0x0, 0x4f, 0xf4, 0xe,
    0xfc, 0x0, 0x0, 0x0, 0x0, 0xcf, 0xf1, 0x0,
    0x0, 0x6f, 0xf3, 0xe, 0xfc, 0x0, 0x0, 0x0,
    0x0, 0x5f, 0xf7, 0x0, 0x0, 0x8f, 0xf1, 0xe,
    0xfc, 0x0, 0x0, 0x0, 0x0, 0xf, 0xfd, 0x0,
    0x0, 0xbf, 0xe0, 0xe, 0xfc, 0x0, 0x0, 0x0,
    0x0, 0xa, 0xff, 0x30, 0x0, 0xef, 0xb0, 0xe,
    0xfc, 0x0, 0x0, 0x0, 0x0, 0x4, 0xff, 0x80,
    0x2, 0xff, 0x80, 0xe, 0xfc, 0x0, 0x0, 0x0,
    0x0, 0x0, 0xff, 0xd0, 0x6, 0xff, 0x50, 0xe,
    0xfc, 0x0, 0x0, 0x0, 0x69, 0x20, 0xbf, 0xf2,
    0xb, 0xff, 0x20, 0xe, 0xfc, 0x0, 0x0, 0x0,
    0x7f, 0xf0, 0x7f, 0xf4, 0xe, 0xfe, 0x0, 0xe,
    0xfc, 0x0, 0x0, 0x0, 0x8f, 0xe0, 0x37, 0x10,
    0x0, 0x57, 0x0, 0xe, 0xfc, 0x0, 0x0, 0x0,
    0xbf, 0xc0, 0x0, 0x0, 0x0, 0x0, 0x0, 0xd,
    0xff, 0x76, 0x66, 0x68, 0xff, 0x80, 0x0, 0x0,
    0x0, 0x0, 0x0, 0x9, 0xff, 0xff, 0xff, 0xff,
    0xff, 0x30, 0x0, 0x0, 0x0, 0x0, 0x0, 0x0,
    0x9e, 0xff, 0xff, 0xff, 0xd5, 0x0, 0x0, 0x0,

    /* U+6001 "态" */
    0x0, 0x0, 0x0, 0x0, 0x0, 0x28, 0x83, 0x0,
    0x0, 0x0, 0x0, 0x0, 0x0, 0x0, 0x0, 0x0,
    0x0, 0x5f, 0xf5, 0x0, 0x0, 0x0, 0x0, 0x0,
    0x0, 0x0, 0x0, 0x0, 0x0, 0x7f, 0xf3, 0x0,
    0x0, 0x0, 0x0, 0x0, 0x1, 0x22, 0x22, 0x22,
    0x22, 0xaf, 0xf3, 0x22, 0x22, 0x22, 0x22, 0x20,
    0xc, 0xff, 0xff, 0xff, 0xff, 0xff, 0xff, 0xff,
    0xff, 0xff, 0xff, 0xe0, 0xc, 0xff, 0xff, 0xff,
    0xff, 0xff, 0xff, 0xff, 0xff, 0xff, 0xff, 0xe0,
    0x2, 0x33, 0x33, 0x33, 0x39, 0xff, 0xef, 0xf5,
    0x33, 0x33, 0x33, 0x30, 0x0, 0x0, 0x0, 0x0,
    0xe, 0xff, 0x4f, 0xfb, 0x0, 0x0, 0x0, 0x0,
    0x0, 0x0, 0x0, 0x0, 0x9f, 0xf8, 0xa, 0xff,
    0x80, 0x0, 0x0, 0x0, 0x0, 0x0, 0x0, 0x7,
    0xff, 0xe0, 0x1, 0xef, 0xf8, 0x0, 0x0, 0x0,
    0x0, 0x0, 0x1, 0xaf, 0xff, 0x67, 0x0, 0x4f,
    0xff, 0xb2, 0x0, 0x0, 0x0, 0x0, 0x7e, 0xff,
    0xfb, 0xff, 0xe4, 0x5, 0xff, 0xff, 0x93, 0x0,
    0x5, 0xaf, 0xff, 0xfd, 0x21, 0xaf, 0xff, 0x80,
    0x3e, 0xff, 0xff, 0xd1, 0x7, 0xff, 0xfe, 0x70,
    0x0, 0x6, 0xff, 0xc1, 0x0, 0x8f, 0xff, 0x70,
    0x0, 0xdb, 0x50, 0x0, 0x0, 0x4d, 0x96, 0x0,
    0x0, 0x1, 0x6a, 0x0, 0x0, 0x5, 0x20, 0x36,
    0x60, 0xdf, 0xf5, 0x0, 0x0, 0x5a, 0x40, 0x0,
    0x0, 0xe, 0xf7, 0x9f, 0xf0, 0x1d, 0xff, 0x30,
    0x0, 0xdf, 0xd0, 0x0, 0x0, 0x3f, 0xf4, 0x9f,
    0xf0, 0x2, 0xff, 0xe1, 0x0, 0x5f, 0xf6, 0x0,
    0x0, 0x8f, 0xf0, 0x9f, 0xf0, 0x0, 0x5f, 0x90,
    0x5a, 0x4d, 0xfd, 0x0, 0x0, 0xef, 0xb0, 0x9f,
    0xf0, 0x0, 0x2, 0x0, 0x8f, 0xe6, 0xff, 0x40,
    0x6, 0xff, 0x60, 0x9f, 0xf6, 0x44, 0x44, 0x45,
    0xef, 0xb1, 0xff, 0xb0, 0x9, 0xff, 0x0, 0x5f,
    0xff, 0xff, 0xff, 0xff, 0xff, 0x60, 0xaf, 0xc0,
    0x0, 0x35, 0x0, 0x8, 0xdf, 0xff, 0xff, 0xff,
    0xe8, 0x0, 0x32, 0x0,

    /* U+603B "总" */
    0x0, 0x0, 0x0, 0x0, 0x0, 0x0, 0x0, 0x0,
    0x0, 0x0, 0x0, 0x0, 0x0, 0x0, 0x0, 0x6e,
    0x80, 0x0, 0x0, 0x4, 0xf9, 0x20, 0x0, 0x0,
    0x0, 0x0, 0x0, 0xcf, 0xf4, 0x0, 0x0, 0xb,
    0xff, 0x50, 0x0, 0x0, 0x0, 0x0, 0x0, 0x2f,
    0xfd, 0x0, 0x0, 0x3f, 0xfb, 0x0, 0x0, 0x0,
    0x0, 0x0, 0x0, 0x8, 0xff, 0x50, 0x0, 0xbf,
    0xf2, 0x0, 0x0, 0x0, 0x0, 0x0, 0x67, 0x79,
    0xfd, 0x77, 0x78, 0xff, 0xd7, 0x77, 0x0, 0x0,
    0x0, 0x0, 0xdf, 0xff, 0xff, 0xff, 0xff, 0xff,
    0xff, 0xff, 0x0, 0x0, 0x0, 0x0, 0xdf, 0xff,
    0xff, 0xff, 0xff, 0xff, 0xff, 0xff, 0x0, 0x0,
    0x0, 0x0, 0xdf, 0xf0, 0x0, 0x0, 0x0, 0x0,
    0xe, 0xff, 0x0, 0x0, 0x0, 0x0, 0xdf, 0xf0,
    0x0, 0x0, 0x0, 0x0, 0xe, 0xff, 0x0, 0x0,
    0x0, 0x0, 0xdf, 0xf0, 0x0, 0x0, 0x0, 0x0,
    0xe, 0xff, 0x0, 0x0, 0x0, 0x0, 0xdf, 0xff,
    0xff, 0xff, 0xff, 0xff, 0xff, 0xff, 0x0, 0x0,
    0x0, 0x0, 0xdf, 0xff, 0xff, 0xff, 0xff, 0xff,
    0xff, 0xff, 0x0, 0x0, 0x0, 0x0, 0x67, 0x77,
    0x77, 0x7d, 0xa7, 0x77, 0x77, 0x77, 0x0, 0x0,
    0x0, 0x0, 0x0, 0x0, 0x0, 0x8f, 0xf6, 0x0,
    0x0, 0x0, 0x0, 0x0, 0x0, 0x15, 0x20, 0x6c,
    0xc2, 0x3e, 0xff, 0x70, 0x0, 0x4d, 0x70, 0x0,
    0x0, 0x5f, 0xf3, 0x8f, 0xf3, 0x2, 0xef, 0xf6,
    0x0, 0xaf, 0xf4, 0x0, 0x0, 0x9f, 0xf0, 0x8f,
    0xf3, 0x0, 0x2e, 0xf8, 0x0, 0xe, 0xfe, 0x0,
    0x0, 0xef, 0xc0, 0x8f, 0xf3, 0x0, 0x3, 0x70,
    0x13, 0x4, 0xff, 0x80, 0x5, 0xff, 0x70, 0x8f,
    0xf3, 0x0, 0x0, 0x0, 0x4f, 0xd2, 0xbf, 0xf1,
    0xe, 0xff, 0x10, 0x7f, 0xfa, 0x55, 0x55, 0x55,
    0xcf, 0xf1, 0x3f, 0xb1, 0x3, 0xa7, 0x0, 0x3f,
    0xff, 0xff, 0xff, 0xff, 0xff, 0xc0, 0x4, 0x0,
    0x0, 0x0, 0x0, 0x6, 0xcf, 0xff, 0xff, 0xff,
    0xfb, 0x20, 0x0, 0x0,

    /* U+606F "息" */
    0x0, 0x0, 0x0, 0x0, 0x0, 0x25, 0x31, 0x0,
    0x0, 0x0, 0x0, 0x0, 0x0, 0x0, 0x0, 0x0,
    0x8, 0xff, 0x90, 0x0, 0x0, 0x0, 0x0, 0x0,
    0x0, 0x0, 0x0, 0x0, 0xdf, 0xf2, 0x0, 0x0,
    0x0, 0x0, 0x0, 0x0, 0x8, 0xff, 0xff, 0xff,
    0xff, 0xff, 0xff, 0xff, 0x80, 0x0, 0x0, 0x0,
    0x8f, 0xfe, 0xee, 0xee, 0xee, 0xee, 0xef, 0xf8,
    0x0, 0x0, 0x0, 0x8, 0xfe, 0x0, 0x0, 0x0,
    0x0, 0x1, 0xff, 0x80, 0x0, 0x0, 0x0, 0x8f,
    0xfd, 0xdd, 0xdd, 0xdd, 0xdd, 0xdf, 0xf8, 0x0,
    0x0, 0x0, 0x8, 0xff, 0xff, 0xff, 0xff, 0xff,
    0xff, 0xff, 0x80, 0x0, 0x0, 0x0, 0x8f, 0xe0,
    0x0, 0x0, 0x0, 0x0, 0x1f, 0xf8, 0x0, 0x0,
    0x0, 0x8, 0xff, 0xdd, 0xdd, 0xdd, 0xdd, 0xdd,
    0xff, 0x80, 0x0, 0x0, 0x0, 0x8f, 0xff, 0xff,
    0xff, 0xff, 0xff, 0xff, 0xf8, 0x0, 0x0, 0x0,
    0x8, 0xfe, 0x0, 0x0, 0x0, 0x0, 0x1, 0xff,
    0x80, 0x0, 0x0, 0x0, 0x8f, 0xf3, 0x33, 0x33,
    0x33, 0x33, 0x4f, 0xf8, 0x0, 0x0, 0x0, 0x8,
    0xff, 0xff, 0xff, 0xff, 0xff, 0xff, 0xff, 0x80,
    0x0, 0x0, 0x0, 0x6c, 0xcc, 0xcc, 0xcf, 0xec,
    0xcc, 0xcc, 0xc6, 0x0, 0x0, 0x0, 0x0, 0x0,
    0x0, 0xa, 0xfe, 0x20, 0x0, 0x0, 0x12, 0x0,
    0x0, 0xb, 0x50, 0x89, 0x60, 0x2f, 0xfd, 0x0,
    0x0, 0x9f, 0xd0, 0x0, 0x5, 0xff, 0x4e, 0xfb,
    0x0, 0x4f, 0xf9, 0x0, 0x7, 0xff, 0x70, 0x0,
    0xcf, 0xe0, 0xef, 0xb0, 0x0, 0x9f, 0x80, 0x86,
    0x2d, 0xff, 0x10, 0x3f, 0xf8, 0xe, 0xfb, 0x0,
    0x1, 0x20, 0xc, 0xfa, 0x6f, 0xf8, 0xc, 0xff,
    0x10, 0xdf, 0xe6, 0x55, 0x55, 0x57, 0xff, 0x70,
    0xef, 0xc0, 0x6e, 0xa0, 0xa, 0xff, 0xff, 0xff,
    0xff, 0xff, 0xf2, 0x7, 0x50, 0x0, 0x1, 0x0,
    0x1a, 0xef, 0xff, 0xff, 0xff, 0xd6, 0x0, 0x0,
    0x0,

    /* U+610F "意" */
    0x0, 0x0, 0x0, 0x0, 0x1, 0x69, 0x20, 0x0,
    0x0, 0x0, 0x0, 0x0, 0x0, 0x0, 0x0, 0x2,
    0xff, 0x90, 0x0, 0x0, 0x0, 0x0, 0x0, 0xff,
    0xff, 0xff, 0xff, 0xff, 0xff, 0xff, 0xff, 0xff,
    0x50, 0x0, 0xff, 0xff, 0xff, 0xff, 0xff, 0xff,
    0xff, 0xff, 0xff, 0x60, 0x0, 0x11, 0x15, 0xdf,
    0x21, 0x11, 0x11, 0xaf, 0xc2, 0x11, 0x0, 0x0,
    0x0, 0x2, 0xff, 0x80, 0x0, 0x1, 0xff, 0xb0,
    0x0, 0x0, 0x2f, 0xff, 0xff, 0xff, 0xff, 0xff,
    0xff, 0xff, 0xff, 0xff, 0xfa, 0x2f, 0xff, 0xff,
    0xff, 0xff, 0xff, 0xff, 0xff, 0xff, 0xff, 0xfa,
    0x0, 0x0, 0x0, 0x0, 0x0, 0x0, 0x0, 0x0,
    0x0, 0x0, 0x0, 0x0, 0x6, 0xff, 0xff, 0xff,
    0xff, 0xff, 0xff, 0xff, 0xf0, 0x0, 0x0, 0x6,
    0xff, 0xaa, 0xaa, 0xaa, 0xaa, 0xaa, 0xdf, 0xf0,
    0x0, 0x0, 0x6, 0xff, 0x10, 0x0, 0x0, 0x0,
    0x0, 0x9f, 0xf0, 0x0, 0x0, 0x6, 0xff, 0xff,
    0xff, 0xff, 0xff, 0xff, 0xff, 0xf0, 0x0, 0x0,
    0x6, 0xff, 0x88, 0x88, 0x88, 0x88, 0x88, 0xcf,
    0xf0, 0x0, 0x0, 0x6, 0xff, 0x99, 0x99, 0x99,
    0x99, 0x99, 0xcf, 0xf0, 0x0, 0x0, 0x6, 0xff,
    0xff, 0xff, 0xff, 0xff, 0xff, 0xff, 0xf0, 0x0,
    0x0, 0x0, 0x0, 0x0, 0xa, 0xfc, 0x20, 0x0,
    0x0, 0x10, 0x0, 0x0, 0x9, 0x30, 0x57, 0x58,
    0xff, 0xf5, 0x0, 0x8, 0xe6, 0x0, 0x0, 0x6f,
    0xf3, 0xdf, 0xa0, 0x3d, 0xfc, 0x0, 0xa, 0xff,
    0x20, 0x1, 0xef, 0xb0, 0xdf, 0xa0, 0x0, 0x81,
    0x4c, 0x70, 0xef, 0xd0, 0xc, 0xff, 0x20, 0xdf,
    0xc1, 0x11, 0x11, 0x9f, 0xd0, 0x4f, 0xf7, 0x5f,
    0xf7, 0x0, 0xaf, 0xff, 0xff, 0xff, 0xff, 0x90,
    0xb, 0xd6, 0x2, 0x60, 0x0, 0x2b, 0xef, 0xff,
    0xff, 0xfb, 0x10, 0x1, 0x0,

    /* U+611F "感" */
    0x0, 0x0, 0x0, 0x0, 0x0, 0x0, 0x1, 0x55,
    0x0, 0x40, 0x0, 0x0, 0x0, 0x0, 0x0, 0x0,
    0x0, 0x0, 0x3, 0xff, 0x29, 0xfd, 0x20, 0x0,
    0x0, 0x0, 0x10, 0x0, 0x0, 0x0, 0x3, 0xff,
    0x31, 0xbf, 0xd0, 0x0, 0x0, 0x3f, 0xff, 0xff,
    0xff, 0xff, 0xff, 0xff, 0xff, 0xff, 0xff, 0xd0,
    0x0, 0x3f, 0xff, 0xff, 0xff, 0xff, 0xff, 0xff,
    0xff, 0xff, 0xff, 0xd0, 0x0, 0x3f, 0xf3, 0x0,
    0x0, 0x0, 0x0, 0xff, 0x70, 0x1, 0x0, 0x0,
    0x0, 0x3f, 0xf4, 0xbb, 0xbb, 0xbb, 0xb3, 0xdf,
    0x90, 0xb, 0xf9, 0x0, 0x0, 0x3f, 0xf4, 0xff,
    0xff, 0xff, 0xf5, 0xbf, 0xb0, 0x2f, 0xf6, 0x0,
    0x0, 0x4f, 0xf1, 0x0, 0x0, 0x0, 0x0, 0x8f,
    0xf0, 0xbf, 0xe0, 0x0, 0x0, 0x5f, 0xf0, 0xcc,
    0xcc, 0xcc, 0xc0, 0x4f, 0xf8, 0xff, 0x60, 0x0,
    0x0, 0x7f, 0xe0, 0xff, 0xff, 0xff, 0xf0, 0xf,
    0xff, 0xfc, 0x0, 0x0, 0x0, 0xbf, 0xb0, 0xff,
    0x0, 0xf, 0xf0, 0xa, 0xff, 0xe2, 0xb, 0x80,
    0x0, 0xff, 0x80, 0xff, 0x21, 0x1f, 0xf0, 0x3e,
    0xff, 0xa0, 0xe, 0xf2, 0x6, 0xff, 0x30, 0xff,
    0xff, 0xff, 0xf8, 0xff, 0xff, 0xfa, 0x8f, 0xf0,
    0xe, 0xfd, 0x0, 0x99, 0x99, 0x99, 0x98, 0xfe,
    0x4d, 0xff, 0xff, 0xa0, 0x5, 0xf6, 0x0, 0x0,
    0x0, 0x18, 0x30, 0x61, 0x1, 0x8d, 0xeb, 0x10,
    0x0, 0x40, 0x0, 0x56, 0x40, 0xcf, 0xf2, 0x0,
    0x0, 0x2, 0x30, 0x0, 0x0, 0xc, 0x81, 0xef,
    0xb0, 0x1d, 0xfe, 0x10, 0x0, 0xaf, 0xe0, 0x0,
    0x0, 0x6f, 0xf4, 0xef, 0xb0, 0x2, 0xff, 0xc0,
    0x64, 0x4f, 0xf8, 0x0, 0x0, 0xef, 0xc0, 0xef,
    0xb0, 0x0, 0x6a, 0x20, 0xbf, 0xba, 0xff, 0x20,
    0x7, 0xff, 0x50, 0xdf, 0xd1, 0x0, 0x0, 0x2,
    0xff, 0x82, 0xff, 0xa0, 0xa, 0xfd, 0x0, 0xaf,
    0xff, 0xff, 0xff, 0xff, 0xff, 0x30, 0xbb, 0x50,
    0x0, 0x12, 0x0, 0x1a, 0xef, 0xff, 0xff, 0xff,
    0xd6, 0x0, 0x0, 0x0,

    /* U+6210 "成" */
    0x0, 0x0, 0x0, 0x0, 0x0, 0x0, 0x34, 0x40,
    0x4, 0x0, 0x0, 0x0, 0x0, 0x0, 0x0, 0x0,
    0x0, 0xa, 0xff, 0x9, 0xfd, 0x30, 0x0, 0x0,
    0x0, 0x0, 0x0, 0x0, 0x0, 0xaf, 0xf0, 0x8f,
    0xff, 0x80, 0x0, 0x0, 0x0, 0x0, 0x0, 0x0,
    0x9, 0xff, 0x0, 0x2d, 0xff, 0x20, 0x0, 0x49,
    0x99, 0x99, 0x99, 0x99, 0xdf, 0xf9, 0x99, 0x9f,
    0xc9, 0x60, 0x7, 0xff, 0xff, 0xff, 0xff, 0xff,
    0xff, 0xff, 0xff, 0xff, 0xfc, 0x0, 0x7f, 0xff,
    0xff, 0xff, 0xff, 0xff, 0xff, 0xff, 0xff, 0xff,
    0xb0, 0x7, 0xff, 0x30, 0x0, 0x0, 0x5, 0xff,
    0x40, 0x0, 0x0, 0x0, 0x0, 0x7f, 0xf3, 0x0,
    0x0, 0x0, 0x4f, 0xf5, 0x0, 0x27, 0x30, 0x0,
    0x7, 0xff, 0x74, 0x44, 0x54, 0x22, 0xff, 0x70,
    0x7, 0xff, 0x40, 0x0, 0x7f, 0xff, 0xff, 0xff,
    0xf6, 0xf, 0xf9, 0x0, 0xdf, 0xe0, 0x0, 0x7,
    0xff, 0xff, 0xff, 0xff, 0x60, 0xef, 0xc0, 0x4f,
    0xf8, 0x0, 0x0, 0x8f, 0xf3, 0x0, 0x2f, 0xf6,
    0xb, 0xff, 0xb, 0xff, 0x20, 0x0, 0x8, 0xff,
    0x20, 0x2, 0xff, 0x50, 0x8f, 0xf6, 0xff, 0xa0,
    0x0, 0x0, 0x9f, 0xf1, 0x0, 0x2f, 0xf5, 0x5,
    0xff, 0xff, 0xf2, 0x0, 0x0, 0xa, 0xff, 0x0,
    0x4, 0xff, 0x40, 0x1f, 0xff, 0xf8, 0x0, 0x0,
    0x0, 0xcf, 0xe0, 0x0, 0x6f, 0xf2, 0x0, 0xdf,
    0xfd, 0x0, 0x38, 0x0, 0xf, 0xfc, 0x6e, 0xdf,
    0xff, 0x0, 0x3f, 0xff, 0x60, 0x5, 0xfd, 0x2,
    0xff, 0x91, 0xff, 0xff, 0x90, 0x4f, 0xff, 0xfc,
    0x0, 0x6f, 0xd0, 0x7f, 0xf5, 0x6, 0x77, 0x40,
    0x6f, 0xff, 0xef, 0xf6, 0x9, 0xfa, 0xe, 0xff,
    0x0, 0x0, 0x2, 0xbf, 0xff, 0x82, 0xff, 0xfb,
    0xff, 0x75, 0xff, 0xa0, 0x0, 0x0, 0x2e, 0xff,
    0x60, 0x6, 0xff, 0xff, 0xf1, 0x6, 0xf2, 0x0,
    0x0, 0x0, 0x3d, 0x30, 0x0, 0x4, 0xcf, 0xe5,
    0x0, 0x2, 0x0, 0x0, 0x0, 0x0, 0x0, 0x0,
    0x0, 0x0, 0x0, 0x0,

    /* U+6211 "我" */
    0x0, 0x0, 0x0, 0x0, 0x0, 0x0, 0x1, 0x21,
    0x0, 0x0, 0x0, 0x0, 0x0, 0x0, 0x0, 0x3,
    0x7b, 0xf4, 0xd, 0xfd, 0x0, 0x62, 0x0, 0x0,
    0x1, 0x46, 0x9c, 0xff, 0xff, 0xff, 0x2c, 0xfd,
    0xb, 0xfe, 0x30, 0x0, 0x8, 0xff, 0xff, 0xff,
    0xfd, 0x95, 0x1c, 0xfd, 0x4, 0xff, 0xe2, 0x0,
    0x3, 0xfe, 0xca, 0xff, 0x80, 0x0, 0xb, 0xfe,
    0x0, 0x4f, 0xfe, 0x10, 0x0, 0x0, 0x0, 0xff,
    0x80, 0x0, 0xb, 0xff, 0x0, 0x6, 0xfe, 0x30,
    0x0, 0x0, 0x0, 0xff, 0x80, 0x0, 0xa, 0xff,
    0x0, 0x0, 0x60, 0x0, 0x5, 0x66, 0x67, 0xff,
    0xb6, 0x66, 0x6c, 0xff, 0x76, 0x66, 0x66, 0x50,
    0xc, 0xff, 0xff, 0xff, 0xff, 0xff, 0xff, 0xff,
    0xff, 0xff, 0xff, 0xd0, 0xc, 0xff, 0xff, 0xff,
    0xff, 0xff, 0xff, 0xff, 0xff, 0xff, 0xff, 0xd0,
    0x0, 0x0, 0x1, 0xff, 0x80, 0x0, 0x3, 0xff,
    0x70, 0x0, 0x0, 0x0, 0x0, 0x0, 0x0, 0xff,
    0x80, 0x0, 0x1, 0xff, 0x90, 0xa, 0xc4, 0x0,
    0x0, 0x0, 0x0, 0xff, 0x82, 0x58, 0x50, 0xff,
    0xb0, 0x5f, 0xf9, 0x0, 0x0, 0x1, 0x47, 0xff,
    0xff, 0xff, 0x80, 0xcf, 0xe2, 0xef, 0xe0, 0x0,
    0x1b, 0xef, 0xff, 0xff, 0xff, 0xfe, 0x60, 0x9f,
    0xfe, 0xff, 0x40, 0x0, 0xe, 0xff, 0xff, 0xff,
    0xc4, 0x10, 0x0, 0x5f, 0xff, 0xf7, 0x0, 0x0,
    0x9, 0xb8, 0x52, 0xff, 0x80, 0x0, 0x0, 0x3f,
    0xff, 0x90, 0x3, 0x0, 0x0, 0x0, 0x0, 0xff,
    0x80, 0x0, 0x4, 0xef, 0xff, 0x10, 0xc, 0xa1,
    0x0, 0x0, 0x0, 0xff, 0x80, 0x0, 0x9f, 0xff,
    0xff, 0x60, 0xe, 0xf5, 0x0, 0x0, 0x0, 0xff,
    0x80, 0x6e, 0xff, 0xf7, 0xff, 0xe1, 0x1f, 0xf2,
    0x0, 0x79, 0x9a, 0xff, 0x83, 0xff, 0xfd, 0x20,
    0x7f, 0xfd, 0xbf, 0xf0, 0x0, 0x6f, 0xff, 0xff,
    0x40, 0x4f, 0x70, 0x0, 0xc, 0xff, 0xff, 0x90,
    0x0, 0x1f, 0xfe, 0xb5, 0x0, 0x0, 0x0, 0x0,
    0x0, 0x9f, 0xfb, 0x10, 0x0, 0x0, 0x0, 0x0,
    0x0, 0x0, 0x0, 0x0, 0x0, 0x0, 0x0, 0x0,

    /* U+6237 "户" */
    0x0, 0x0, 0x0, 0x0, 0x0, 0x0, 0x10, 0x0,
    0x0, 0x0, 0x0, 0x0, 0x0, 0x0, 0x0, 0xa,
    0xfe, 0x0, 0x0, 0x0, 0x0, 0x0, 0x0, 0x0,
    0x0, 0x0, 0x8f, 0xf5, 0x0, 0x0, 0x0, 0x0,
    0x0, 0x0, 0x0, 0x0, 0x2, 0xff, 0xb0, 0x0,
    0x0, 0x0, 0x0, 0x4, 0x78, 0x77, 0x77, 0x7f,
    0xfb, 0x77, 0x77, 0x77, 0x30, 0x0, 0x9f, 0xff,
    0xff, 0xff, 0xff, 0xff, 0xff, 0xff, 0xf7, 0x0,
    0x9, 0xff, 0xff, 0xff, 0xff, 0xff, 0xff, 0xff,
    0xff, 0x70, 0x0, 0x9f, 0xf2, 0x0, 0x0, 0x0,
    0x0, 0x0, 0x3f, 0xf7, 0x0, 0x9, 0xff, 0x20,
    0x0, 0x0, 0x0, 0x0, 0x3, 0xff, 0x70, 0x0,
    0x9f, 0xf2, 0x0, 0x0, 0x0, 0x0, 0x0, 0x3f,
    0xf7, 0x0, 0x9, 0xff, 0x43, 0x33, 0x33, 0x33,
    0x33, 0x35, 0xff, 0x70, 0x0, 0xaf, 0xff, 0xff,
    0xff, 0xff, 0xff, 0xff, 0xff, 0xf7, 0x0, 0xa,
    0xff, 0xff, 0xff, 0xff, 0xff, 0xff, 0xff, 0xff,
    0x70, 0x0, 0xcf, 0xf3, 0x33, 0x33, 0x33, 0x33,
    0x33, 0x5f, 0xf7, 0x0, 0xd, 0xfd, 0x0, 0x0,
    0x0, 0x0, 0x0, 0x1, 0x88, 0x30, 0x0, 0xff,
    0xb0, 0x0, 0x0, 0x0, 0x0, 0x0, 0x0, 0x0,
    0x0, 0x3f, 0xf8, 0x0, 0x0, 0x0, 0x0, 0x0,
    0x0, 0x0, 0x0, 0x7, 0xff, 0x50, 0x0, 0x0,
    0x0, 0x0, 0x0, 0x0, 0x0, 0x0, 0xcf, 0xf1,
    0x0, 0x0, 0x0, 0x0, 0x0, 0x0, 0x0, 0x0,
    0x3f, 0xfb, 0x0, 0x0, 0x0, 0x0, 0x0, 0x0,
    0x0, 0x0, 0xb, 0xff, 0x50, 0x0, 0x0, 0x0,
    0x0, 0x0, 0x0, 0x0, 0x4, 0xff, 0xd0, 0x0,
    0x0, 0x0, 0x0, 0x0, 0x0, 0x0, 0x0, 0x5,
    0xe3, 0x0, 0x0, 0x0, 0x0, 0x0, 0x0, 0x0,
    0x0, 0x0, 0x0, 0x0, 0x0, 0x0, 0x0, 0x0,
    0x0, 0x0, 0x0, 0x0,

    /* U+62E9 "择" */
    0x0, 0x0, 0x88, 0x30, 0x0, 0x0, 0x0, 0x0,
    0x0, 0x0, 0x0, 0x0, 0x0, 0x1, 0xff, 0x60,
    0x2, 0x44, 0x44, 0x44, 0x44, 0x44, 0x40, 0x0,
    0x0, 0x1, 0xff, 0x60, 0x9, 0xff, 0xff, 0xff,
    0xff, 0xff, 0xfb, 0x0, 0x0, 0x1, 0xff, 0x60,
    0x9, 0xff, 0xff, 0xff, 0xff, 0xff, 0xf7, 0x0,
    0x0, 0x1, 0xff, 0x60, 0x0, 0xa, 0xfd, 0x10,
    0x2, 0xef, 0xd0, 0x0, 0xe, 0xff, 0xff, 0xff,
    0xf0, 0x1, 0xef, 0xc0, 0x2e, 0xff, 0x20, 0x0,
    0xf, 0xff, 0xff, 0xff, 0xf0, 0x0, 0x3f, 0xfd,
    0xff, 0xf3, 0x0, 0x0, 0x6, 0x77, 0xff, 0xa7,
    0x70, 0x0, 0x6, 0xff, 0xff, 0x30, 0x0, 0x0,
    0x0, 0x1, 0xff, 0x60, 0x0, 0x1, 0x9f, 0xff,
    0xff, 0xd6, 0x0, 0x0, 0x0, 0x1, 0xff, 0x60,
    0x15, 0xbf, 0xff, 0xe7, 0xbf, 0xff, 0xfa, 0x51,
    0x0, 0x1, 0xff, 0x60, 0x5f, 0xff, 0xf8, 0x10,
    0x4, 0xcf, 0xff, 0xe1, 0x0, 0x1, 0xff, 0xde,
    0xbb, 0xc6, 0x0, 0x7f, 0xf1, 0x4, 0xaf, 0x50,
    0x3, 0x8c, 0xff, 0xff, 0xe0, 0x0, 0x0, 0x8f,
    0xf1, 0x0, 0x0, 0x0, 0x1f, 0xff, 0xff, 0xe9,
    0x41, 0xff, 0xff, 0xff, 0xff, 0xff, 0xf7, 0x0,
    0xd, 0xfd, 0xff, 0x60, 0x1, 0xff, 0xff, 0xff,
    0xff, 0xff, 0xf7, 0x0, 0x3, 0x11, 0xff, 0x60,
    0x0, 0x44, 0x44, 0xaf, 0xf5, 0x44, 0x41, 0x0,
    0x0, 0x1, 0xff, 0x60, 0x0, 0x0, 0x0, 0x8f,
    0xf1, 0x0, 0x0, 0x0, 0x0, 0x1, 0xff, 0x60,
    0x4f, 0xff, 0xff, 0xff, 0xff, 0xff, 0xff, 0xf0,
    0x0, 0x1, 0xff, 0x60, 0x4f, 0xff, 0xff, 0xff,
    0xff, 0xff, 0xff, 0xf0, 0x0, 0x1, 0xff, 0x60,
    0x15, 0x55, 0x55, 0xaf, 0xf6, 0x55, 0x55, 0x50,
    0x3, 0x67, 0xff, 0x60, 0x0, 0x0, 0x0, 0x8f,
    0xf1, 0x0, 0x0, 0x0, 0x3, 0xff, 0xff, 0x30,
    0x0, 0x0, 0x0, 0x8f, 0xf1, 0x0, 0x0, 0x0,
    0x0, 0xff, 0xd7, 0x0, 0x0, 0x0, 0x0, 0x8f,
    0xf1, 0x0, 0x0, 0x0, 0x0, 0x0, 0x0, 0x0,
    0x0, 0x0, 0x0, 0x0, 0x0, 0x0, 0x0, 0x0,

    /* U+6301 "持" */
    0x0, 0x1, 0x44, 0x0, 0x0, 0x0, 0x0, 0x3,
    0x30, 0x0, 0x0, 0x0, 0x0, 0x4, 0xff, 0x20,
    0x0, 0x0, 0x0, 0x4f, 0xf3, 0x0, 0x0, 0x0,
    0x0, 0x4, 0xff, 0x20, 0x0, 0x0, 0x0, 0x4f,
    0xf3, 0x0, 0x0, 0x0, 0x0, 0x4, 0xff, 0x20,
    0x2, 0xaa, 0xaa, 0xbf, 0xfb, 0xaa, 0xaa, 0x10,
    0x0, 0x4, 0xff, 0x20, 0x4, 0xff, 0xff, 0xff,
    0xff, 0xff, 0xff, 0x20, 0x1e, 0xef, 0xff, 0xfe,
    0x42, 0xaa, 0xaa, 0xbf, 0xfb, 0xaa, 0xaa, 0x10,
    0x1f, 0xff, 0xff, 0xff, 0x40, 0x0, 0x0, 0x4f,
    0xf3, 0x0, 0x0, 0x0, 0x7, 0x79, 0xff, 0x87,
    0x20, 0x0, 0x0, 0x4f, 0xf3, 0x0, 0x0, 0x0,
    0x0, 0x4, 0xff, 0x20, 0x5f, 0xff, 0xff, 0xff,
    0xff, 0xff, 0xff, 0xf3, 0x0, 0x4, 0xff, 0x20,
    0x5f, 0xff, 0xff, 0xff, 0xff, 0xff, 0xff, 0xf3,
    0x0, 0x4, 0xff, 0x20, 0x39, 0x99, 0x99, 0x99,
    0x9a, 0xff, 0xb9, 0x91, 0x0, 0x4, 0xff, 0xad,
    0x30, 0x0, 0x0, 0x0, 0x2, 0xff, 0x40, 0x0,
    0x3, 0x7c, 0xff, 0xff, 0x64, 0x44, 0x44, 0x44,
    0x46, 0xff, 0x84, 0x40, 0x5f, 0xff, 0xff, 0xe9,
    0x4f, 0xff, 0xff, 0xff, 0xff, 0xff, 0xff, 0xf0,
    0x1f, 0xfe, 0xff, 0x20, 0x1f, 0xff, 0xff, 0xff,
    0xff, 0xff, 0xff, 0xf0, 0x5, 0x14, 0xff, 0x20,
    0x0, 0x4, 0x70, 0x0, 0x2, 0xff, 0x50, 0x0,
    0x0, 0x4, 0xff, 0x20, 0x0, 0x6f, 0xf5, 0x0,
    0x2, 0xff, 0x40, 0x0, 0x0, 0x4, 0xff, 0x20,
    0x0, 0xd, 0xfe, 0x10, 0x2, 0xff, 0x40, 0x0,
    0x0, 0x4, 0xff, 0x20, 0x0, 0x3, 0xff, 0xa0,
    0x2, 0xff, 0x40, 0x0, 0x0, 0x4, 0xff, 0x20,
    0x0, 0x0, 0xaf, 0xa0, 0x2, 0xff, 0x40, 0x0,
    0x4, 0x79, 0xff, 0x10, 0x0, 0x0, 0x24, 0x16,
    0x58, 0xff, 0x40, 0x0, 0x5, 0xff, 0xfe, 0x0,
    0x0, 0x0, 0x0, 0x1f, 0xff, 0xff, 0x20, 0x0,
    0x2, 0xed, 0xb3, 0x0, 0x0, 0x0, 0x0, 0xc,
    0xff, 0xd6, 0x0, 0x0, 0x0, 0x0, 0x0, 0x0,
    0x0, 0x0, 0x0, 0x0, 0x0, 0x0, 0x0, 0x0,

    /* U+63D0 "提" */
    0x0, 0x2, 0x44, 0x0, 0x0, 0x0, 0x0, 0x0,
    0x0, 0x0, 0x0, 0x0, 0x0, 0x7, 0xfe, 0x0,
    0x2, 0xcc, 0xcc, 0xcc, 0xcc, 0xcc, 0xc6, 0x0,
    0x0, 0x7, 0xfe, 0x0, 0x3, 0xff, 0xff, 0xff,
    0xff, 0xff, 0xf8, 0x0, 0x0, 0x7, 0xfe, 0x0,
    0x3, 0xff, 0x31, 0x11, 0x11, 0x1e, 0xf8, 0x0,
    0x0, 0x7, 0xfe, 0x0, 0x3, 0xff, 0x31, 0x11,
    0x11, 0x1e, 0xf8, 0x0, 0x17, 0x7b, 0xff, 0x77,
    0x23, 0xff, 0xff, 0xff, 0xff, 0xff, 0xf8, 0x0,
    0x2f, 0xff, 0xff, 0xff, 0x63, 0xff, 0xa9, 0x99,
    0x99, 0x9f, 0xf8, 0x0, 0x2e, 0xef, 0xff, 0xee,
    0x53, 0xff, 0x30, 0x0, 0x0, 0xe, 0xf8, 0x0,
    0x0, 0x7, 0xfe, 0x0, 0x3, 0xff, 0xff, 0xff,
    0xff, 0xff, 0xf8, 0x0, 0x0, 0x7, 0xfe, 0x0,
    0x2, 0xdd, 0xdd, 0xdd, 0xdd, 0xdd, 0xd7, 0x0,
    0x0, 0x7, 0xfe, 0x0, 0x1, 0x11, 0x11, 0x11,
    0x11, 0x11, 0x11, 0x10, 0x0, 0x7, 0xff, 0x9d,
    0x9f, 0xff, 0xff, 0xff, 0xff, 0xff, 0xff, 0xd0,
    0x4, 0x8d, 0xff, 0xff, 0xbf, 0xff, 0xff, 0xff,
    0xff, 0xff, 0xff, 0xd0, 0x4f, 0xff, 0xff, 0xd8,
    0x20, 0x31, 0x0, 0x9f, 0xd0, 0x0, 0x0, 0x0,
    0xf, 0xed, 0xfe, 0x0, 0x0, 0xff, 0x60, 0x9f,
    0xd0, 0x0, 0x0, 0x0, 0x2, 0x7, 0xfe, 0x0,
    0x2, 0xff, 0x30, 0x9f, 0xfe, 0xee, 0xe7, 0x0,
    0x0, 0x7, 0xfe, 0x0, 0x5, 0xff, 0x10, 0x9f,
    0xff, 0xff, 0xf8, 0x0, 0x0, 0x7, 0xfe, 0x0,
    0xa, 0xff, 0x70, 0x9f, 0xe2, 0x22, 0x21, 0x0,
    0x0, 0x7, 0xfe, 0x0, 0xf, 0xff, 0xe1, 0x9f,
    0xd0, 0x0, 0x0, 0x0, 0x0, 0x7, 0xfe, 0x0,
    0x7f, 0xfa, 0xfd, 0xbf, 0xd0, 0x0, 0x0, 0x0,
    0x4, 0x4a, 0xfe, 0x2, 0xff, 0xa0, 0xdf, 0xff,
    0xe4, 0x33, 0x33, 0x31, 0x9, 0xff, 0xfc, 0x1e,
    0xff, 0x10, 0x1c, 0xff, 0xff, 0xff, 0xff, 0xf2,
    0x5, 0xff, 0xc3, 0x5, 0xf5, 0x0, 0x0, 0x5a,
    0xdf, 0xff, 0xff, 0xd0, 0x0, 0x0, 0x0, 0x0,
    0x10, 0x0, 0x0, 0x0, 0x0, 0x0, 0x0, 0x0,

    /* U+653E "放" */
    0x0, 0x0, 0x0, 0x40, 0x0, 0x0, 0x0, 0x32,
    0x0, 0x0, 0x0, 0x0, 0x0, 0x0, 0x2f, 0xf5,
    0x0, 0x0, 0x0, 0xdf, 0xd0, 0x0, 0x0, 0x0,
    0x0, 0x0, 0xc, 0xfb, 0x0, 0x0, 0x0, 0xff,
    0xa0, 0x0, 0x0, 0x0, 0x0, 0x0, 0x7, 0xfe,
    0x0, 0x0, 0x4, 0xff, 0x70, 0x0, 0x0, 0x0,
    0xa, 0xaa, 0xab, 0xea, 0xaa, 0xa6, 0x7, 0xff,
    0x30, 0x0, 0x0, 0x0, 0xf, 0xff, 0xff, 0xff,
    0xff, 0xf9, 0xc, 0xff, 0xff, 0xff, 0xff, 0xf3,
    0xc, 0xce, 0xff, 0xcc, 0xcc, 0xc7, 0x1f, 0xff,
    0xff, 0xff, 0xff, 0xf4, 0x0, 0x8, 0xfe, 0x0,
    0x0, 0x0, 0x7f, 0xfa, 0x77, 0x8f, 0xfa, 0x71,
    0x0, 0x8, 0xfe, 0x0, 0x0, 0x0, 0xdf, 0xf8,
    0x0, 0x4f, 0xf4, 0x0, 0x0, 0x8, 0xff, 0x66,
    0x76, 0x45, 0xff, 0xfb, 0x0, 0x7f, 0xf1, 0x0,
    0x0, 0x8, 0xff, 0xff, 0xff, 0xbd, 0xff, 0xff,
    0x0, 0xbf, 0xd0, 0x0, 0x0, 0x8, 0xff, 0xff,
    0xff, 0xff, 0xfb, 0xff, 0x40, 0xff, 0x90, 0x0,
    0x0, 0x9, 0xfe, 0x0, 0xcf, 0xaa, 0xf1, 0xdf,
    0xa4, 0xff, 0x50, 0x0, 0x0, 0x9, 0xfd, 0x0,
    0xdf, 0x90, 0x30, 0x8f, 0xfb, 0xff, 0x0, 0x0,
    0x0, 0xb, 0xfc, 0x0, 0xdf, 0x90, 0x0, 0x2f,
    0xff, 0xf9, 0x0, 0x0, 0x0, 0xd, 0xfa, 0x0,
    0xef, 0x90, 0x0, 0xc, 0xff, 0xf3, 0x0, 0x0,
    0x0, 0xf, 0xf8, 0x0, 0xef, 0x80, 0x0, 0x6,
    0xff, 0xd0, 0x0, 0x0, 0x0, 0x5f, 0xf4, 0x0,
    0xff, 0x70, 0x0, 0x1e, 0xff, 0xf5, 0x0, 0x0,
    0x0, 0xbf, 0xf0, 0x0, 0xff, 0x60, 0x1, 0xdf,
    0xff, 0xff, 0x40, 0x0, 0x3, 0xff, 0x90, 0x2,
    0xff, 0x50, 0x4e, 0xff, 0xa7, 0xff, 0xf6, 0x0,
    0xd, 0xff, 0x25, 0x49, 0xff, 0x5a, 0xff, 0xfa,
    0x0, 0x9f, 0xff, 0xb2, 0x4f, 0xf8, 0xa, 0xff,
    0xff, 0x4f, 0xff, 0x80, 0x0, 0x8, 0xff, 0xd0,
    0x4, 0xb0, 0x6, 0xff, 0xd4, 0x9, 0xd3, 0x0,
    0x0, 0x0, 0x4d, 0x20, 0x0, 0x0, 0x0, 0x0,
    0x0, 0x0, 0x0, 0x0, 0x0, 0x0, 0x0, 0x0,

    /* U+6548 "效" */
    0x0, 0x0, 0x0, 0x40, 0x0, 0x0, 0x0, 0x4,
    0x20, 0x0, 0x0, 0x0, 0x0, 0x0, 0x3e, 0xf5,
    0x0, 0x0, 0x0, 0xf, 0xf7, 0x0, 0x0, 0x0,
    0x0, 0x0, 0xc, 0xfe, 0x0, 0x0, 0x0, 0x2f,
    0xf4, 0x0, 0x0, 0x0, 0x0, 0x0, 0x4, 0xfc,
    0x20, 0x0, 0x0, 0x6f, 0xf1, 0x0, 0x0, 0x0,
    0xd, 0xff, 0xff, 0xff, 0xff, 0xff, 0x50, 0x9f,
    0xe1, 0x11, 0x11, 0x10, 0xe, 0xff, 0xff, 0xff,
    0xff, 0xff, 0x60, 0xdf, 0xff, 0xff, 0xff, 0xe0,
    0x5, 0x58, 0x85, 0x55, 0x7b, 0x55, 0x22, 0xff,
    0xff, 0xff, 0xff, 0xe0, 0x0, 0xc, 0xf9, 0x2,
    0xff, 0x50, 0x7, 0xff, 0x55, 0x5e, 0xfc, 0x40,
    0x0, 0x4f, 0xf3, 0x0, 0x9f, 0xf2, 0xd, 0xfb,
    0x0, 0xf, 0xf8, 0x0, 0x0, 0xdf, 0xb0, 0x0,
    0xe, 0xfb, 0x5f, 0xfb, 0x0, 0x2f, 0xf5, 0x0,
    0x8, 0xff, 0x30, 0x5, 0x79, 0xff, 0xef, 0xff,
    0x0, 0x6f, 0xf1, 0x0, 0x4f, 0xf9, 0x82, 0xc,
    0xfc, 0xcc, 0xff, 0xff, 0x40, 0xaf, 0xd0, 0x0,
    0x1c, 0xec, 0xfe, 0x4f, 0xf7, 0x0, 0xdc, 0xcf,
    0xa0, 0xff, 0x80, 0x0, 0x0, 0x23, 0xff, 0xff,
    0xf1, 0x0, 0x22, 0x6f, 0xf6, 0xff, 0x30, 0x0,
    0x0, 0x0, 0x4f, 0xff, 0xb0, 0x0, 0x0, 0x1f,
    0xff, 0xfd, 0x0, 0x0, 0x0, 0x0, 0xa, 0xff,
    0xc0, 0x0, 0x0, 0x9, 0xff, 0xf6, 0x0, 0x0,
    0x0, 0x0, 0x2f, 0xff, 0xf9, 0x0, 0x0, 0x2,
    0xff, 0xf0, 0x0, 0x0, 0x0, 0x0, 0xcf, 0xfc,
    0xff, 0x60, 0x0, 0xa, 0xff, 0xf6, 0x0, 0x0,
    0x0, 0xa, 0xff, 0x71, 0xef, 0xf1, 0x0, 0x8f,
    0xff, 0xff, 0x30, 0x0, 0x0, 0xbf, 0xfb, 0x0,
    0x5f, 0xc1, 0xa, 0xff, 0xc5, 0xff, 0xf4, 0x0,
    0x2d, 0xff, 0xb0, 0x0, 0x6, 0x5, 0xef, 0xfc,
    0x10, 0x7f, 0xff, 0x80, 0x9, 0xfa, 0x0, 0x0,
    0x0, 0x6f, 0xff, 0xa0, 0x0, 0x8, 0xff, 0xc0,
    0x0, 0x50, 0x0, 0x0, 0x0, 0x8, 0xe5, 0x0,
    0x0, 0x0, 0x5d, 0x10, 0x0, 0x0, 0x0, 0x0,
    0x0, 0x0, 0x0, 0x0, 0x0, 0x0, 0x0, 0x0,

    /* U+65F6 "时" */
    0x0, 0x0, 0x0, 0x0, 0x0, 0x0, 0x0, 0x0,
    0x5, 0x53, 0x0, 0x0, 0x0, 0x0, 0x0, 0x0,
    0x0, 0x0, 0x0, 0x0, 0xff, 0xa0, 0x0, 0x29,
    0xa9, 0x99, 0x99, 0x60, 0x0, 0x0, 0x0, 0xf,
    0xfa, 0x0, 0x5, 0xff, 0xff, 0xff, 0xfb, 0x0,
    0x0, 0x0, 0x0, 0xff, 0xa0, 0x0, 0x5f, 0xfc,
    0xbb, 0xef, 0xb0, 0x0, 0x0, 0x0, 0xf, 0xfa,
    0x0, 0x5, 0xff, 0x10, 0xb, 0xfb, 0x4f, 0xff,
    0xff, 0xff, 0xff, 0xff, 0xf3, 0x5f, 0xf1, 0x0,
    0xbf, 0xb4, 0xff, 0xff, 0xff, 0xff, 0xff, 0xff,
    0x35, 0xff, 0x10, 0xb, 0xfb, 0x3a, 0xaa, 0xaa,
    0xaa, 0xff, 0xea, 0xa2, 0x5f, 0xf1, 0x0, 0xbf,
    0xb0, 0x0, 0x0, 0x0, 0xf, 0xfa, 0x0, 0x5,
    0xff, 0x76, 0x6d, 0xfb, 0x0, 0x1, 0x0, 0x0,
    0xff, 0xa0, 0x0, 0x5f, 0xff, 0xff, 0xff, 0xb0,
    0x6e, 0xd0, 0x0, 0xf, 0xfa, 0x0, 0x5, 0xff,
    0xed, 0xdf, 0xfb, 0x5, 0xff, 0x90, 0x0, 0xff,
    0xa0, 0x0, 0x5f, 0xf1, 0x0, 0xbf, 0xb0, 0xa,
    0xff, 0x50, 0xf, 0xfa, 0x0, 0x5, 0xff, 0x10,
    0xb, 0xfb, 0x0, 0xe, 0xff, 0x10, 0xff, 0xa0,
    0x0, 0x5f, 0xf1, 0x0, 0xbf, 0xb0, 0x0, 0x4f,
    0xfa, 0xf, 0xfa, 0x0, 0x5, 0xff, 0x10, 0xb,
    0xfb, 0x0, 0x0, 0x97, 0x0, 0xff, 0xa0, 0x0,
    0x5f, 0xfe, 0xee, 0xff, 0xb0, 0x0, 0x0, 0x0,
    0xf, 0xfa, 0x0, 0x5, 0xff, 0xff, 0xff, 0xfb,
    0x0, 0x0, 0x0, 0x0, 0xff, 0xa0, 0x0, 0x5f,
    0xf7, 0x66, 0x66, 0x40, 0x0, 0x0, 0x0, 0xf,
    0xfa, 0x0, 0x5, 0xff, 0x10, 0x0, 0x0, 0x0,
    0x0, 0x0, 0x0, 0xff, 0xa0, 0x0, 0x15, 0x50,
    0x0, 0x0, 0x0, 0x0, 0x48, 0x88, 0x8f, 0xf9,
    0x0, 0x0, 0x0, 0x0, 0x0, 0x0, 0x0, 0x3,
    0xff, 0xff, 0xff, 0x60, 0x0, 0x0, 0x0, 0x0,
    0x0, 0x0, 0x0, 0xe, 0xff, 0xfd, 0x70, 0x0,
    0x0, 0x0, 0x0, 0x0, 0x0, 0x0, 0x0, 0x0,
    0x0, 0x0, 0x0, 0x0,

    /* U+660E "明" */
    0x0, 0x0, 0x0, 0x0, 0x0, 0x25, 0x65, 0x55,
    0x55, 0x56, 0x52, 0x4f, 0xff, 0xff, 0xff, 0xf2,
    0x6f, 0xff, 0xff, 0xff, 0xff, 0xf8, 0x4f, 0xff,
    0xff, 0xff, 0xf3, 0x6f, 0xff, 0xff, 0xff, 0xff,
    0xf8, 0x4f, 0xf7, 0x66, 0x7f, 0xf3, 0x6f, 0xf3,
    0x11, 0x11, 0x2f, 0xf8, 0x4f, 0xf1, 0x0, 0x3f,
    0xf3, 0x6f, 0xf2, 0x0, 0x0, 0x1f, 0xf8, 0x4f,
    0xf1, 0x0, 0x3f, 0xf3, 0x6f, 0xf2, 0x0, 0x0,
    0x1f, 0xf8, 0x4f, 0xf1, 0x0, 0x3f, 0xf3, 0x6f,
    0xfa, 0x99, 0x99, 0xaf, 0xf8, 0x4f, 0xff, 0xff,
    0xff, 0xf3, 0x6f, 0xff, 0xff, 0xff, 0xff, 0xf8,
    0x4f, 0xff, 0xff, 0xff, 0xf3, 0x6f, 0xfb, 0xbb,
    0xbb, 0xbf, 0xf8, 0x4f, 0xf6, 0x55, 0x7f, 0xf3,
    0x6f, 0xf1, 0x0, 0x0, 0x1f, 0xf8, 0x4f, 0xf1,
    0x0, 0x3f, 0xf3, 0x7f, 0xf1, 0x0, 0x0, 0x1f,
    0xf8, 0x4f, 0xf1, 0x0, 0x3f, 0xf3, 0x7f, 0xf0,
    0x0, 0x0, 0x1f, 0xf8, 0x4f, 0xf1, 0x0, 0x3f,
    0xf3, 0x9f, 0xff, 0xff, 0xff, 0xff, 0xf8, 0x4f,
    0xff, 0xee, 0xff, 0xf3, 0xbf, 0xff, 0xff, 0xff,
    0xff, 0xf8, 0x4f, 0xff, 0xff, 0xff, 0xf3, 0xef,
    0xb4, 0x44, 0x44, 0x4f, 0xf8, 0x4f, 0xf8, 0x77,
    0x77, 0x73, 0xff, 0x70, 0x0, 0x0, 0x1f, 0xf8,
    0x4f, 0xf1, 0x0, 0x0, 0x8, 0xff, 0x20, 0x0,
    0x0, 0x1f, 0xf8, 0x29, 0x91, 0x0, 0x0, 0xe,
    0xfd, 0x0, 0x0, 0x0, 0x1f, 0xf8, 0x0, 0x0,
    0x0, 0x0, 0x9f, 0xf6, 0x0, 0x0, 0x0, 0x1f,
    0xf8, 0x0, 0x0, 0x0, 0x6, 0xff, 0xd0, 0x0,
    0x7, 0x77, 0x9f, 0xf7, 0x0, 0x0, 0x0, 0x2f,
    0xff, 0x30, 0x0, 0x9, 0xff, 0xff, 0xf3, 0x0,
    0x0, 0x0, 0x3, 0xe4, 0x0, 0x0, 0x3, 0xff,
    0xec, 0x50, 0x0, 0x0, 0x0, 0x0, 0x0, 0x0,
    0x0, 0x0, 0x0, 0x0, 0x0,

    /* U+662F "是" */
    0x0, 0x4, 0xbb, 0xbb, 0xbb, 0xbb, 0xbb, 0xbb,
    0xbb, 0xbb, 0x0, 0x0, 0x0, 0x6, 0xff, 0xff,
    0xff, 0xff, 0xff, 0xff, 0xff, 0xff, 0x10, 0x0,
    0x0, 0x6, 0xff, 0x32, 0x22, 0x22, 0x22, 0x22,
    0x29, 0xff, 0x10, 0x0, 0x0, 0x6, 0xff, 0x10,
    0x0, 0x0, 0x0, 0x0, 0x8, 0xff, 0x10, 0x0,
    0x0, 0x6, 0xff, 0xff, 0xff, 0xff, 0xff, 0xff,
    0xff, 0xff, 0x10, 0x0, 0x0, 0x6, 0xff, 0xbb,
    0xbb, 0xbb, 0xbb, 0xbb, 0xbd, 0xff, 0x10, 0x0,
    0x0, 0x6, 0xff, 0x10, 0x0, 0x0, 0x0, 0x0,
    0x8, 0xff, 0x10, 0x0, 0x0, 0x6, 0xff, 0xff,
    0xff, 0xff, 0xff, 0xff, 0xff, 0xff, 0x10, 0x0,
    0x0, 0x5, 0xdd, 0xdd, 0xdd, 0xdd, 0xdd, 0xdd,
    0xdd, 0xdd, 0x10, 0x0, 0x0, 0x11, 0x11, 0x11,
    0x11, 0x11, 0x11, 0x11, 0x11, 0x11, 0x11, 0x0,
    0xc, 0xff, 0xff, 0xff, 0xff, 0xff, 0xff, 0xff,
    0xff, 0xff, 0xff, 0x80, 0xc, 0xff, 0xff, 0xff,
    0xff, 0xff, 0xff, 0xff, 0xff, 0xff, 0xff, 0x80,
    0x2, 0x33, 0x36, 0x43, 0x33, 0x5f, 0xf8, 0x33,
    0x33, 0x33, 0x33, 0x10, 0x0, 0x0, 0x2f, 0xf7,
    0x0, 0x3f, 0xf6, 0x0, 0x0, 0x0, 0x0, 0x0,
    0x0, 0x0, 0x6f, 0xf4, 0x0, 0x3f, 0xff, 0xee,
    0xee, 0xee, 0xd0, 0x0, 0x0, 0x0, 0xcf, 0xf2,
    0x0, 0x3f, 0xff, 0xff, 0xff, 0xff, 0xf0, 0x0,
    0x0, 0x3, 0xff, 0xfa, 0x0, 0x3f, 0xfa, 0x55,
    0x55, 0x55, 0x50, 0x0, 0x0, 0xc, 0xff, 0xff,
    0x60, 0x3f, 0xf6, 0x0, 0x0, 0x0, 0x0, 0x0,
    0x0, 0x8f, 0xfc, 0xcf, 0xfa, 0x5f, 0xf6, 0x0,
    0x0, 0x0, 0x0, 0x0, 0x9, 0xff, 0xf2, 0x1d,
    0xff, 0xff, 0xfb, 0x77, 0x77, 0x77, 0x77, 0x70,
    0x3f, 0xff, 0x60, 0x1, 0xaf, 0xff, 0xff, 0xff,
    0xff, 0xff, 0xff, 0xb0, 0x4, 0xf7, 0x0, 0x0,
    0x2, 0x7b, 0xde, 0xff, 0xff, 0xff, 0xff, 0x60,
    0x0, 0x20, 0x0, 0x0, 0x0, 0x0, 0x0, 0x0,
    0x0, 0x0, 0x0, 0x0,

    /* U+663E "显" */
    0x0, 0x0, 0x0, 0x0, 0x0, 0x0, 0x0, 0x0,
    0x0, 0x0, 0x0, 0x0, 0x0, 0x1, 0xff, 0xff,
    0xff, 0xff, 0xff, 0xff, 0xff, 0xff, 0x10, 0x0,
    0x0, 0x1, 0xff, 0xff, 0xff, 0xff, 0xff, 0xff,
    0xff, 0xff, 0x10, 0x0, 0x0, 0x1, 0xff, 0x70,
    0x0, 0x0, 0x0, 0x0, 0x9, 0xff, 0x10, 0x0,
    0x0, 0x1, 0xff, 0x82, 0x22, 0x22, 0x22, 0x22,
    0x2a, 0xff, 0x10, 0x0, 0x0, 0x1, 0xff, 0xff,
    0xff, 0xff, 0xff, 0xff, 0xff, 0xff, 0x10, 0x0,
    0x0, 0x1, 0xff, 0xdc, 0xcc, 0xcc, 0xcc, 0xcc,
    0xce, 0xff, 0x10, 0x0, 0x0, 0x1, 0xff, 0x70,
    0x0, 0x0, 0x0, 0x0, 0x9, 0xff, 0x10, 0x0,
    0x0, 0x1, 0xff, 0xed, 0xdd, 0xdd, 0xdd, 0xdd,
    0xde, 0xff, 0x10, 0x0, 0x0, 0x1, 0xff, 0xff,
    0xff, 0xff, 0xff, 0xff, 0xff, 0xff, 0x10, 0x0,
    0x0, 0x0, 0x33, 0x33, 0x33, 0x33, 0x33, 0x33,
    0x33, 0x33, 0x0, 0x0, 0x0, 0x0, 0x10, 0x0,
    0xff, 0x70, 0x8, 0xfe, 0x0, 0x3, 0x0, 0x0,
    0x0, 0x2b, 0xf1, 0x0, 0xff, 0x70, 0x8, 0xfe,
    0x0, 0x1f, 0xd4, 0x0, 0x0, 0xd, 0xf9, 0x0,
    0xff, 0x70, 0x8, 0xfe, 0x0, 0x9f, 0xf1, 0x0,
    0x0, 0x6, 0xff, 0x20, 0xff, 0x70, 0x8, 0xfe,
    0x3, 0xff, 0x60, 0x0, 0x0, 0x0, 0xef, 0xa0,
    0xff, 0x70, 0x8, 0xfe, 0xc, 0xfc, 0x0, 0x0,
    0x0, 0x0, 0x7f, 0xd0, 0xff, 0x70, 0x8, 0xfe,
    0x4f, 0xf2, 0x0, 0x0, 0x0, 0x0, 0x15, 0x0,
    0xff, 0x70, 0x8, 0xfe, 0x1, 0x30, 0x0, 0x0,
    0x16, 0x66, 0x66, 0x66, 0xff, 0xa6, 0x6b, 0xff,
    0x66, 0x66, 0x66, 0x61, 0x3f, 0xff, 0xff, 0xff,
    0xff, 0xff, 0xff, 0xff, 0xff, 0xff, 0xff, 0xf3,
    0x3f, 0xff, 0xff, 0xff, 0xff, 0xff, 0xff, 0xff,
    0xff, 0xff, 0xff, 0xf3, 0x1, 0x11, 0x11, 0x11,
    0x11, 0x11, 0x11, 0x11, 0x11, 0x11, 0x11, 0x10,

    /* U+6682 "暂" */
    0x0, 0x0, 0x30, 0x0, 0x0, 0x0, 0x0, 0x0,
    0x0, 0x0, 0x0, 0x0, 0x2, 0xff, 0x80, 0x0,
    0x0, 0x0, 0x1, 0x47, 0xad, 0x90, 0xcd, 0xde,
    0xff, 0xed, 0xdd, 0xd5, 0x8e, 0xff, 0xff, 0xff,
    0xf3, 0xef, 0xff, 0xff, 0xff, 0xff, 0xf6, 0xaf,
    0xfe, 0xca, 0x74, 0x10, 0x2, 0xef, 0xa1, 0x44,
    0x11, 0x10, 0xaf, 0xa0, 0x0, 0x0, 0x0, 0xc,
    0xfc, 0x4, 0xff, 0x10, 0x0, 0xaf, 0xa0, 0x0,
    0x0, 0x0, 0xaf, 0xfd, 0xdd, 0xff, 0xdd, 0xd5,
    0xaf, 0xff, 0xff, 0xff, 0xff, 0x6f, 0xff, 0xff,
    0xff, 0xff, 0xf6, 0xbf, 0xff, 0xff, 0xff, 0xff,
    0x15, 0x33, 0x36, 0xff, 0x43, 0x31, 0xdf, 0x70,
    0x3f, 0xf3, 0x0, 0x0, 0x12, 0x37, 0xff, 0x9a,
    0xb4, 0xff, 0x50, 0x3f, 0xf2, 0x0, 0xcf, 0xff,
    0xff, 0xff, 0xff, 0xf9, 0xff, 0x10, 0x3f, 0xf2,
    0x0, 0xcf, 0xfd, 0xbb, 0xff, 0x63, 0x2c, 0xfc,
    0x0, 0x3f, 0xf2, 0x0, 0x10, 0x0, 0x4, 0xff,
    0x10, 0xb, 0xf4, 0x0, 0x3f, 0xf2, 0x0, 0x0,
    0x0, 0x2, 0x66, 0x10, 0x0, 0x50, 0x0, 0x27,
    0x61, 0x0, 0x0, 0xf, 0xff, 0xff, 0xff, 0xff,
    0xff, 0xff, 0xff, 0xd0, 0x0, 0x0, 0xf, 0xff,
    0xee, 0xee, 0xee, 0xee, 0xee, 0xff, 0xd0, 0x0,
    0x0, 0xf, 0xf6, 0x0, 0x0, 0x0, 0x0, 0x0,
    0xbf, 0xd0, 0x0, 0x0, 0xf, 0xfe, 0xcc, 0xcc,
    0xcc, 0xcc, 0xcc, 0xff, 0xd0, 0x0, 0x0, 0xf,
    0xff, 0xff, 0xff, 0xff, 0xff, 0xff, 0xff, 0xd0,
    0x0, 0x0, 0xf, 0xf6, 0x0, 0x0, 0x0, 0x0,
    0x0, 0xbf, 0xd0, 0x0, 0x0, 0xf, 0xfe, 0xdd,
    0xdd, 0xdd, 0xdd, 0xdd, 0xff, 0xd0, 0x0, 0x0,
    0xf, 0xff, 0xff, 0xff, 0xff, 0xff, 0xff, 0xff,
    0xd0, 0x0, 0x0, 0xf, 0xf7, 0x11, 0x11, 0x11,
    0x11, 0x11, 0xbf, 0xd0, 0x0, 0x0, 0x0, 0x0,
    0x0, 0x0, 0x0, 0x0, 0x0, 0x0, 0x0, 0x0,

    /* U+6709 "有" */
    0x0, 0x0, 0x0, 0x0, 0x3, 0x0, 0x0, 0x0,
    0x0, 0x0, 0x0, 0x0, 0x0, 0x0, 0x0, 0x4,
    0xff, 0x60, 0x0, 0x0, 0x0, 0x0, 0x0, 0x0,
    0x0, 0x0, 0x0, 0x9f, 0xf2, 0x0, 0x0, 0x0,
    0x0, 0x0, 0x0, 0x25, 0x55, 0x55, 0x5e, 0xfe,
    0x55, 0x55, 0x55, 0x55, 0x55, 0x55, 0x6, 0xff,
    0xff, 0xff, 0xff, 0xff, 0xff, 0xff, 0xff, 0xff,
    0xff, 0xe0, 0x6f, 0xff, 0xff, 0xff, 0xff, 0xff,
    0xff, 0xff, 0xff, 0xff, 0xfe, 0x0, 0x0, 0x0,
    0x5f, 0xf8, 0x0, 0x0, 0x0, 0x0, 0x0, 0x0,
    0x0, 0x0, 0x0, 0xd, 0xff, 0x10, 0x0, 0x0,
    0x0, 0x0, 0x0, 0x0, 0x0, 0x0, 0x8, 0xff,
    0xff, 0xff, 0xff, 0xff, 0xff, 0xfe, 0x0, 0x0,
    0x0, 0x4, 0xff, 0xff, 0xff, 0xff, 0xff, 0xff,
    0xff, 0xf0, 0x0, 0x0, 0x2, 0xef, 0xff, 0x85,
    0x55, 0x55, 0x55, 0x5b, 0xff, 0x0, 0x0, 0x2,
    0xef, 0xff, 0xf5, 0x0, 0x0, 0x0, 0x0, 0x9f,
    0xf0, 0x0, 0x4, 0xef, 0xfb, 0xff, 0xff, 0xff,
    0xff, 0xff, 0xff, 0xff, 0x0, 0x0, 0xbf, 0xf8,
    0x3f, 0xff, 0xff, 0xff, 0xff, 0xff, 0xff, 0xf0,
    0x0, 0x1, 0xd6, 0x3, 0xff, 0x73, 0x33, 0x33,
    0x33, 0x3a, 0xff, 0x0, 0x0, 0x0, 0x0, 0x3f,
    0xf5, 0x0, 0x0, 0x0, 0x0, 0x9f, 0xf0, 0x0,
    0x0, 0x0, 0x3, 0xff, 0xff, 0xff, 0xff, 0xff,
    0xff, 0xff, 0x0, 0x0, 0x0, 0x0, 0x3f, 0xff,
    0xff, 0xff, 0xff, 0xff, 0xff, 0xf0, 0x0, 0x0,
    0x0, 0x3, 0xff, 0x73, 0x33, 0x33, 0x33, 0x3a,
    0xff, 0x0, 0x0, 0x0, 0x0, 0x3f, 0xf5, 0x0,
    0x0, 0x0, 0x0, 0x9f, 0xf0, 0x0, 0x0, 0x0,
    0x3, 0xff, 0x50, 0x0, 0x1, 0x76, 0x6c, 0xfe,
    0x0, 0x0, 0x0, 0x0, 0x3f, 0xf5, 0x0, 0x0,
    0xe, 0xff, 0xff, 0xb0, 0x0, 0x0, 0x0, 0x3,
    0xff, 0x50, 0x0, 0x0, 0x9f, 0xfe, 0xa2, 0x0,
    0x0,

    /* U+672A "未" */
    0x0, 0x0, 0x0, 0x0, 0x0, 0x24, 0x40, 0x0,
    0x0, 0x0, 0x0, 0x0, 0x0, 0x0, 0x0, 0x0,
    0x0, 0x9f, 0xf2, 0x0, 0x0, 0x0, 0x0, 0x0,
    0x0, 0x0, 0x0, 0x0, 0x0, 0x9f, 0xf2, 0x0,
    0x0, 0x0, 0x0, 0x0, 0x0, 0x0, 0x0, 0x0,
    0x0, 0x9f, 0xf2, 0x0, 0x0, 0x0, 0x0, 0x0,
    0x0, 0x9, 0x99, 0x99, 0x99, 0xdf, 0xfa, 0x99,
    0x99, 0x99, 0x70, 0x0, 0x0, 0x1f, 0xff, 0xff,
    0xff, 0xff, 0xff, 0xff, 0xff, 0xff, 0xd0, 0x0,
    0x0, 0x1f, 0xff, 0xff, 0xff, 0xff, 0xff, 0xff,
    0xff, 0xff, 0xc0, 0x0, 0x0, 0x0, 0x0, 0x0,
    0x0, 0x9f, 0xf2, 0x0, 0x0, 0x0, 0x0, 0x0,
    0x0, 0x0, 0x0, 0x0, 0x0, 0x9f, 0xf2, 0x0,
    0x0, 0x0, 0x0, 0x0, 0x0, 0x0, 0x0, 0x0,
    0x0, 0x9f, 0xf2, 0x0, 0x0, 0x0, 0x0, 0x0,
    0x8, 0x99, 0x99, 0x99, 0x99, 0xdf, 0xfa, 0x99,
    0x99, 0x99, 0x99, 0x50, 0xe, 0xff, 0xff, 0xff,
    0xff, 0xff, 0xff, 0xff, 0xff, 0xff, 0xff, 0x80,
    0xd, 0xff, 0xff, 0xff, 0xff, 0xff, 0xff, 0xff,
    0xff, 0xff, 0xff, 0x80, 0x0, 0x0, 0x0, 0x0,
    0x5f, 0xff, 0xff, 0xc0, 0x0, 0x0, 0x0, 0x0,
    0x0, 0x0, 0x0, 0x4, 0xff, 0xff, 0xff, 0xfb,
    0x0, 0x0, 0x0, 0x0, 0x0, 0x0, 0x0, 0x4f,
    0xff, 0xcf, 0xfa, 0xff, 0xb0, 0x0, 0x0, 0x0,
    0x0, 0x0, 0x6, 0xff, 0xf4, 0x9f, 0xf2, 0xaf,
    0xfc, 0x10, 0x0, 0x0, 0x0, 0x1, 0xaf, 0xff,
    0x40, 0x9f, 0xf2, 0xa, 0xff, 0xe5, 0x0, 0x0,
    0x0, 0x6e, 0xff, 0xe4, 0x0, 0x9f, 0xf2, 0x0,
    0x9f, 0xff, 0xa1, 0x0, 0x3d, 0xff, 0xfd, 0x20,
    0x0, 0x9f, 0xf2, 0x0, 0x6, 0xff, 0xff, 0x80,
    0xc, 0xff, 0x90, 0x0, 0x0, 0x9f, 0xf2, 0x0,
    0x0, 0x3d, 0xff, 0x60, 0x1, 0xb3, 0x0, 0x0,
    0x0, 0x9f, 0xf2, 0x0, 0x0, 0x0, 0x78, 0x0,
    0x0, 0x0, 0x0, 0x0, 0x0, 0x9f, 0xf2, 0x0,
    0x0, 0x0, 0x0, 0x0,

    /* U+672C "本" */
    0x0, 0x0, 0x0, 0x0, 0x0, 0x35, 0x50, 0x0,
    0x0, 0x0, 0x0, 0x0, 0x0, 0x0, 0x0, 0x0,
    0x0, 0x9f, 0xf2, 0x0, 0x0, 0x0, 0x0, 0x0,
    0x0, 0x0, 0x0, 0x0, 0x0, 0x9f, 0xf2, 0x0,
    0x0, 0x0, 0x0, 0x0, 0x0, 0x0, 0x0, 0x0,
    0x0, 0x9f, 0xf2, 0x0, 0x0, 0x0, 0x0, 0x0,
    0x0, 0x0, 0x0, 0x0, 0x0, 0x9f, 0xf2, 0x0,
    0x0, 0x0, 0x0, 0x0, 0x7, 0x99, 0x99, 0x99,
    0x99, 0xdf, 0xfa, 0x99, 0x99, 0x99, 0x99, 0x30,
    0xc, 0xff, 0xff, 0xff, 0xff, 0xff, 0xff, 0xff,
    0xff, 0xff, 0xff, 0x60, 0xc, 0xff, 0xff, 0xff,
    0xff, 0xff, 0xff, 0xff, 0xff, 0xff, 0xff, 0x60,
    0x0, 0x0, 0x0, 0xb, 0xff, 0xaf, 0xfa, 0xff,
    0x20, 0x0, 0x0, 0x0, 0x0, 0x0, 0x0, 0x2f,
    0xf9, 0x9f, 0xf3, 0xff, 0x90, 0x0, 0x0, 0x0,
    0x0, 0x0, 0x0, 0xaf, 0xf2, 0x9f, 0xf2, 0xaf,
    0xf2, 0x0, 0x0, 0x0, 0x0, 0x0, 0x4, 0xff,
    0xa0, 0x9f, 0xf2, 0x2f, 0xfb, 0x0, 0x0, 0x0,
    0x0, 0x0, 0xd, 0xff, 0x20, 0x9f, 0xf2, 0xa,
    0xff, 0x60, 0x0, 0x0, 0x0, 0x0, 0x9f, 0xf8,
    0x0, 0x9f, 0xf2, 0x1, 0xff, 0xf3, 0x0, 0x0,
    0x0, 0x6, 0xff, 0xd0, 0x0, 0x9f, 0xf2, 0x0,
    0x7f, 0xfe, 0x20, 0x0, 0x0, 0x5f, 0xff, 0x30,
    0x0, 0x9f, 0xf2, 0x0, 0xb, 0xff, 0xd2, 0x0,
    0x6, 0xff, 0xfd, 0xaa, 0xaa, 0xef, 0xfb, 0xaa,
    0xab, 0xff, 0xfe, 0x40, 0x3f, 0xff, 0x8c, 0xff,
    0xff, 0xff, 0xff, 0xff, 0xff, 0x7e, 0xff, 0xa0,
    0x7, 0xf7, 0xc, 0xff, 0xff, 0xff, 0xff, 0xff,
    0xff, 0x42, 0xeb, 0x0, 0x0, 0x30, 0x0, 0x0,
    0x0, 0x9f, 0xf2, 0x0, 0x0, 0x0, 0x10, 0x0,
    0x0, 0x0, 0x0, 0x0, 0x0, 0x9f, 0xf2, 0x0,
    0x0, 0x0, 0x0, 0x0, 0x0, 0x0, 0x0, 0x0,
    0x0, 0x9f, 0xf2, 0x0, 0x0, 0x0, 0x0, 0x0,
    0x0, 0x0, 0x0, 0x0, 0x0, 0x9f, 0xf2, 0x0,
    0x0, 0x0, 0x0, 0x0,

    /* U+675F "束" */
    0x0, 0x0, 0x0, 0x0, 0x0, 0x44, 0x20, 0x0,
    0x0, 0x0, 0x0, 0x0, 0x0, 0x0, 0x0, 0x0,
    0x1f, 0xf9, 0x0, 0x0, 0x0, 0x0, 0x0, 0x0,
    0x0, 0x0, 0x0, 0x1, 0xff, 0x90, 0x0, 0x0,
    0x0, 0x0, 0x0, 0xff, 0xff, 0xff, 0xff, 0xff,
    0xff, 0xff, 0xff, 0xff, 0xff, 0x90, 0xf, 0xff,
    0xff, 0xff, 0xff, 0xff, 0xff, 0xff, 0xff, 0xff,
    0xf9, 0x0, 0x56, 0x66, 0x66, 0x66, 0x6f, 0xfc,
    0x66, 0x66, 0x66, 0x66, 0x30, 0x0, 0x0, 0x0,
    0x0, 0x1, 0xff, 0x90, 0x0, 0x0, 0x0, 0x0,
    0x0, 0x2, 0x55, 0x55, 0x55, 0x6f, 0xfb, 0x55,
    0x55, 0x55, 0x40, 0x0, 0x0, 0x9f, 0xff, 0xff,
    0xff, 0xff, 0xff, 0xff, 0xff, 0xfe, 0x0, 0x0,
    0x9, 0xff, 0xff, 0xff, 0xff, 0xff, 0xff, 0xff,
    0xff, 0xe0, 0x0, 0x0, 0x9f, 0xe0, 0x0, 0x1,
    0xff, 0x90, 0x0, 0xb, 0xfe, 0x0, 0x0, 0x9,
    0xfe, 0x0, 0x0, 0x1f, 0xf9, 0x0, 0x0, 0xbf,
    0xe0, 0x0, 0x0, 0x9f, 0xf4, 0x44, 0x45, 0xff,
    0xb4, 0x44, 0x4c, 0xfe, 0x0, 0x0, 0x9, 0xff,
    0xff, 0xff, 0xff, 0xff, 0xff, 0xff, 0xff, 0xe0,
    0x0, 0x0, 0x9f, 0xff, 0xff, 0xff, 0xff, 0xff,
    0xff, 0xff, 0xfe, 0x0, 0x0, 0x0, 0x0, 0x0,
    0x2d, 0xff, 0xff, 0xf9, 0x0, 0x0, 0x0, 0x0,
    0x0, 0x0, 0x0, 0x3e, 0xff, 0xff, 0xff, 0xfb,
    0x10, 0x0, 0x0, 0x0, 0x0, 0x0, 0x8f, 0xff,
    0x6f, 0xfa, 0xaf, 0xfe, 0x40, 0x0, 0x0, 0x0,
    0x4, 0xdf, 0xfe, 0x31, 0xff, 0x90, 0x9f, 0xff,
    0xa2, 0x0, 0x0, 0x5c, 0xff, 0xfb, 0x10, 0x1f,
    0xf9, 0x0, 0x6f, 0xff, 0xfa, 0x30, 0x9f, 0xff,
    0xf6, 0x0, 0x1, 0xff, 0x90, 0x0, 0x2c, 0xff,
    0xff, 0x30, 0xcf, 0x81, 0x0, 0x0, 0x1f, 0xf9,
    0x0, 0x0, 0x5, 0xdf, 0x50, 0x1, 0x10, 0x0,
    0x0, 0x1, 0xff, 0x90, 0x0, 0x0, 0x0, 0x30,
    0x0,

    /* U+6807 "标" */
    0x0, 0x0, 0x24, 0x30, 0x0, 0x0, 0x0, 0x0,
    0x0, 0x0, 0x0, 0x0, 0x0, 0x0, 0xaf, 0xe0,
    0x0, 0x0, 0x0, 0x0, 0x0, 0x0, 0x0, 0x0,
    0x0, 0x0, 0xaf, 0xe0, 0x0, 0xa, 0xbb, 0xbb,
    0xbb, 0xbb, 0xb7, 0x0, 0x0, 0x0, 0xaf, 0xe0,
    0x0, 0xe, 0xff, 0xff, 0xff, 0xff, 0xfa, 0x0,
    0x0, 0x0, 0xaf, 0xe0, 0x0, 0xa, 0xbb, 0xbb,
    0xbb, 0xbb, 0xb7, 0x0, 0x7, 0x77, 0xcf, 0xf7,
    0x75, 0x0, 0x0, 0x0, 0x0, 0x0, 0x0, 0x0,
    0x1f, 0xff, 0xff, 0xff, 0xfd, 0x0, 0x0, 0x0,
    0x0, 0x0, 0x0, 0x0, 0x1f, 0xff, 0xff, 0xff,
    0xfc, 0x22, 0x22, 0x22, 0x22, 0x22, 0x22, 0x20,
    0x0, 0x4, 0xff, 0xf2, 0x0, 0xef, 0xff, 0xff,
    0xff, 0xff, 0xff, 0xf1, 0x0, 0x9, 0xff, 0xfd,
    0x10, 0xef, 0xff, 0xff, 0xff, 0xff, 0xff, 0xf1,
    0x0, 0xe, 0xff, 0xff, 0xb0, 0x34, 0x44, 0x6f,
    0xf9, 0x44, 0x44, 0x40, 0x0, 0x4f, 0xff, 0xfd,
    0xf8, 0x0, 0x0, 0x2f, 0xf7, 0x0, 0x0, 0x0,
    0x0, 0xbf, 0xff, 0xe4, 0xfd, 0x3, 0x0, 0x2f,
    0xf7, 0x1, 0x40, 0x0, 0x3, 0xff, 0xbf, 0xe0,
    0xb4, 0xe, 0xf5, 0x2f, 0xf7, 0x5f, 0xf1, 0x0,
    0xc, 0xfa, 0xaf, 0xe0, 0x0, 0x3f, 0xf2, 0x2f,
    0xf7, 0x1f, 0xf7, 0x0, 0x5f, 0xf3, 0xaf, 0xe0,
    0x0, 0x8f, 0xd0, 0x2f, 0xf7, 0xa, 0xfd, 0x0,
    0x1e, 0xc0, 0xaf, 0xe0, 0x0, 0xef, 0x80, 0x2f,
    0xf7, 0x5, 0xff, 0x30, 0x7, 0x30, 0xaf, 0xe0,
    0x5, 0xff, 0x20, 0x2f, 0xf7, 0x0, 0xff, 0x90,
    0x0, 0x0, 0xaf, 0xe0, 0xd, 0xfb, 0x0, 0x2f,
    0xf7, 0x0, 0xbf, 0xe0, 0x0, 0x0, 0xaf, 0xe0,
    0x4f, 0xf3, 0x0, 0x2f, 0xf7, 0x0, 0x7f, 0xf2,
    0x0, 0x0, 0xaf, 0xe0, 0x3, 0x80, 0x9a, 0xbf,
    0xf6, 0x0, 0x4c, 0x60, 0x0, 0x0, 0xaf, 0xe0,
    0x0, 0x0, 0x9f, 0xff, 0xf3, 0x0, 0x0, 0x0,
    0x0, 0x0, 0xaf, 0xe0, 0x0, 0x0, 0x5f, 0xfc,
    0x60, 0x0, 0x0, 0x0, 0x0, 0x0, 0x1, 0x10,
    0x0, 0x0, 0x0, 0x0, 0x0, 0x0, 0x0, 0x0,

    /* U+68C0 "检" */
    0x0, 0x0, 0x55, 0x10, 0x0, 0x0, 0x0, 0x43,
    0x0, 0x0, 0x0, 0x0, 0x0, 0x1, 0xff, 0x30,
    0x0, 0x0, 0x1, 0xef, 0x90, 0x0, 0x0, 0x0,
    0x0, 0x1, 0xff, 0x30, 0x0, 0x0, 0xa, 0xff,
    0xb0, 0x0, 0x0, 0x0, 0x0, 0x1, 0xff, 0x30,
    0x0, 0x0, 0x6f, 0xff, 0xf9, 0x0, 0x0, 0x0,
    0x0, 0x1, 0xff, 0x30, 0x0, 0x4, 0xff, 0xc9,
    0xff, 0xa0, 0x0, 0x0, 0xf, 0xff, 0xff, 0xff,
    0x40, 0x4f, 0xfe, 0x10, 0x9f, 0xfc, 0x10, 0x0,
    0xf, 0xff, 0xff, 0xff, 0x45, 0xff, 0xe2, 0x0,
    0x9, 0xff, 0xe5, 0x0, 0x7, 0x7a, 0xff, 0x97,
    0xbf, 0xff, 0x30, 0x0, 0x0, 0x7f, 0xff, 0xb1,
    0x0, 0x8, 0xff, 0x69, 0xff, 0xee, 0xff, 0xff,
    0xff, 0xfb, 0xff, 0xc0, 0x0, 0xc, 0xff, 0xf3,
    0xed, 0x2d, 0xff, 0xff, 0xff, 0xf7, 0x2c, 0x40,
    0x0, 0x1f, 0xff, 0xfb, 0x30, 0x3, 0x33, 0x33,
    0x33, 0x31, 0x0, 0x0, 0x0, 0x6f, 0xff, 0xff,
    0x60, 0x0, 0x0, 0x24, 0x0, 0x1, 0x20, 0x0,
    0x0, 0xdf, 0xff, 0x9f, 0xb4, 0xa7, 0x0, 0xef,
    0x20, 0x8, 0xfc, 0x0, 0x4, 0xfe, 0xff, 0x4c,
    0x15, 0xfd, 0x0, 0xbf, 0x50, 0xd, 0xf6, 0x0,
    0xc, 0xf9, 0xff, 0x30, 0x0, 0xff, 0x10, 0x8f,
    0x80, 0x3f, 0xf0, 0x0, 0x2f, 0xf3, 0xff, 0x30,
    0x0, 0xcf, 0x60, 0x6f, 0xb0, 0xaf, 0x90, 0x0,
    0xc, 0xb1, 0xff, 0x30, 0x0, 0x8f, 0x90, 0x3f,
    0xd1, 0xff, 0x20, 0x0, 0x4, 0x31, 0xff, 0x30,
    0x0, 0x5f, 0xb0, 0x18, 0x57, 0xfa, 0x0, 0x0,
    0x0, 0x1, 0xff, 0x30, 0x0, 0x12, 0x0, 0x0,
    0xe, 0xf3, 0x0, 0x0, 0x0, 0x1, 0xff, 0x30,
    0x33, 0x33, 0x33, 0x33, 0x7f, 0xd3, 0x33, 0x10,
    0x0, 0x1, 0xff, 0x30, 0xef, 0xff, 0xff, 0xff,
    0xff, 0xff, 0xff, 0x50, 0x0, 0x1, 0xff, 0x30,
    0xef, 0xff, 0xff, 0xff, 0xff, 0xff, 0xff, 0x50,
    0x0, 0x1, 0xff, 0x30, 0x1, 0x11, 0x11, 0x11,
    0x11, 0x11, 0x11, 0x0,

    /* U+6B21 "次" */
    0x0, 0x0, 0x0, 0x0, 0x0, 0x23, 0x0, 0x0,
    0x0, 0x0, 0x0, 0x0, 0x0, 0x0, 0x0, 0x0,
    0x0, 0x9f, 0xf3, 0x0, 0x0, 0x0, 0x0, 0x0,
    0x0, 0x73, 0x0, 0x0, 0x0, 0xdf, 0xf0, 0x0,
    0x0, 0x0, 0x0, 0x0, 0x6, 0xff, 0xa1, 0x0,
    0x1, 0xff, 0xc0, 0x0, 0x0, 0x0, 0x0, 0x0,
    0x5, 0xef, 0xfe, 0x50, 0x6, 0xff, 0xc8, 0x88,
    0x88, 0x88, 0x94, 0x0, 0x0, 0x1a, 0xff, 0xf3,
    0xb, 0xff, 0xff, 0xff, 0xff, 0xff, 0xff, 0x90,
    0x0, 0x0, 0x6f, 0xa0, 0x1f, 0xff, 0xff, 0xff,
    0xff, 0xff, 0xff, 0x80, 0x0, 0x0, 0x4, 0x0,
    0x8f, 0xf7, 0x1, 0x22, 0x0, 0x9, 0xff, 0x20,
    0x0, 0x0, 0x0, 0x1, 0xff, 0xf1, 0xb, 0xff,
    0x10, 0xe, 0xfd, 0x0, 0x0, 0x0, 0x0, 0xa,
    0xff, 0x90, 0xb, 0xff, 0x10, 0x4f, 0xf7, 0x0,
    0x0, 0x0, 0x0, 0x3f, 0xff, 0x10, 0xb, 0xff,
    0x0, 0xaf, 0xf1, 0x0, 0x0, 0x0, 0x2, 0x2,
    0xb6, 0x0, 0xd, 0xff, 0x20, 0x6e, 0xa0, 0x0,
    0x0, 0x0, 0xe, 0xa0, 0x0, 0x0, 0xf, 0xff,
    0x60, 0x0, 0x10, 0x0, 0x0, 0x0, 0x8f, 0xf6,
    0x0, 0x0, 0x3f, 0xff, 0xc0, 0x0, 0x0, 0x0,
    0x0, 0x2, 0xff, 0xe0, 0x0, 0x0, 0x8f, 0xff,
    0xf2, 0x0, 0x0, 0x0, 0x0, 0xc, 0xff, 0x60,
    0x0, 0x1, 0xff, 0xff, 0xfa, 0x0, 0x0, 0x0,
    0x0, 0x6f, 0xfc, 0x0, 0x0, 0x9, 0xff, 0xa9,
    0xff, 0x40, 0x0, 0x0, 0x2, 0xff, 0xf3, 0x0,
    0x0, 0x5f, 0xff, 0x21, 0xff, 0xe1, 0x0, 0x0,
    0xc, 0xff, 0x90, 0x0, 0x4, 0xff, 0xf8, 0x0,
    0x7f, 0xfd, 0x10, 0x0, 0x9, 0xfe, 0x10, 0x0,
    0x7f, 0xff, 0xb0, 0x0, 0xb, 0xff, 0xe5, 0x0,
    0x0, 0x55, 0x0, 0x3c, 0xff, 0xfb, 0x0, 0x0,
    0x1, 0xcf, 0xff, 0xc1, 0x0, 0x0, 0x0, 0xbf,
    0xff, 0x90, 0x0, 0x0, 0x0, 0xa, 0xff, 0x90,
    0x0, 0x0, 0x0, 0xb, 0xd4, 0x0, 0x0, 0x0,
    0x0, 0x0, 0x4b, 0x0, 0x0, 0x0, 0x0, 0x0,
    0x0, 0x0, 0x0, 0x0, 0x0, 0x0, 0x0, 0x0,

    /* U+6B62 "止" */
    0x0, 0x0, 0x0, 0x0, 0x0, 0x14, 0x41, 0x0,
    0x0, 0x0, 0x0, 0x0, 0x0, 0x0, 0x0, 0x0,
    0x5f, 0xf6, 0x0, 0x0, 0x0, 0x0, 0x0, 0x0,
    0x0, 0x0, 0x0, 0x5f, 0xf6, 0x0, 0x0, 0x0,
    0x0, 0x0, 0x0, 0x0, 0x0, 0x0, 0x5f, 0xf6,
    0x0, 0x0, 0x0, 0x0, 0x0, 0x0, 0x0, 0x0,
    0x0, 0x5f, 0xf6, 0x0, 0x0, 0x0, 0x0, 0x0,
    0x2, 0x33, 0x0, 0x0, 0x5f, 0xf6, 0x0, 0x0,
    0x0, 0x0, 0x0, 0xc, 0xfe, 0x0, 0x0, 0x5f,
    0xf6, 0x0, 0x0, 0x0, 0x0, 0x0, 0xc, 0xfe,
    0x0, 0x0, 0x5f, 0xf6, 0x0, 0x0, 0x0, 0x0,
    0x0, 0xc, 0xfe, 0x0, 0x0, 0x5f, 0xfc, 0xaa,
    0xaa, 0xaa, 0x70, 0x0, 0xc, 0xfe, 0x0, 0x0,
    0x5f, 0xff, 0xff, 0xff, 0xff, 0xc0, 0x0, 0xc,
    0xfe, 0x0, 0x0, 0x5f, 0xff, 0xff, 0xff, 0xff,
    0xb0, 0x0, 0xc, 0xfe, 0x0, 0x0, 0x5f, 0xf6,
    0x0, 0x0, 0x0, 0x0, 0x0, 0xc, 0xfe, 0x0,
    0x0, 0x5f, 0xf6, 0x0, 0x0, 0x0, 0x0, 0x0,
    0xc, 0xfe, 0x0, 0x0, 0x5f, 0xf6, 0x0, 0x0,
    0x0, 0x0, 0x0, 0xc, 0xfe, 0x0, 0x0, 0x5f,
    0xf6, 0x0, 0x0, 0x0, 0x0, 0x0, 0xc, 0xfe,
    0x0, 0x0, 0x5f, 0xf6, 0x0, 0x0, 0x0, 0x0,
    0x0, 0xc, 0xfe, 0x0, 0x0, 0x5f, 0xf6, 0x0,
    0x0, 0x0, 0x0, 0x0, 0xc, 0xfe, 0x0, 0x0,
    0x5f, 0xf6, 0x0, 0x0, 0x0, 0x0, 0x0, 0xc,
    0xfe, 0x0, 0x0, 0x5f, 0xf6, 0x0, 0x0, 0x0,
    0x0, 0xde, 0xef, 0xff, 0xee, 0xee, 0xff, 0xff,
    0xee, 0xee, 0xee, 0xee, 0xef, 0xff, 0xff, 0xff,
    0xff, 0xff, 0xff, 0xff, 0xff, 0xff, 0xff, 0x9a,
    0xaa, 0xaa, 0xaa, 0xaa, 0xaa, 0xaa, 0xaa, 0xaa,
    0xaa, 0xaa,

    /* U+6BB5 "段" */
    0x0, 0x0, 0x0, 0x0, 0x21, 0x0, 0x0, 0x0,
    0x0, 0x0, 0x0, 0x0, 0x0, 0x0, 0x0, 0x3a,
    0xfd, 0x10, 0x14, 0x43, 0x33, 0x44, 0x10, 0x0,
    0x0, 0x2, 0x7d, 0xff, 0xff, 0xa0, 0x5f, 0xff,
    0xff, 0xff, 0x40, 0x0, 0x0, 0x6f, 0xff, 0xfd,
    0x82, 0x0, 0x5f, 0xff, 0xff, 0xff, 0x40, 0x0,
    0x0, 0x6f, 0xf7, 0x20, 0x0, 0x0, 0x5f, 0xf0,
    0x2, 0xff, 0x40, 0x0, 0x0, 0x6f, 0xf1, 0x0,
    0x0, 0x0, 0x6f, 0xf0, 0x2, 0xff, 0x40, 0x0,
    0x0, 0x6f, 0xfa, 0xaa, 0xaa, 0x0, 0x9f, 0xd0,
    0x2, 0xff, 0x40, 0x0, 0x0, 0x6f, 0xff, 0xff,
    0xff, 0x10, 0xef, 0xa0, 0x1, 0xff, 0x40, 0x0,
    0x0, 0x6f, 0xf9, 0x88, 0x88, 0x9, 0xff, 0x50,
    0x0, 0xff, 0xed, 0xe1, 0x0, 0x6f, 0xf1, 0x0,
    0x0, 0x9f, 0xfd, 0x0, 0x0, 0x9f, 0xff, 0xf2,
    0x0, 0x6f, 0xf1, 0x0, 0x0, 0x3f, 0xf3, 0x0,
    0x0, 0x1, 0x22, 0x20, 0x0, 0x6f, 0xf9, 0x99,
    0x99, 0x8, 0x74, 0x44, 0x44, 0x44, 0x40, 0x0,
    0x0, 0x6f, 0xff, 0xff, 0xff, 0xf, 0xff, 0xff,
    0xff, 0xff, 0xfe, 0x0, 0x0, 0x6f, 0xfc, 0xbb,
    0xbb, 0xd, 0xef, 0xee, 0xee, 0xef, 0xfb, 0x0,
    0x0, 0x6f, 0xf1, 0x0, 0x0, 0x0, 0xdf, 0x60,
    0x0, 0x4f, 0xf5, 0x0, 0x0, 0x6f, 0xf1, 0x0,
    0x1, 0x10, 0x9f, 0xe0, 0x0, 0xcf, 0xe0, 0x0,
    0x0, 0x7f, 0xf9, 0xad, 0xff, 0x60, 0x1f, 0xfa,
    0x7, 0xff, 0x70, 0x0, 0x4f, 0xff, 0xff, 0xff,
    0xff, 0x70, 0x7, 0xff, 0xbf, 0xfc, 0x0, 0x0,
    0x2f, 0xff, 0xfd, 0xa8, 0x52, 0x0, 0x0, 0xbf,
    0xff, 0xe2, 0x0, 0x0, 0x8, 0xaf, 0xf1, 0x0,
    0x0, 0x0, 0x2, 0xbf, 0xff, 0xd4, 0x0, 0x0,
    0x0, 0x6f, 0xf1, 0x0, 0x0, 0x4, 0xaf, 0xff,
    0xff, 0xff, 0xc5, 0x10, 0x0, 0x6f, 0xf1, 0x0,
    0x4, 0xff, 0xff, 0xf8, 0x7, 0xff, 0xff, 0xf2,
    0x0, 0x6f, 0xf1, 0x0, 0x0, 0xcf, 0xf9, 0x10,
    0x0, 0x19, 0xff, 0x70, 0x0, 0x0, 0x0, 0x0,
    0x0, 0x35, 0x0, 0x0, 0x0, 0x0, 0x4, 0x0,

    /* U+6BD4 "比" */
    0x0, 0x0, 0x0, 0x0, 0x0, 0x0, 0x0, 0x0,
    0x0, 0x0, 0x0, 0x0, 0xf, 0xfa, 0x0, 0x0,
    0x0, 0x1f, 0xf9, 0x0, 0x0, 0x0, 0x0, 0x1,
    0xff, 0xa0, 0x0, 0x0, 0x1, 0xff, 0x90, 0x0,
    0x0, 0x0, 0x0, 0x1f, 0xfa, 0x0, 0x0, 0x0,
    0x1f, 0xf9, 0x0, 0x0, 0x0, 0x0, 0x1, 0xff,
    0xa0, 0x0, 0x0, 0x1, 0xff, 0x90, 0x0, 0x1,
    0x0, 0x0, 0x1f, 0xfa, 0x0, 0x0, 0x0, 0x1f,
    0xf9, 0x0, 0x1, 0xdb, 0x0, 0x1, 0xff, 0xa0,
    0x0, 0x0, 0x1, 0xff, 0x90, 0x1, 0xdf, 0xfa,
    0x0, 0x1f, 0xfb, 0x0, 0x0, 0x0, 0x1f, 0xf9,
    0x2, 0xdf, 0xff, 0x50, 0x1, 0xff, 0xff, 0xff,
    0xff, 0x41, 0xff, 0x93, 0xef, 0xfe, 0x30, 0x0,
    0x1f, 0xff, 0xff, 0xff, 0xf4, 0x1f, 0xfd, 0xff,
    0xfb, 0x10, 0x0, 0x1, 0xff, 0xd8, 0x88, 0x88,
    0x21, 0xff, 0xff, 0xf7, 0x0, 0x0, 0x0, 0x1f,
    0xfa, 0x0, 0x0, 0x0, 0x1f, 0xff, 0xd3, 0x0,
    0x0, 0x0, 0x1, 0xff, 0xa0, 0x0, 0x0, 0x1,
    0xff, 0xc0, 0x0, 0x0, 0x0, 0x0, 0x1f, 0xfa,
    0x0, 0x0, 0x0, 0x1f, 0xf9, 0x0, 0x0, 0x0,
    0x0, 0x1, 0xff, 0xa0, 0x0, 0x0, 0x1, 0xff,
    0x90, 0x0, 0x1, 0x0, 0x0, 0x1f, 0xfa, 0x0,
    0x0, 0x0, 0x1f, 0xf9, 0x0, 0x0, 0x7c, 0x50,
    0x1, 0xff, 0xa0, 0x0, 0x0, 0x1, 0xff, 0x90,
    0x0, 0x8, 0xff, 0x0, 0x1f, 0xfa, 0x0, 0x15,
    0xb0, 0x1f, 0xf9, 0x0, 0x0, 0x9f, 0xe0, 0x1,
    0xff, 0xb6, 0xbf, 0xff, 0x11, 0xff, 0x90, 0x0,
    0xb, 0xfc, 0x0, 0x3f, 0xff, 0xff, 0xff, 0xf1,
    0xf, 0xfc, 0x0, 0x1, 0xff, 0xa0, 0xc, 0xff,
    0xff, 0xfb, 0x50, 0x0, 0xef, 0xff, 0xff, 0xff,
    0xf5, 0x0, 0xcf, 0xfc, 0x61, 0x0, 0x0, 0x7,
    0xff, 0xff, 0xff, 0xfc, 0x0, 0x3, 0xb3, 0x0,
    0x0, 0x0, 0x0, 0x3, 0x78, 0x88, 0x86, 0x0,
    0x0, 0x0, 0x0, 0x0, 0x0, 0x0, 0x0, 0x0,
    0x0, 0x0, 0x0, 0x0,

    /* U+6C34 "水" */
    0x0, 0x0, 0x0, 0x0, 0x0, 0x17, 0x74, 0x0,
    0x0, 0x0, 0x0, 0x0, 0x0, 0x0, 0x0, 0x0,
    0x0, 0x2f, 0xfa, 0x0, 0x0, 0x0, 0x0, 0x0,
    0x0, 0x0, 0x0, 0x0, 0x0, 0x2f, 0xfa, 0x0,
    0x0, 0x0, 0x0, 0x0, 0x0, 0x0, 0x0, 0x0,
    0x0, 0x2f, 0xfa, 0x0, 0x0, 0x0, 0x0, 0x0,
    0x0, 0x0, 0x0, 0x0, 0x0, 0x2f, 0xfa, 0x0,
    0x0, 0x0, 0x0, 0x0, 0x0, 0x0, 0x0, 0x0,
    0x0, 0x2f, 0xfa, 0x0, 0x0, 0x2e, 0x70, 0x0,
    0x5, 0x99, 0x99, 0x9a, 0x82, 0x2f, 0xfb, 0x0,
    0x0, 0xdf, 0xf9, 0x0, 0x9, 0xff, 0xff, 0xff,
    0xfd, 0x2f, 0xff, 0x10, 0xb, 0xff, 0xc0, 0x0,
    0x9, 0xff, 0xff, 0xff, 0xfa, 0x2f, 0xff, 0x80,
    0xaf, 0xfc, 0x0, 0x0, 0x0, 0x0, 0x0, 0x7f,
    0xf6, 0x2f, 0xff, 0xfa, 0xff, 0xc0, 0x0, 0x0,
    0x0, 0x0, 0x0, 0xbf, 0xf2, 0x2f, 0xff, 0xff,
    0xfa, 0x0, 0x0, 0x0, 0x0, 0x0, 0x1, 0xff,
    0xd0, 0x2f, 0xff, 0xff, 0xa0, 0x0, 0x0, 0x0,
    0x0, 0x0, 0x7, 0xff, 0x70, 0x2f, 0xfb, 0xef,
    0xd0, 0x0, 0x0, 0x0, 0x0, 0x0, 0xe, 0xff,
    0x10, 0x2f, 0xfa, 0x6f, 0xfa, 0x0, 0x0, 0x0,
    0x0, 0x0, 0x7f, 0xf9, 0x0, 0x2f, 0xfa, 0xc,
    0xff, 0x80, 0x0, 0x0, 0x0, 0x2, 0xff, 0xf2,
    0x0, 0x2f, 0xfa, 0x2, 0xff, 0xf8, 0x0, 0x0,
    0x0, 0x1d, 0xff, 0x80, 0x0, 0x2f, 0xfa, 0x0,
    0x4f, 0xff, 0xb1, 0x0, 0x1, 0xcf, 0xfd, 0x0,
    0x0, 0x2f, 0xfa, 0x0, 0x6, 0xff, 0xfe, 0x50,
    0x1d, 0xff, 0xe2, 0x0, 0x0, 0x2f, 0xfa, 0x0,
    0x0, 0x5f, 0xff, 0xf5, 0x8, 0xff, 0x30, 0x0,
    0x0, 0x2f, 0xf9, 0x0, 0x0, 0x3, 0xdf, 0x90,
    0x0, 0x72, 0x0, 0xa, 0xdd, 0xef, 0xf9, 0x0,
    0x0, 0x0, 0x7, 0x0, 0x0, 0x0, 0x0, 0x6,
    0xff, 0xff, 0xf4, 0x0, 0x0, 0x0, 0x0, 0x0,
    0x0, 0x0, 0x0, 0x1, 0xff, 0xeb, 0x50, 0x0,
    0x0, 0x0, 0x0, 0x0,

    /* U+6CA1 "没" */
    0x0, 0x1b, 0x40, 0x0, 0x0, 0x38, 0x86, 0x66,
    0x78, 0x62, 0x0, 0x0, 0x0, 0xbf, 0xfb, 0x30,
    0x0, 0x7f, 0xff, 0xff, 0xff, 0xf5, 0x0, 0x0,
    0x0, 0x5e, 0xff, 0xf7, 0x0, 0x7f, 0xff, 0xff,
    0xff, 0xf5, 0x0, 0x0, 0x0, 0x0, 0x8f, 0xf2,
    0x0, 0x7f, 0xf0, 0x0, 0x3f, 0xf5, 0x0, 0x0,
    0x0, 0x0, 0x3, 0x50, 0x0, 0x9f, 0xe0, 0x0,
    0x3f, 0xf5, 0x0, 0x0, 0x0, 0x0, 0x0, 0x0,
    0x0, 0xef, 0xb0, 0x0, 0x3f, 0xf5, 0x0, 0x0,
    0x0, 0x20, 0x0, 0x0, 0x9, 0xff, 0x50, 0x0,
    0x2f, 0xfc, 0x88, 0xa0, 0xa, 0xfa, 0x20, 0x2,
    0xbf, 0xfc, 0x0, 0x0, 0xe, 0xff, 0xff, 0xf1,
    0x1d, 0xff, 0xf9, 0x19, 0xff, 0xc1, 0x0, 0x0,
    0x4, 0xdf, 0xff, 0xe2, 0x0, 0x5d, 0xff, 0x30,
    0x87, 0x0, 0x0, 0x0, 0x0, 0x0, 0x0, 0x0,
    0x0, 0x0, 0x76, 0x0, 0xaf, 0xff, 0xff, 0xff,
    0xff, 0xff, 0xd5, 0x0, 0x0, 0x0, 0x0, 0x0,
    0xbf, 0xff, 0xff, 0xff, 0xff, 0xff, 0xf6, 0x0,
    0x0, 0x0, 0x3, 0x10, 0x5b, 0xfe, 0x77, 0x77,
    0x77, 0xff, 0xf0, 0x0, 0x0, 0x0, 0xc, 0xe3,
    0x8, 0xff, 0x50, 0x0, 0x8, 0xff, 0x80, 0x0,
    0x0, 0x0, 0x5f, 0xf6, 0x0, 0xdf, 0xf3, 0x0,
    0x4f, 0xfd, 0x0, 0x0, 0x0, 0x0, 0xdf, 0xe0,
    0x0, 0x3f, 0xfe, 0x34, 0xff, 0xf3, 0x0, 0x0,
    0x0, 0x7, 0xff, 0x60, 0x0, 0x5, 0xff, 0xff,
    0xff, 0x50, 0x0, 0x0, 0x0, 0x1f, 0xfd, 0x0,
    0x0, 0x0, 0x9f, 0xff, 0xf9, 0x0, 0x0, 0x0,
    0x0, 0x9f, 0xf5, 0x0, 0x1, 0x6d, 0xff, 0xff,
    0xff, 0xd7, 0x20, 0x0, 0x4, 0xff, 0xc0, 0x29,
    0xdf, 0xff, 0xff, 0x79, 0xff, 0xff, 0xfd, 0xa1,
    0x1, 0xcf, 0x30, 0xd, 0xff, 0xfd, 0x71, 0x0,
    0x29, 0xff, 0xff, 0x90, 0x0, 0x5, 0x0, 0x5,
    0xc8, 0x30, 0x0, 0x0, 0x0, 0x5, 0x9c, 0x0,

    /* U+6CE8 "注" */
    0x0, 0x0, 0x0, 0x0, 0x0, 0x0, 0x0, 0x1,
    0x0, 0x0, 0x0, 0x0, 0x0, 0x8, 0x60, 0x0,
    0x0, 0x0, 0x6, 0xde, 0x0, 0x0, 0x0, 0x0,
    0x0, 0x6f, 0xfe, 0x60, 0x0, 0x0, 0x5, 0xff,
    0x70, 0x0, 0x0, 0x0, 0x0, 0x3b, 0xff, 0xfc,
    0x0, 0x0, 0x0, 0xdf, 0xf0, 0x0, 0x0, 0x0,
    0x0, 0x0, 0x4d, 0xf9, 0x0, 0x0, 0x0, 0x6f,
    0xe3, 0x0, 0x0, 0x0, 0x0, 0x0, 0x0, 0x70,
    0x69, 0x99, 0x99, 0xae, 0x99, 0x99, 0x99, 0x50,
    0x0, 0x0, 0x0, 0x0, 0xbf, 0xff, 0xff, 0xff,
    0xff, 0xff, 0xff, 0x90, 0x0, 0x0, 0x0, 0x0,
    0x9d, 0xdd, 0xdd, 0xff, 0xfd, 0xdd, 0xdd, 0x80,
    0x4, 0xfa, 0x30, 0x0, 0x0, 0x0, 0x0, 0xcf,
    0xe0, 0x0, 0x0, 0x0, 0xc, 0xff, 0xfb, 0x20,
    0x0, 0x0, 0x0, 0xcf, 0xe0, 0x0, 0x0, 0x0,
    0x0, 0x5d, 0xff, 0x70, 0x0, 0x0, 0x0, 0xcf,
    0xe0, 0x0, 0x0, 0x0, 0x0, 0x0, 0x7a, 0x0,
    0x0, 0x0, 0x0, 0xcf, 0xe0, 0x0, 0x0, 0x0,
    0x0, 0x0, 0x0, 0x0, 0xb, 0xff, 0xff, 0xff,
    0xff, 0xff, 0xfb, 0x0, 0x0, 0x0, 0x0, 0x40,
    0xc, 0xff, 0xff, 0xff, 0xff, 0xff, 0xfc, 0x0,
    0x0, 0x0, 0x7, 0xf6, 0x6, 0x88, 0x88, 0xef,
    0xf8, 0x88, 0x86, 0x0, 0x0, 0x0, 0x1f, 0xfc,
    0x0, 0x0, 0x0, 0xcf, 0xe0, 0x0, 0x0, 0x0,
    0x0, 0x0, 0x9f, 0xf4, 0x0, 0x0, 0x0, 0xcf,
    0xe0, 0x0, 0x0, 0x0, 0x0, 0x2, 0xff, 0xc0,
    0x0, 0x0, 0x0, 0xcf, 0xe0, 0x0, 0x0, 0x0,
    0x0, 0xc, 0xff, 0x30, 0x0, 0x0, 0x0, 0xcf,
    0xe0, 0x0, 0x0, 0x0, 0x0, 0x6f, 0xfa, 0x0,
    0x11, 0x11, 0x11, 0xcf, 0xf1, 0x11, 0x11, 0x10,
    0x1, 0xff, 0xf2, 0x7, 0xff, 0xff, 0xff, 0xff,
    0xff, 0xff, 0xff, 0xf3, 0x2, 0xdf, 0x80, 0x7,
    0xff, 0xff, 0xff, 0xff, 0xff, 0xff, 0xff, 0xf3,
    0x0, 0x9, 0x0, 0x2, 0x66, 0x66, 0x66, 0x66,
    0x66, 0x66, 0x66, 0x61,

    /* U+6D4B "测" */
    0x0, 0x0, 0x0, 0x0, 0x0, 0x0, 0x0, 0x0,
    0x0, 0x0, 0x0, 0x0, 0x6, 0xc3, 0x0, 0x0,
    0x0, 0x0, 0x0, 0x0, 0x0, 0xd, 0xe1, 0x3,
    0xff, 0xfa, 0x1c, 0xff, 0xff, 0xff, 0xfb, 0x0,
    0x0, 0xef, 0x10, 0x7, 0xff, 0xfb, 0xdf, 0xee,
    0xee, 0xef, 0xc1, 0xfe, 0xe, 0xf1, 0x0, 0x1,
    0xbf, 0x2d, 0xf1, 0x0, 0x3, 0xfc, 0x1f, 0xe0,
    0xef, 0x10, 0x0, 0x0, 0x30, 0xdf, 0x18, 0xa0,
    0x3f, 0xc1, 0xfe, 0xe, 0xf1, 0x0, 0x0, 0x0,
    0xd, 0xf1, 0xdf, 0x13, 0xfc, 0x1f, 0xe0, 0xef,
    0x10, 0x25, 0x0, 0x0, 0xdf, 0x1d, 0xf1, 0x3f,
    0xc1, 0xfe, 0xe, 0xf1, 0xd, 0xfc, 0x30, 0xd,
    0xf1, 0xdf, 0x13, 0xfc, 0x1f, 0xe0, 0xef, 0x12,
    0xdf, 0xff, 0x90, 0xdf, 0x1d, 0xf1, 0x3f, 0xc1,
    0xfe, 0xe, 0xf1, 0x0, 0x7f, 0xf6, 0xd, 0xf1,
    0xdf, 0x13, 0xfc, 0x1f, 0xe0, 0xef, 0x10, 0x0,
    0x17, 0x0, 0xdf, 0x1d, 0xf1, 0x3f, 0xc1, 0xfe,
    0xe, 0xf1, 0x0, 0x0, 0x0, 0xd, 0xf1, 0xdf,
    0x13, 0xfc, 0x1f, 0xe0, 0xef, 0x10, 0x0, 0x0,
    0x0, 0xdf, 0x1d, 0xf1, 0x3f, 0xc1, 0xfe, 0xe,
    0xf1, 0x0, 0x2, 0xd4, 0xd, 0xf1, 0xdf, 0x13,
    0xfc, 0x1f, 0xe0, 0xef, 0x10, 0x0, 0x8f, 0xf0,
    0xdf, 0x1e, 0xf0, 0x3f, 0xc1, 0xfe, 0xe, 0xf1,
    0x0, 0xe, 0xfb, 0xd, 0xf1, 0xfe, 0x3, 0xfc,
    0x1f, 0xe0, 0xef, 0x10, 0x4, 0xff, 0x50, 0x8a,
    0x4f, 0xb0, 0x18, 0x60, 0xa9, 0xe, 0xf1, 0x0,
    0xbf, 0xf0, 0x0, 0x9, 0xf7, 0x86, 0x0, 0x0,
    0x0, 0xef, 0x10, 0x2f, 0xf9, 0x0, 0x4, 0xff,
    0x4f, 0xf5, 0x0, 0x0, 0xe, 0xf1, 0x9, 0xff,
    0x30, 0x5, 0xff, 0x60, 0x4f, 0xf4, 0x1, 0x12,
    0xff, 0x10, 0xcf, 0xd0, 0x9, 0xff, 0x80, 0x0,
    0x6f, 0xe0, 0xbf, 0xff, 0xf0, 0x0, 0x55, 0x0,
    0x2d, 0x50, 0x0, 0x0, 0x85, 0x5, 0xff, 0xc5,
    0x0, 0x0, 0x0, 0x0, 0x0, 0x0, 0x0, 0x0,
    0x0, 0x0, 0x0, 0x0,

    /* U+72B6 "状" */
    0x0, 0x0, 0x3, 0x66, 0x0, 0x0, 0x0, 0x55,
    0x20, 0x0, 0x0, 0x0, 0x0, 0x0, 0x7, 0xff,
    0x10, 0x0, 0x1, 0xff, 0x70, 0x19, 0x10, 0x0,
    0x0, 0x0, 0x7, 0xff, 0x10, 0x0, 0x1, 0xff,
    0x70, 0xef, 0xa0, 0x0, 0x0, 0x10, 0x7, 0xff,
    0x10, 0x0, 0x1, 0xff, 0x70, 0x6f, 0xf6, 0x0,
    0x7, 0xf8, 0x7, 0xff, 0x10, 0x0, 0x1, 0xff,
    0x70, 0xc, 0xff, 0x10, 0xa, 0xff, 0x37, 0xff,
    0x10, 0x0, 0x1, 0xff, 0x70, 0x2, 0xfe, 0x30,
    0x1, 0xef, 0xd8, 0xff, 0x10, 0x0, 0x1, 0xff,
    0x70, 0x0, 0x51, 0x0, 0x0, 0x6f, 0xfd, 0xff,
    0x28, 0x88, 0x89, 0xff, 0xc8, 0x88, 0x88, 0x80,
    0x0, 0xd, 0xfc, 0xff, 0x4f, 0xff, 0xff, 0xff,
    0xff, 0xff, 0xff, 0xf0, 0x0, 0x3, 0x17, 0xff,
    0x4f, 0xff, 0xff, 0xff, 0xff, 0xff, 0xff, 0xf0,
    0x0, 0x0, 0x7, 0xff, 0x10, 0x0, 0x5, 0xff,
    0xf0, 0x0, 0x0, 0x0, 0x0, 0x0, 0x8, 0xff,
    0x10, 0x0, 0x7, 0xff, 0xf3, 0x0, 0x0, 0x0,
    0x0, 0x0, 0x4f, 0xff, 0x10, 0x0, 0xa, 0xff,
    0xf9, 0x0, 0x0, 0x0, 0x0, 0x6, 0xff, 0xff,
    0x10, 0x0, 0xe, 0xff, 0xfe, 0x0, 0x0, 0x0,
    0x0, 0x9f, 0xff, 0xff, 0x10, 0x0, 0x4f, 0xfa,
    0xff, 0x50, 0x0, 0x0, 0x1c, 0xff, 0xc9, 0xff,
    0x10, 0x0, 0xaf, 0xf2, 0xcf, 0xd0, 0x0, 0x0,
    0xd, 0xfb, 0x7, 0xff, 0x10, 0x2, 0xff, 0xc0,
    0x5f, 0xf6, 0x0, 0x0, 0x4, 0xa0, 0x7, 0xff,
    0x10, 0xb, 0xff, 0x50, 0xd, 0xff, 0x20, 0x0,
    0x0, 0x0, 0x7, 0xff, 0x10, 0x6f, 0xfc, 0x0,
    0x4, 0xff, 0xd0, 0x0, 0x0, 0x0, 0x7, 0xff,
    0x13, 0xff, 0xf3, 0x0, 0x0, 0xaf, 0xfc, 0x10,
    0x0, 0x0, 0x7, 0xff, 0x4f, 0xff, 0x70, 0x0,
    0x0, 0xd, 0xff, 0xe3, 0x0, 0x0, 0x7, 0xff,
    0xdf, 0xf9, 0x0, 0x0, 0x0, 0x1, 0xdf, 0xd1,
    0x0, 0x0, 0x7, 0xff, 0x19, 0x90, 0x0, 0x0,
    0x0, 0x0, 0x1b, 0x20, 0x0, 0x0, 0x0, 0x0,
    0x0, 0x0, 0x0, 0x0, 0x0, 0x0, 0x0, 0x0,

    /* U+7387 "率" */
    0x0, 0x0, 0x0, 0x0, 0x0, 0x35, 0x0, 0x0,
    0x0, 0x0, 0x0, 0x0, 0x0, 0x0, 0x0, 0xa,
    0xff, 0x50, 0x0, 0x0, 0x0, 0x0, 0x5, 0x55,
    0x55, 0x55, 0x57, 0xff, 0xe5, 0x55, 0x55, 0x55,
    0x54, 0x1f, 0xff, 0xff, 0xff, 0xff, 0xff, 0xff,
    0xff, 0xff, 0xff, 0xfd, 0x1f, 0xff, 0xff, 0xff,
    0xff, 0xff, 0xff, 0xff, 0xff, 0xff, 0xfd, 0x0,
    0x30, 0x0, 0x0, 0x5f, 0xf4, 0x4, 0x60, 0x0,
    0x33, 0x0, 0x8, 0xfd, 0x40, 0x3, 0xff, 0x60,
    0x2f, 0xf9, 0x3, 0xff, 0x90, 0x4, 0xef, 0xf8,
    0x3f, 0xff, 0xef, 0xff, 0xc0, 0x5f, 0xfe, 0x30,
    0x0, 0x1b, 0xfa, 0x1f, 0xff, 0xff, 0xfc, 0x11,
    0xef, 0xd2, 0x0, 0x0, 0x0, 0x50, 0x6, 0x44,
    0xef, 0xc3, 0x20, 0x6, 0x0, 0x0, 0x0, 0x0,
    0x5c, 0x30, 0x2e, 0xfb, 0x7f, 0xd1, 0xac, 0x30,
    0x0, 0x0, 0x6d, 0xff, 0x75, 0xff, 0xc4, 0x5f,
    0xfd, 0xff, 0xf9, 0x0, 0x6e, 0xff, 0xf7, 0xaf,
    0xff, 0xff, 0xff, 0xff, 0x4c, 0xff, 0xd2, 0x2f,
    0xf9, 0x10, 0x8f, 0xff, 0xec, 0xb9, 0xdf, 0xa0,
    0x8f, 0xf7, 0x5, 0x20, 0x0, 0x25, 0x23, 0xaa,
    0x40, 0x47, 0x10, 0x5, 0x50, 0x0, 0x0, 0x0,
    0x0, 0x5, 0xff, 0x70, 0x0, 0x0, 0x0, 0x0,
    0xdf, 0xff, 0xff, 0xff, 0xff, 0xff, 0xff, 0xff,
    0xff, 0xff, 0xfe, 0xef, 0xff, 0xff, 0xff, 0xff,
    0xff, 0xff, 0xff, 0xff, 0xff, 0xfe, 0x67, 0x77,
    0x77, 0x77, 0x7a, 0xff, 0xb7, 0x77, 0x77, 0x77,
    0x76, 0x0, 0x0, 0x0, 0x0, 0x5, 0xff, 0x70,
    0x0, 0x0, 0x0, 0x0, 0x0, 0x0, 0x0, 0x0,
    0x5, 0xff, 0x70, 0x0, 0x0, 0x0, 0x0, 0x0,
    0x0, 0x0, 0x0, 0x5, 0xff, 0x70, 0x0, 0x0,
    0x0, 0x0, 0x0, 0x0, 0x0, 0x0, 0x5, 0xff,
    0x70, 0x0, 0x0, 0x0, 0x0,

    /* U+7528 "用" */
    0x0, 0x4, 0x88, 0x88, 0x88, 0x88, 0x88, 0x88,
    0x88, 0x88, 0x84, 0x0, 0x8, 0xff, 0xff, 0xff,
    0xff, 0xff, 0xff, 0xff, 0xff, 0xf8, 0x0, 0x8,
    0xff, 0xff, 0xff, 0xff, 0xff, 0xff, 0xff, 0xff,
    0xf8, 0x0, 0x8, 0xff, 0x0, 0x0, 0x1f, 0xf8,
    0x0, 0x0, 0xf, 0xf8, 0x0, 0x8, 0xff, 0x0,
    0x0, 0x1f, 0xf8, 0x0, 0x0, 0xf, 0xf8, 0x0,
    0x8, 0xff, 0x32, 0x22, 0x3f, 0xf9, 0x22, 0x22,
    0x2f, 0xf8, 0x0, 0x8, 0xff, 0xff, 0xff, 0xff,
    0xff, 0xff, 0xff, 0xff, 0xf8, 0x0, 0x8, 0xff,
    0xff, 0xff, 0xff, 0xff, 0xff, 0xff, 0xff, 0xf8,
    0x0, 0x8, 0xff, 0x44, 0x44, 0x5f, 0xfa, 0x44,
    0x44, 0x4f, 0xf8, 0x0, 0x8, 0xff, 0x0, 0x0,
    0x1f, 0xf8, 0x0, 0x0, 0xf, 0xf8, 0x0, 0x8,
    0xff, 0x0, 0x0, 0x1f, 0xf8, 0x0, 0x0, 0xf,
    0xf8, 0x0, 0x9, 0xff, 0x77, 0x77, 0x8f, 0xfb,
    0x77, 0x77, 0x7f, 0xf8, 0x0, 0xa, 0xff, 0xff,
    0xff, 0xff, 0xff, 0xff, 0xff, 0xff, 0xf8, 0x0,
    0xc, 0xff, 0xff, 0xff, 0xff, 0xff, 0xff, 0xff,
    0xff, 0xf8, 0x0, 0xf, 0xf9, 0x0, 0x0, 0x1f,
    0xf8, 0x0, 0x0, 0xf, 0xf8, 0x0, 0x3f, 0xf6,
    0x0, 0x0, 0x1f, 0xf8, 0x0, 0x0, 0xf, 0xf8,
    0x0, 0x8f, 0xf2, 0x0, 0x0, 0x1f, 0xf8, 0x0,
    0x0, 0xf, 0xf8, 0x0, 0xef, 0xd0, 0x0, 0x0,
    0x1f, 0xf8, 0x0, 0x0, 0xf, 0xf8, 0x8, 0xff,
    0x70, 0x0, 0x0, 0x1f, 0xf8, 0x6, 0x66, 0x7f,
    0xf8, 0x2f, 0xfe, 0x0, 0x0, 0x0, 0x1f, 0xf8,
    0xc, 0xff, 0xff, 0xf5, 0x4, 0xf4, 0x0, 0x0,
    0x0, 0x1e, 0xe7, 0x6, 0xff, 0xfd, 0x70, 0x0,
    0x10, 0x0, 0x0, 0x0, 0x0, 0x0, 0x0, 0x0,
    0x0, 0x0,

    /* U+7531 "由" */
    0x0, 0x0, 0x0, 0x0, 0x23, 0x30, 0x0, 0x0,
    0x0, 0x0, 0x0, 0x0, 0x0, 0x0, 0x9f, 0xf1,
    0x0, 0x0, 0x0, 0x0, 0x0, 0x0, 0x0, 0x0,
    0x9f, 0xf1, 0x0, 0x0, 0x0, 0x0, 0x0, 0x0,
    0x0, 0x0, 0x9f, 0xf1, 0x0, 0x0, 0x0, 0x0,
    0x0, 0x0, 0x0, 0x0, 0x9f, 0xf1, 0x0, 0x0,
    0x0, 0x0, 0x4a, 0xaa, 0xaa, 0xaa, 0xdf, 0xfa,
    0xaa, 0xaa, 0xaa, 0xa5, 0x7f, 0xff, 0xff, 0xff,
    0xff, 0xff, 0xff, 0xff, 0xff, 0xf9, 0x7f, 0xff,
    0xff, 0xff, 0xff, 0xff, 0xff, 0xff, 0xff, 0xf9,
    0x7f, 0xf1, 0x0, 0x0, 0x9f, 0xf1, 0x0, 0x0,
    0x1f, 0xf9, 0x7f, 0xf1, 0x0, 0x0, 0x9f, 0xf1,
    0x0, 0x0, 0x1f, 0xf9, 0x7f, 0xf1, 0x0, 0x0,
    0x9f, 0xf1, 0x0, 0x0, 0x1f, 0xf9, 0x7f, 0xf1,
    0x0, 0x0, 0x9f, 0xf1, 0x0, 0x0, 0x1f, 0xf9,
    0x7f, 0xfa, 0x99, 0x99, 0xdf, 0xf9, 0x99, 0x99,
    0xaf, 0xf9, 0x7f, 0xff, 0xff, 0xff, 0xff, 0xff,
    0xff, 0xff, 0xff, 0xf9, 0x7f, 0xff, 0xff, 0xff,
    0xff, 0xff, 0xff, 0xff, 0xff, 0xf9, 0x7f, 0xf1,
    0x0, 0x0, 0x9f, 0xf1, 0x0, 0x0, 0x1f, 0xf9,
    0x7f, 0xf1, 0x0, 0x0, 0x9f, 0xf1, 0x0, 0x0,
    0x1f, 0xf9, 0x7f, 0xf1, 0x0, 0x0, 0x9f, 0xf1,
    0x0, 0x0, 0x1f, 0xf9, 0x7f, 0xf1, 0x0, 0x0,
    0x9f, 0xf1, 0x0, 0x0, 0x1f, 0xf9, 0x7f, 0xff,
    0xff, 0xff, 0xff, 0xff, 0xff, 0xff, 0xff, 0xf9,
    0x7f, 0xff, 0xff, 0xff, 0xff, 0xff, 0xff, 0xff,
    0xff, 0xf9, 0x7f, 0xfa, 0x99, 0x99, 0x99, 0x99,
    0x99, 0x99, 0xaf, 0xf9, 0x7f, 0xf1, 0x0, 0x0,
    0x0, 0x0, 0x0, 0x0, 0x1f, 0xf9, 0x0, 0x0,
    0x0, 0x0, 0x0, 0x0, 0x0, 0x0, 0x0, 0x0,

    /* U+76D8 "盘" */
    0x0, 0x0, 0x0, 0x0, 0x2, 0xa7, 0x20, 0x0,
    0x0, 0x0, 0x0, 0x0, 0x0, 0x0, 0x0, 0x0,
    0x8f, 0xf3, 0x0, 0x0, 0x0, 0x0, 0x0, 0x0,
    0x3, 0xcd, 0xdc, 0xcf, 0xff, 0xcc, 0xcc, 0xdd,
    0x90, 0x0, 0x0, 0x0, 0x4f, 0xff, 0xff, 0xff,
    0xff, 0xff, 0xff, 0xfb, 0x0, 0x0, 0x0, 0x4,
    0xff, 0x84, 0x49, 0x94, 0x44, 0x44, 0xef, 0xb0,
    0x0, 0x0, 0x0, 0x4f, 0xf6, 0x2, 0xff, 0xc2,
    0x0, 0xd, 0xfb, 0x0, 0x0, 0x0, 0x4, 0xff,
    0x60, 0x6, 0xef, 0xf3, 0x0, 0xdf, 0xb0, 0x0,
    0x3, 0x44, 0x7f, 0xf8, 0x44, 0x45, 0xee, 0x44,
    0x4e, 0xfc, 0x44, 0x40, 0xdf, 0xff, 0xff, 0xff,
    0xff, 0xff, 0xff, 0xff, 0xff, 0xff, 0xff, 0xc,
    0xff, 0xff, 0xff, 0xff, 0xff, 0xff, 0xff, 0xff,
    0xff, 0xff, 0xf0, 0x0, 0xe, 0xfd, 0x0, 0x1d,
    0x91, 0x0, 0x0, 0xdf, 0xb0, 0x0, 0x0, 0x8,
    0xff, 0x70, 0x6, 0xff, 0xf7, 0x0, 0xd, 0xfb,
    0x0, 0x0, 0x7, 0xff, 0xe1, 0x0, 0x1, 0xaf,
    0xe6, 0xcc, 0xff, 0xa0, 0x0, 0x1, 0xdf, 0xf4,
    0x0, 0x0, 0x0, 0x53, 0x1f, 0xff, 0xf4, 0x0,
    0x0, 0x1, 0xd7, 0x22, 0x22, 0x22, 0x22, 0x22,
    0x88, 0x74, 0x20, 0x0, 0x0, 0x5, 0xff, 0xff,
    0xff, 0xff, 0xff, 0xff, 0xff, 0xff, 0x40, 0x0,
    0x0, 0x5f, 0xfd, 0xde, 0xff, 0xdd, 0xff, 0xed,
    0xef, 0xf4, 0x0, 0x0, 0x5, 0xff, 0x0, 0x7f,
    0xe0, 0xe, 0xf7, 0x4, 0xff, 0x40, 0x0, 0x0,
    0x5f, 0xf0, 0x7, 0xfe, 0x0, 0xef, 0x70, 0x4f,
    0xf4, 0x0, 0x0, 0x5, 0xff, 0x0, 0x7f, 0xe0,
    0xe, 0xf7, 0x4, 0xff, 0x40, 0x0, 0xef, 0xff,
    0xff, 0xff, 0xff, 0xff, 0xff, 0xff, 0xff, 0xff,
    0xfe, 0xf, 0xff, 0xff, 0xff, 0xff, 0xff, 0xff,
    0xff, 0xff, 0xff, 0xff, 0xf0, 0x44, 0x44, 0x44,
    0x44, 0x44, 0x44, 0x44, 0x44, 0x44, 0x44, 0x44,
    0x0,

    /* U+76EE "目" */
    0x9f, 0xff, 0xff, 0xff, 0xff, 0xff, 0xff, 0xff,
    0xf7, 0x9f, 0xff, 0xff, 0xff, 0xff, 0xff, 0xff,
    0xff, 0xf8, 0x9f, 0xf9, 0x99, 0x99, 0x99, 0x99,
    0x99, 0xaf, 0xf8, 0x9f, 0xf0, 0x0, 0x0, 0x0,
    0x0, 0x0, 0x3f, 0xf8, 0x9f, 0xf0, 0x0, 0x0,
    0x0, 0x0, 0x0, 0x3f, 0xf8, 0x9f, 0xf6, 0x66,
    0x66, 0x66, 0x66, 0x66, 0x8f, 0xf8, 0x9f, 0xff,
    0xff, 0xff, 0xff, 0xff, 0xff, 0xff, 0xf8, 0x9f,
    0xff, 0xff, 0xff, 0xff, 0xff, 0xff, 0xff, 0xf8,
    0x9f, 0xf1, 0x11, 0x11, 0x11, 0x11, 0x11, 0x4f,
    0xf8, 0x9f, 0xf0, 0x0, 0x0, 0x0, 0x0, 0x0,
    0x3f, 0xf8, 0x9f, 0xf0, 0x0, 0x0, 0x0, 0x0,
    0x0, 0x3f, 0xf8, 0x9f, 0xff, 0xff, 0xff, 0xff,
    0xff, 0xff, 0xff, 0xf8, 0x9f, 0xff, 0xff, 0xff,
    0xff, 0xff, 0xff, 0xff, 0xf8, 0x9f, 0xf7, 0x77,
    0x77, 0x77, 0x77, 0x77, 0x9f, 0xf8, 0x9f, 0xf0,
    0x0, 0x0, 0x0, 0x0, 0x0, 0x3f, 0xf8, 0x9f,
    0xf0, 0x0, 0x0, 0x0, 0x0, 0x0, 0x3f, 0xf8,
    0x9f, 0xf0, 0x0, 0x0, 0x0, 0x0, 0x0, 0x4f,
    0xf8, 0x9f, 0xff, 0xff, 0xff, 0xff, 0xff, 0xff,
    0xff, 0xf8, 0x9f, 0xff, 0xff, 0xff, 0xff, 0xff,
    0xff, 0xff, 0xf8, 0x9f, 0xf7, 0x77, 0x77, 0x77,
    0x77, 0x77, 0x9f, 0xf8, 0x9f, 0xf0, 0x0, 0x0,
    0x0, 0x0, 0x0, 0x3f, 0xf8,

    /* U+786E "确" */
    0x0, 0x0, 0x0, 0x0, 0x0, 0x0, 0x0, 0x0,
    0x0, 0x0, 0x0, 0x0, 0x0, 0x0, 0x0, 0x0,
    0x0, 0x8, 0xf9, 0x0, 0x0, 0x0, 0x0, 0xe,
    0xff, 0xff, 0xff, 0xf7, 0x0, 0xef, 0x92, 0x22,
    0x30, 0x0, 0x0, 0xef, 0xff, 0xff, 0xff, 0x70,
    0x8f, 0xff, 0xff, 0xff, 0xd3, 0x0, 0x4, 0x58,
    0xff, 0x65, 0x52, 0x2f, 0xff, 0xff, 0xff, 0xff,
    0x30, 0x0, 0x0, 0x8f, 0xe0, 0x0, 0xc, 0xfe,
    0x0, 0x4, 0xff, 0x70, 0x0, 0x0, 0xc, 0xfa,
    0x0, 0xb, 0xff, 0x72, 0x23, 0xef, 0xc2, 0x42,
    0x0, 0x1, 0xff, 0x60, 0x9, 0xff, 0xff, 0xff,
    0xff, 0xff, 0xff, 0xf5, 0x0, 0x5f, 0xf1, 0x0,
    0x3f, 0xff, 0xff, 0xff, 0xff, 0xff, 0xff, 0x50,
    0xb, 0xff, 0xbb, 0xb9, 0x49, 0xfc, 0x0, 0xef,
    0x50, 0x2f, 0xf5, 0x2, 0xff, 0xff, 0xff, 0xd0,
    0x9f, 0xc0, 0xe, 0xf5, 0x1, 0xff, 0x50, 0xaf,
    0xfe, 0x8a, 0xfd, 0x9, 0xff, 0xff, 0xff, 0xff,
    0xff, 0xf5, 0x4f, 0xff, 0xc0, 0x4f, 0xd0, 0x9f,
    0xff, 0xff, 0xff, 0xff, 0xff, 0x51, 0xff, 0xfc,
    0x4, 0xfd, 0x9, 0xfc, 0x0, 0xef, 0x50, 0x2f,
    0xf5, 0xb, 0xaf, 0xc0, 0x4f, 0xd0, 0x9f, 0xc0,
    0xe, 0xf5, 0x1, 0xff, 0x50, 0x35, 0xfc, 0x4,
    0xfd, 0xb, 0xff, 0xdd, 0xff, 0xed, 0xdf, 0xf5,
    0x0, 0x5f, 0xc0, 0x4f, 0xd0, 0xcf, 0xff, 0xff,
    0xff, 0xff, 0xff, 0x50, 0x5, 0xfd, 0x26, 0xfd,
    0xf, 0xfa, 0x55, 0xff, 0x95, 0x7f, 0xf5, 0x0,
    0x5f, 0xff, 0xff, 0xd3, 0xff, 0x40, 0xe, 0xf5,
    0x1, 0xff, 0x50, 0x5, 0xff, 0xff, 0xfd, 0x8f,
    0xf0, 0x0, 0xef, 0x50, 0x1f, 0xf5, 0x0, 0x5f,
    0xd1, 0x11, 0x2f, 0xfa, 0x0, 0xe, 0xf6, 0x34,
    0xff, 0x50, 0x4, 0xfc, 0x0, 0xa, 0xff, 0x30,
    0x0, 0xef, 0x5f, 0xff, 0xf3, 0x0, 0x0, 0x0,
    0x0, 0x1b, 0x90, 0x0, 0x0, 0x10, 0xcf, 0xe8,
    0x0, 0x0, 0x0, 0x0, 0x0, 0x0, 0x0, 0x0,
    0x0, 0x0, 0x0, 0x0,

    /* U+79BB "离" */
    0x0, 0x0, 0x0, 0x0, 0x0, 0x33, 0x0, 0x0,
    0x0, 0x0, 0x0, 0x0, 0x0, 0x0, 0x0, 0xa,
    0xfe, 0x0, 0x0, 0x0, 0x0, 0x0, 0x14, 0x44,
    0x44, 0x44, 0x48, 0xff, 0x74, 0x44, 0x44, 0x44,
    0x43, 0x5f, 0xff, 0xff, 0xff, 0xff, 0xff, 0xff,
    0xff, 0xff, 0xff, 0xfe, 0x5f, 0xff, 0xff, 0xff,
    0xff, 0xff, 0xff, 0xff, 0xff, 0xff, 0xfd, 0x0,
    0x8, 0xa6, 0x8, 0xb4, 0x0, 0x2b, 0xf6, 0x1a,
    0xa4, 0x0, 0x0, 0xd, 0xfa, 0x7, 0xef, 0xda,
    0xff, 0x60, 0x1f, 0xf7, 0x0, 0x0, 0xd, 0xfa,
    0x0, 0x2d, 0xff, 0xfa, 0x10, 0x1f, 0xf7, 0x0,
    0x0, 0xd, 0xfa, 0x4b, 0xff, 0xb5, 0xbf, 0xf9,
    0x1f, 0xf7, 0x0, 0x0, 0xd, 0xfa, 0x1d, 0xa3,
    0x0, 0x3, 0xb6, 0x1f, 0xf7, 0x0, 0x0, 0xd,
    0xff, 0xee, 0xee, 0xee, 0xee, 0xee, 0xef, 0xf7,
    0x0, 0x0, 0xd, 0xff, 0xff, 0xff, 0xff, 0xff,
    0xff, 0xff, 0xf7, 0x0, 0x0, 0x1, 0x22, 0x22,
    0x27, 0xff, 0x82, 0x22, 0x22, 0x20, 0x0, 0x1,
    0x33, 0x33, 0x33, 0x3d, 0xff, 0x43, 0x33, 0x33,
    0x33, 0x30, 0x6, 0xff, 0xff, 0xff, 0xff, 0xff,
    0xff, 0xff, 0xff, 0xff, 0xf0, 0x6, 0xff, 0xff,
    0xff, 0xff, 0xff, 0xff, 0xff, 0xff, 0xff, 0xf0,
    0x6, 0xff, 0x10, 0xb, 0xfe, 0x10, 0x1c, 0xe1,
    0x0, 0x8f, 0xf0, 0x6, 0xff, 0x10, 0x8f, 0xf4,
    0x0, 0x1c, 0xfd, 0x0, 0x8f, 0xf0, 0x6, 0xff,
    0x14, 0xff, 0xfc, 0xef, 0xff, 0xff, 0xa0, 0x8f,
    0xf0, 0x6, 0xff, 0x10, 0xff, 0xff, 0xfe, 0xdb,
    0x9f, 0xe1, 0x8f, 0xf0, 0x6, 0xff, 0x10, 0x77,
    0x52, 0x0, 0x0, 0x4, 0x10, 0x8f, 0xf0, 0x6,
    0xff, 0x10, 0x0, 0x0, 0x0, 0x0, 0xd, 0xee,
    0xff, 0xe0, 0x6, 0xff, 0x10, 0x0, 0x0, 0x0,
    0x0, 0x8, 0xff, 0xfc, 0x40, 0x0, 0x0, 0x0,
    0x0, 0x0, 0x0, 0x0, 0x0, 0x0, 0x0, 0x0,

    /* U+79D2 "秒" */
    0x0, 0x0, 0x0, 0x0, 0x0, 0x0, 0x0, 0x1,
    0x10, 0x0, 0x0, 0x0, 0x0, 0x0, 0x0, 0x5a,
    0xe3, 0x0, 0x0, 0xf, 0xf6, 0x0, 0x0, 0x0,
    0x3, 0x69, 0xcf, 0xff, 0xfd, 0x0, 0x0, 0xf,
    0xf6, 0x0, 0x0, 0x0, 0xb, 0xff, 0xff, 0xfd,
    0x94, 0x0, 0x0, 0xf, 0xf6, 0x0, 0x0, 0x0,
    0x5, 0xca, 0xbf, 0xf1, 0x0, 0x1, 0x0, 0xf,
    0xf6, 0x4, 0x70, 0x0, 0x0, 0x0, 0x7f, 0xf1,
    0x0, 0x9, 0xfb, 0xf, 0xf6, 0x6f, 0xf3, 0x0,
    0x0, 0x0, 0x7f, 0xf1, 0x0, 0xb, 0xfb, 0xf,
    0xf6, 0xe, 0xfa, 0x0, 0x17, 0x77, 0xbf, 0xf8,
    0x77, 0x1e, 0xf8, 0xf, 0xf6, 0x9, 0xff, 0x10,
    0x2f, 0xff, 0xff, 0xff, 0xff, 0x4f, 0xf5, 0xf,
    0xf6, 0x3, 0xff, 0x60, 0x2f, 0xff, 0xff, 0xff,
    0xff, 0x7f, 0xf1, 0xf, 0xf6, 0x0, 0xdf, 0xb0,
    0x0, 0x0, 0xff, 0xf4, 0x0, 0x9f, 0xd0, 0xf,
    0xf6, 0x0, 0x8f, 0xf0, 0x0, 0x6, 0xff, 0xfe,
    0x20, 0xff, 0x80, 0xf, 0xf6, 0x0, 0x49, 0x30,
    0x0, 0xd, 0xff, 0xff, 0xe1, 0x3b, 0x30, 0xf,
    0xf6, 0x1, 0x20, 0x0, 0x0, 0x5f, 0xff, 0xfc,
    0xfc, 0x0, 0x0, 0xf, 0xf6, 0x7, 0xfe, 0x20,
    0x0, 0xdf, 0xcf, 0xf3, 0xfb, 0x0, 0x0, 0xf,
    0xf6, 0xe, 0xfd, 0x0, 0x8, 0xfd, 0x7f, 0xf1,
    0x81, 0x0, 0x0, 0xc, 0xc5, 0x9f, 0xf5, 0x0,
    0x3f, 0xf5, 0x7f, 0xf1, 0x0, 0x0, 0x0, 0x0,
    0x6, 0xff, 0xb0, 0x0, 0x1f, 0xd0, 0x7f, 0xf1,
    0x0, 0x0, 0x0, 0x0, 0x8f, 0xfe, 0x10, 0x0,
    0x8, 0x30, 0x7f, 0xf1, 0x0, 0x0, 0x0, 0x3c,
    0xff, 0xe2, 0x0, 0x0, 0x0, 0x0, 0x7f, 0xf1,
    0x0, 0x0, 0x5b, 0xff, 0xfd, 0x20, 0x0, 0x0,
    0x0, 0x0, 0x7f, 0xf1, 0x18, 0xbf, 0xff, 0xff,
    0x70, 0x0, 0x0, 0x0, 0x0, 0x0, 0x7f, 0xf1,
    0xd, 0xff, 0xfe, 0x71, 0x0, 0x0, 0x0, 0x0,
    0x0, 0x0, 0x7f, 0xf1, 0x4, 0xc8, 0x30, 0x0,
    0x0, 0x0, 0x0, 0x0,

    /* U+7A33 "稳" */
    0x0, 0x0, 0x0, 0x1, 0x0, 0x0, 0x38, 0x60,
    0x0, 0x0, 0x0, 0x0, 0x0, 0x0, 0x4, 0xaf,
    0x70, 0x0, 0xcf, 0xc0, 0x0, 0x0, 0x0, 0x0,
    0x2, 0x8c, 0xff, 0xff, 0xf3, 0x7, 0xff, 0xfe,
    0xee, 0xfb, 0x10, 0x0, 0x2, 0xff, 0xff, 0xf7,
    0x30, 0x3f, 0xff, 0xff, 0xff, 0xff, 0x60, 0x0,
    0x0, 0x65, 0x9f, 0xe0, 0x3, 0xef, 0xc1, 0x11,
    0x1b, 0xfc, 0x0, 0x0, 0x0, 0x0, 0x7f, 0xe0,
    0x5f, 0xfd, 0x10, 0x0, 0x5f, 0xf2, 0x0, 0x0,
    0x0, 0x0, 0x7f, 0xe0, 0x3f, 0xff, 0xff, 0xff,
    0xff, 0xff, 0xf8, 0x0, 0x5, 0x99, 0xcf, 0xf9,
    0x98, 0xff, 0xff, 0xff, 0xff, 0xff, 0xf8, 0x0,
    0x9, 0xff, 0xff, 0xff, 0xf6, 0x22, 0x22, 0x22,
    0x22, 0x2b, 0xf8, 0x0, 0x9, 0xff, 0xff, 0xff,
    0xf6, 0x23, 0x33, 0x33, 0x33, 0x3b, 0xf8, 0x0,
    0x1, 0x12, 0xff, 0xf2, 0x10, 0xcf, 0xff, 0xff,
    0xff, 0xff, 0xf8, 0x0, 0x0, 0x5, 0xff, 0xfb,
    0x0, 0x9c, 0xcc, 0xcc, 0xcc, 0xce, 0xf8, 0x0,
    0x0, 0xc, 0xff, 0xff, 0x90, 0x0, 0x0, 0x0,
    0x0, 0xa, 0xf8, 0x0, 0x0, 0x3f, 0xff, 0xff,
    0xf9, 0xff, 0xff, 0xff, 0xff, 0xff, 0xf8, 0x0,
    0x0, 0xbf, 0xef, 0xe8, 0xf6, 0xff, 0xff, 0xff,
    0xff, 0xff, 0xf8, 0x0, 0x3, 0xff, 0x9f, 0xe1,
    0x80, 0x22, 0x22, 0x2a, 0x92, 0x22, 0x21, 0x0,
    0xd, 0xfa, 0x7f, 0xe0, 0x1, 0x0, 0x22, 0x5f,
    0xf4, 0x0, 0x32, 0x0, 0xe, 0xf3, 0x7f, 0xe0,
    0xc, 0xd6, 0xff, 0x19, 0xfe, 0x17, 0xfc, 0x0,
    0x6, 0xb0, 0x7f, 0xe0, 0x3f, 0xf4, 0xff, 0x10,
    0xdb, 0x21, 0xff, 0x30, 0x0, 0x10, 0x7f, 0xe0,
    0xaf, 0xb3, 0xff, 0x10, 0x10, 0x9b, 0xdf, 0xa0,
    0x0, 0x0, 0x7f, 0xe2, 0xff, 0x43, 0xff, 0x20,
    0x0, 0xcf, 0x8f, 0xf1, 0x0, 0x0, 0x7f, 0xe3,
    0xdd, 0x1, 0xff, 0xff, 0xff, 0xff, 0x1c, 0x81,
    0x0, 0x0, 0x7f, 0xe0, 0x2, 0x0, 0x7e, 0xff,
    0xff, 0xe6, 0x0, 0x0,

    /* U+7EC3 "练" */
    0x0, 0x0, 0x72, 0x0, 0x0, 0x0, 0x7, 0x73,
    0x0, 0x0, 0x0, 0x0, 0x0, 0x1f, 0xf5, 0x0,
    0x0, 0x0, 0xff, 0x80, 0x0, 0x0, 0x0, 0x0,
    0x6, 0xff, 0x20, 0x0, 0x0, 0x3f, 0xf5, 0x0,
    0x0, 0x0, 0x0, 0x0, 0xcf, 0xc0, 0x8, 0xff,
    0xff, 0xff, 0xff, 0xff, 0xff, 0xf1, 0x0, 0x2f,
    0xf5, 0x0, 0x8f, 0xff, 0xff, 0xff, 0xff, 0xff,
    0xff, 0x10, 0x9, 0xfe, 0x1, 0x3, 0x66, 0x6f,
    0xfa, 0x66, 0x66, 0x66, 0x60, 0x1, 0xff, 0x60,
    0xd8, 0x0, 0x3, 0xff, 0x30, 0x0, 0x0, 0x0,
    0x0, 0x9f, 0xd0, 0x4f, 0xf4, 0x66, 0xbf, 0xf6,
    0x87, 0x20, 0x0, 0x0, 0x5f, 0xfa, 0x7d, 0xfc,
    0xf, 0xff, 0xff, 0xff, 0xf6, 0x0, 0x0, 0x2,
    0xff, 0xff, 0xff, 0x30, 0xff, 0xff, 0xff, 0xff,
    0x60, 0x0, 0x0, 0xd, 0xcb, 0xff, 0xa0, 0x0,
    0x9f, 0xc0, 0x1f, 0xf6, 0x0, 0x0, 0x0, 0x0,
    0x8f, 0xf1, 0x0, 0x1f, 0xf6, 0x1, 0xff, 0x60,
    0x0, 0x0, 0x0, 0x3f, 0xf6, 0x0, 0xa, 0xff,
    0xff, 0xff, 0xff, 0xff, 0xff, 0x0, 0x1d, 0xff,
    0x9c, 0xf0, 0x6f, 0xff, 0xff, 0xff, 0xff, 0xff,
    0xf0, 0x1c, 0xff, 0xff, 0xff, 0x1, 0x75, 0x55,
    0x6f, 0xfa, 0x55, 0x55, 0x1, 0xff, 0xfe, 0xa7,
    0x30, 0x2, 0x61, 0x1, 0xff, 0x60, 0x14, 0x0,
    0x9, 0x72, 0x0, 0x0, 0x0, 0x9f, 0xf2, 0x1f,
    0xf6, 0x4f, 0xf1, 0x0, 0x0, 0x0, 0x5b, 0xc0,
    0x3f, 0xf9, 0x1, 0xff, 0x60, 0xef, 0x70, 0x0,
    0x4a, 0xff, 0xff, 0xc, 0xff, 0x10, 0x1f, 0xf6,
    0x7, 0xfe, 0x2, 0xef, 0xff, 0xe7, 0x18, 0xff,
    0x60, 0x1, 0xff, 0x60, 0xe, 0xf6, 0x1f, 0xfd,
    0x60, 0x4, 0xff, 0xa0, 0x33, 0x5f, 0xf6, 0x0,
    0x8f, 0xb0, 0xa5, 0x0, 0x0, 0x6, 0xc0, 0xb,
    0xff, 0xff, 0x40, 0x1, 0x91, 0x0, 0x0, 0x0,
    0x0, 0x0, 0x0, 0x6f, 0xfe, 0x80, 0x0, 0x0,
    0x0, 0x0, 0x0, 0x0, 0x0, 0x0, 0x0, 0x0,
    0x0, 0x0, 0x0, 0x0,

    /* U+7EC4 "组" */
    0x0, 0x0, 0x11, 0x0, 0x0, 0x0, 0x0, 0x0,
    0x0, 0x0, 0x0, 0x0, 0x0, 0x9, 0xf8, 0x0,
    0x0, 0x22, 0x22, 0x22, 0x22, 0x21, 0x0, 0x0,
    0x0, 0xff, 0xa0, 0x0, 0x6f, 0xff, 0xff, 0xff,
    0xff, 0x70, 0x0, 0x0, 0x7f, 0xf2, 0x0, 0x6,
    0xff, 0xff, 0xff, 0xff, 0xf7, 0x0, 0x0, 0xe,
    0xfa, 0x0, 0x0, 0x6f, 0xf4, 0x33, 0x34, 0xff,
    0x70, 0x0, 0x7, 0xff, 0x10, 0x10, 0x6, 0xff,
    0x10, 0x0, 0x1f, 0xf7, 0x0, 0x1, 0xff, 0x70,
    0x2f, 0x90, 0x6f, 0xf1, 0x0, 0x1, 0xff, 0x70,
    0x0, 0xbf, 0xd0, 0xb, 0xfe, 0x16, 0xff, 0x21,
    0x11, 0x2f, 0xf7, 0x0, 0x9f, 0xfc, 0xbc, 0xff,
    0x50, 0x6f, 0xff, 0xff, 0xff, 0xff, 0x70, 0xa,
    0xff, 0xff, 0xff, 0xa0, 0x6, 0xff, 0xff, 0xff,
    0xff, 0xf7, 0x0, 0x5c, 0x97, 0xef, 0xe1, 0x0,
    0x6f, 0xf4, 0x44, 0x44, 0xff, 0x70, 0x0, 0x0,
    0x7f, 0xf3, 0x0, 0x6, 0xff, 0x10, 0x0, 0x1f,
    0xf7, 0x0, 0x0, 0x4f, 0xf6, 0x0, 0x0, 0x6f,
    0xf1, 0x0, 0x1, 0xff, 0x70, 0x0, 0x3f, 0xfd,
    0x8b, 0xde, 0x6, 0xff, 0x10, 0x0, 0x1f, 0xf7,
    0x0, 0x5f, 0xff, 0xff, 0xff, 0xd0, 0x6f, 0xff,
    0xff, 0xff, 0xff, 0x70, 0x6, 0xff, 0xfd, 0x96,
    0x30, 0x6, 0xff, 0xff, 0xff, 0xff, 0xf7, 0x0,
    0x19, 0x40, 0x0, 0x0, 0x0, 0x6f, 0xf6, 0x55,
    0x56, 0xff, 0x70, 0x0, 0x0, 0x0, 0x2, 0x65,
    0x6, 0xff, 0x10, 0x0, 0x1f, 0xf7, 0x0, 0x1,
    0x47, 0xbf, 0xff, 0xb0, 0x6f, 0xf1, 0x0, 0x1,
    0xff, 0x70, 0x9, 0xff, 0xff, 0xff, 0xc6, 0x6,
    0xff, 0x10, 0x0, 0x1f, 0xf7, 0x0, 0x7f, 0xfd,
    0x95, 0x0, 0x8f, 0xff, 0xff, 0xff, 0xff, 0xff,
    0xff, 0x63, 0x62, 0x0, 0x0, 0x9, 0xff, 0xff,
    0xff, 0xff, 0xff, 0xff, 0xf7, 0x0, 0x0, 0x0,
    0x0, 0x9f, 0xff, 0xff, 0xff, 0xff, 0xff, 0xff,
    0x70,

    /* U+7ED3 "结" */
    0x0, 0x0, 0x11, 0x0, 0x0, 0x0, 0x0, 0x5,
    0x53, 0x0, 0x0, 0x0, 0x0, 0x7, 0xf9, 0x20,
    0x0, 0x0, 0x1, 0xff, 0x90, 0x0, 0x0, 0x0,
    0x0, 0xdf, 0xf2, 0x0, 0x0, 0x0, 0x1f, 0xf9,
    0x0, 0x0, 0x0, 0x0, 0x5f, 0xfa, 0x0, 0x14,
    0x44, 0x45, 0xff, 0xb4, 0x44, 0x43, 0x0, 0xd,
    0xff, 0x20, 0x4, 0xff, 0xff, 0xff, 0xff, 0xff,
    0xff, 0xb0, 0x6, 0xff, 0x80, 0x31, 0x4f, 0xff,
    0xff, 0xff, 0xff, 0xff, 0xfb, 0x1, 0xef, 0xd0,
    0xe, 0xe6, 0x22, 0x22, 0x4f, 0xfb, 0x22, 0x22,
    0x20, 0xaf, 0xf4, 0x9, 0xff, 0x90, 0x0, 0x1,
    0xff, 0x90, 0x0, 0x0, 0x8f, 0xff, 0xef, 0xff,
    0xe0, 0x0, 0x0, 0x1f, 0xf9, 0x0, 0x0, 0x4,
    0xff, 0xff, 0xff, 0xf3, 0xa, 0xff, 0xff, 0xff,
    0xff, 0xff, 0xf2, 0xb, 0x75, 0xcf, 0xf7, 0x0,
    0xaf, 0xff, 0xff, 0xff, 0xff, 0xff, 0x30, 0x0,
    0x5f, 0xfa, 0x0, 0x5, 0x77, 0x77, 0x77, 0x77,
    0x77, 0x71, 0x0, 0x4f, 0xfc, 0x0, 0x1, 0x0,
    0x0, 0x0, 0x0, 0x0, 0x0, 0x0, 0x4f, 0xff,
    0xab, 0xdf, 0x81, 0x55, 0x55, 0x55, 0x55, 0x55,
    0x30, 0x4f, 0xff, 0xff, 0xff, 0xf9, 0x5f, 0xff,
    0xff, 0xff, 0xff, 0xfa, 0x1, 0xff, 0xff, 0xda,
    0x75, 0x15, 0xff, 0xff, 0xff, 0xff, 0xff, 0xa0,
    0x9, 0x84, 0x10, 0x0, 0x0, 0x5f, 0xf3, 0x0,
    0x0, 0xf, 0xfa, 0x0, 0x0, 0x0, 0x0, 0x0,
    0x15, 0xff, 0x30, 0x0, 0x0, 0xff, 0xa0, 0x0,
    0x1, 0x46, 0x9c, 0xfc, 0x5f, 0xf3, 0x0, 0x0,
    0xf, 0xfa, 0x5, 0xbe, 0xff, 0xff, 0xff, 0xd5,
    0xff, 0x74, 0x44, 0x44, 0xff, 0xa0, 0x5f, 0xff,
    0xff, 0xda, 0x73, 0x5f, 0xff, 0xff, 0xff, 0xff,
    0xfa, 0x3, 0xeb, 0x74, 0x10, 0x0, 0x5, 0xff,
    0xff, 0xff, 0xff, 0xff, 0xa0, 0x0, 0x0, 0x0,
    0x0, 0x0, 0x5f, 0xf3, 0x0, 0x0, 0xf, 0xfa,
    0x0, 0x0, 0x0, 0x0, 0x0, 0x0, 0x11, 0x0,
    0x0, 0x0, 0x0, 0x0,

    /* U+7EE7 "继" */
    0x0, 0x0, 0x21, 0x0, 0x0, 0x0, 0x0, 0x0,
    0x22, 0x0, 0x0, 0x0, 0x0, 0x0, 0xaf, 0xa0,
    0x2, 0x76, 0x0, 0x0, 0xdf, 0x40, 0x0, 0x0,
    0x0, 0x0, 0xff, 0xb0, 0x6, 0xfe, 0x26, 0x10,
    0xdf, 0x40, 0x64, 0x0, 0x0, 0x5, 0xff, 0x40,
    0x6, 0xfe, 0x6f, 0x60, 0xdf, 0x40, 0xff, 0x10,
    0x0, 0xc, 0xfd, 0x0, 0x6, 0xfe, 0x1f, 0xc0,
    0xdf, 0x45, 0xfa, 0x0, 0x0, 0x4f, 0xf4, 0x2,
    0x6, 0xfe, 0xc, 0xf1, 0xdf, 0x4a, 0xf3, 0x0,
    0x0, 0xcf, 0xc0, 0x2f, 0xa7, 0xfe, 0x8, 0xf3,
    0xdf, 0x5f, 0xb0, 0x0, 0x6, 0xff, 0x20, 0xbf,
    0xe7, 0xfe, 0x1, 0x0, 0xdf, 0x41, 0x10, 0x0,
    0x3f, 0xfe, 0xac, 0xff, 0x66, 0xfe, 0xdf, 0xff,
    0xff, 0xff, 0xff, 0x80, 0x3f, 0xff, 0xff, 0xfc,
    0x6, 0xfe, 0xdf, 0xff, 0xff, 0xff, 0xff, 0x80,
    0xc, 0xa7, 0xcf, 0xf2, 0x6, 0xfe, 0x23, 0x3b,
    0xff, 0xe4, 0x33, 0x10, 0x0, 0x4, 0xff, 0x60,
    0x6, 0xfe, 0x0, 0x2f, 0xff, 0xfb, 0x0, 0x0,
    0x0, 0x1e, 0xfa, 0x0, 0x6, 0xfe, 0x0, 0xaf,
    0xff, 0xef, 0x80, 0x0, 0x0, 0xcf, 0xf8, 0xad,
    0xa6, 0xfe, 0x5, 0xfd, 0xdf, 0x6f, 0xf5, 0x0,
    0x1c, 0xff, 0xff, 0xff, 0xa6, 0xfe, 0x2e, 0xf4,
    0xdf, 0x46, 0xff, 0x20, 0xf, 0xff, 0xfb, 0x85,
    0x16, 0xfe, 0xbf, 0xb0, 0xdf, 0x40, 0xcf, 0x50,
    0x8, 0x72, 0x0, 0x0, 0x6, 0xfe, 0x4e, 0x10,
    0xdf, 0x40, 0x36, 0x0, 0x0, 0x0, 0x0, 0x1,
    0x36, 0xfe, 0x3, 0x0, 0xdf, 0x40, 0x0, 0x0,
    0x0, 0x4, 0x7a, 0xef, 0xd6, 0xfe, 0x0, 0x0,
    0xdf, 0x40, 0x0, 0x0, 0x3d, 0xff, 0xff, 0xff,
    0xc6, 0xfe, 0x22, 0x22, 0x45, 0x32, 0x22, 0x20,
    0x1f, 0xff, 0xd9, 0x51, 0x6, 0xff, 0xff, 0xff,
    0xff, 0xff, 0xff, 0xf1, 0x9, 0x51, 0x0, 0x0,
    0x6, 0xff, 0xff, 0xff, 0xff, 0xff, 0xff, 0xf1,
    0x0, 0x0, 0x0, 0x0, 0x0, 0x11, 0x11, 0x11,
    0x11, 0x11, 0x11, 0x10,

    /* U+7EEA "绪" */
    0x0, 0x0, 0x23, 0x0, 0x0, 0x0, 0x3, 0x88,
    0x10, 0x0, 0x0, 0x0, 0x0, 0x0, 0x8f, 0xc0,
    0x0, 0x0, 0x6, 0xff, 0x20, 0x0, 0x30, 0x0,
    0x0, 0x0, 0xef, 0xc0, 0x0, 0x0, 0x6, 0xff,
    0x20, 0x1, 0xff, 0x70, 0x0, 0x5, 0xff, 0x40,
    0x0, 0xbe, 0xef, 0xff, 0xee, 0xea, 0xff, 0x30,
    0x0, 0xc, 0xfb, 0x0, 0x0, 0xcf, 0xff, 0xff,
    0xff, 0xff, 0xfa, 0x0, 0x0, 0x4f, 0xf3, 0x3,
    0x0, 0x45, 0x59, 0xff, 0x65, 0xef, 0xf2, 0x0,
    0x0, 0xdf, 0x90, 0xe, 0xd3, 0x0, 0x6, 0xff,
    0x27, 0xff, 0x70, 0x0, 0x7, 0xfe, 0x10, 0x7f,
    0xf4, 0x0, 0x6, 0xff, 0x6f, 0xfc, 0x0, 0x0,
    0x5f, 0xfc, 0x9b, 0xff, 0x9e, 0xff, 0xff, 0xff,
    0xff, 0xff, 0xff, 0xf3, 0x3f, 0xff, 0xff, 0xfd,
    0xe, 0xff, 0xff, 0xff, 0xff, 0xff, 0xff, 0xf3,
    0xc, 0xa8, 0xbf, 0xf3, 0x3, 0x44, 0x4a, 0xff,
    0xf5, 0x44, 0x44, 0x40, 0x0, 0x2, 0xff, 0x70,
    0x0, 0x1, 0xaf, 0xff, 0x30, 0x0, 0x0, 0x0,
    0x0, 0xd, 0xfb, 0x0, 0x0, 0x5e, 0xff, 0xff,
    0xff, 0xff, 0xf9, 0x0, 0x0, 0xbf, 0xfa, 0xcf,
    0xbd, 0xff, 0xff, 0xff, 0xff, 0xff, 0xf9, 0x0,
    0x1c, 0xff, 0xff, 0xff, 0x9f, 0xff, 0xff, 0x33,
    0x33, 0x3f, 0xf9, 0x0, 0xe, 0xff, 0xda, 0x63,
    0x5, 0x88, 0xff, 0x0, 0x0, 0xe, 0xf9, 0x0,
    0x7, 0x51, 0x0, 0x0, 0x0, 0x7, 0xff, 0xff,
    0xff, 0xff, 0xf9, 0x0, 0x0, 0x0, 0x0, 0x1,
    0x53, 0x7, 0xff, 0xff, 0xff, 0xff, 0xf9, 0x0,
    0x0, 0x3, 0x7a, 0xef, 0xf7, 0x7, 0xff, 0x0,
    0x0, 0xe, 0xf9, 0x0, 0x2c, 0xff, 0xff, 0xff,
    0xf6, 0x7, 0xff, 0x0, 0x0, 0xe, 0xf9, 0x0,
    0x2f, 0xff, 0xfc, 0x83, 0x0, 0x7, 0xff, 0xff,
    0xff, 0xff, 0xf9, 0x0, 0xc, 0x94, 0x0, 0x0,
    0x0, 0x7, 0xff, 0xff, 0xff, 0xff, 0xf9, 0x0,
    0x0, 0x0, 0x0, 0x0, 0x0, 0x7, 0xff, 0x11,
    0x11, 0x1f, 0xf9, 0x0, 0x0, 0x0, 0x0, 0x0,
    0x0, 0x0, 0x10, 0x0, 0x0, 0x0, 0x0, 0x0,

    /* U+7EED "续" */
    0x0, 0x0, 0x0, 0x0, 0x0, 0x0, 0x0, 0x12,
    0x20, 0x0, 0x0, 0x0, 0x0, 0x0, 0x3e, 0x70,
    0x0, 0x0, 0x0, 0x6f, 0xf2, 0x0, 0x0, 0x0,
    0x0, 0x0, 0x9f, 0xe0, 0x0, 0x13, 0x33, 0x8f,
    0xf5, 0x33, 0x31, 0x0, 0x0, 0x0, 0xef, 0x80,
    0x0, 0x8f, 0xff, 0xff, 0xff, 0xff, 0xf7, 0x0,
    0x0, 0x6, 0xff, 0x10, 0x0, 0x8f, 0xff, 0xff,
    0xff, 0xff, 0xf6, 0x0, 0x0, 0xd, 0xf8, 0x2,
    0x0, 0x0, 0x0, 0x6f, 0xf2, 0x0, 0x0, 0x0,
    0x0, 0x6f, 0xe0, 0x5f, 0xa4, 0xbb, 0xbb, 0xdf,
    0xfc, 0xbb, 0xcb, 0x50, 0x1, 0xef, 0x50, 0xdf,
    0xa6, 0xff, 0xff, 0xff, 0xff, 0xff, 0xff, 0x70,
    0xb, 0xff, 0xde, 0xff, 0x12, 0x77, 0x77, 0x77,
    0x77, 0x77, 0xff, 0x30, 0x3f, 0xff, 0xff, 0xf7,
    0x0, 0x1, 0xa2, 0x6, 0x84, 0x4, 0xfe, 0x0,
    0xd, 0xda, 0xff, 0xc0, 0x0, 0x7, 0xff, 0x6c,
    0xf9, 0x8, 0xfa, 0x0, 0x0, 0x5, 0xff, 0x20,
    0x0, 0x62, 0x4e, 0xdd, 0xf9, 0x5, 0xa4, 0x0,
    0x0, 0x1e, 0xf6, 0x3, 0x24, 0xff, 0x71, 0x2c,
    0xf9, 0x0, 0x0, 0x0, 0x0, 0xdf, 0xfb, 0xff,
    0x50, 0x4e, 0xf6, 0xe, 0xf8, 0x0, 0x0, 0x0,
    0xd, 0xff, 0xff, 0xff, 0x54, 0x46, 0xd4, 0x4f,
    0xf9, 0x44, 0x44, 0x20, 0xd, 0xff, 0xd8, 0x40,
    0xf, 0xff, 0xff, 0xff, 0xff, 0xff, 0xff, 0x70,
    0x7, 0x72, 0x0, 0x0, 0x1e, 0xff, 0xff, 0xff,
    0xff, 0xff, 0xff, 0x60, 0x0, 0x0, 0x4, 0xaf,
    0x70, 0x0, 0x4, 0xff, 0x82, 0x30, 0x0, 0x0,
    0x0, 0x38, 0xef, 0xff, 0x90, 0x0, 0x2e, 0xfe,
    0x4e, 0xf7, 0x0, 0x0, 0x1d, 0xff, 0xff, 0xb4,
    0x0, 0x4, 0xef, 0xf4, 0x9, 0xff, 0xb0, 0x0,
    0xf, 0xfe, 0x81, 0x0, 0x2, 0xaf, 0xff, 0x50,
    0x0, 0x5f, 0xfd, 0x10, 0x7, 0x40, 0x0, 0x0,
    0x2f, 0xff, 0xe4, 0x0, 0x0, 0x4, 0xff, 0xc0,
    0x0, 0x0, 0x0, 0x0, 0x7, 0xf8, 0x0, 0x0,
    0x0, 0x0, 0x3e, 0x40, 0x0, 0x0, 0x0, 0x0,
    0x0, 0x10, 0x0, 0x0, 0x0, 0x0, 0x0, 0x0,

    /* U+7F6E "置" */
    0x4, 0xaa, 0xaa, 0xaa, 0xaa, 0xaa, 0xaa, 0xaa,
    0xaa, 0xaa, 0x50, 0x7, 0xff, 0xff, 0xff, 0xff,
    0xff, 0xff, 0xff, 0xff, 0xff, 0x80, 0x7, 0xff,
    0x11, 0x1f, 0xf7, 0x11, 0x8f, 0xd1, 0x11, 0xff,
    0x80, 0x7, 0xff, 0x21, 0x1f, 0xf7, 0x11, 0x9f,
    0xd1, 0x12, 0xff, 0x80, 0x7, 0xff, 0xff, 0xff,
    0xff, 0xff, 0xff, 0xff, 0xff, 0xff, 0x80, 0x4,
    0xaa, 0xaa, 0xaa, 0xad, 0xff, 0xba, 0xaa, 0xaa,
    0xaa, 0x50, 0x0, 0x0, 0x0, 0x0, 0x9, 0xff,
    0x10, 0x0, 0x0, 0x0, 0x0, 0x8f, 0xff, 0xff,
    0xff, 0xff, 0xff, 0xff, 0xff, 0xff, 0xff, 0xf1,
    0x7e, 0xee, 0xee, 0xee, 0xef, 0xff, 0xee, 0xee,
    0xee, 0xee, 0xe1, 0x0, 0x0, 0x0, 0x0, 0xe,
    0xf8, 0x0, 0x0, 0x0, 0x0, 0x0, 0x0, 0xd,
    0xff, 0xff, 0xff, 0xff, 0xff, 0xff, 0xff, 0xc0,
    0x0, 0x0, 0xd, 0xfd, 0x99, 0x99, 0x99, 0x99,
    0x99, 0xef, 0xc0, 0x0, 0x0, 0xd, 0xfc, 0x77,
    0x77, 0x77, 0x77, 0x77, 0xdf, 0xc0, 0x0, 0x0,
    0xd, 0xff, 0xee, 0xee, 0xee, 0xee, 0xee, 0xff,
    0xc0, 0x0, 0x0, 0xd, 0xfb, 0x22, 0x22, 0x22,
    0x22, 0x22, 0xcf, 0xc0, 0x0, 0x0, 0xd, 0xff,
    0xff, 0xff, 0xff, 0xff, 0xff, 0xff, 0xc0, 0x0,
    0x0, 0xd, 0xfa, 0x0, 0x0, 0x0, 0x0, 0x0,
    0xcf, 0xc0, 0x0, 0x0, 0xd, 0xff, 0xff, 0xff,
    0xff, 0xff, 0xff, 0xff, 0xc0, 0x0, 0x0, 0xd,
    0xfc, 0x66, 0x66, 0x66, 0x66, 0x66, 0xdf, 0xc0,
    0x0, 0x23, 0x3d, 0xfb, 0x33, 0x33, 0x33, 0x33,
    0x33, 0xdf, 0xd3, 0x32, 0xbf, 0xff, 0xff, 0xff,
    0xff, 0xff, 0xff, 0xff, 0xff, 0xff, 0xfd, 0x7a,
    0xaa, 0xaa, 0xaa, 0xaa, 0xaa, 0xaa, 0xaa, 0xaa,
    0xaa, 0xa8,

    /* U+81EA "自" */
    0x0, 0x0, 0x0, 0x3, 0x31, 0x0, 0x0, 0x0,
    0x0, 0x0, 0x0, 0x0, 0xd, 0xff, 0x40, 0x0,
    0x0, 0x0, 0x0, 0x0, 0x0, 0x1f, 0xfd, 0x0,
    0x0, 0x0, 0x0, 0x12, 0x22, 0x22, 0x6f, 0xf8,
    0x22, 0x22, 0x22, 0x21, 0x9f, 0xff, 0xff, 0xff,
    0xff, 0xff, 0xff, 0xff, 0xfb, 0x9f, 0xff, 0xff,
    0xff, 0xff, 0xff, 0xff, 0xff, 0xfb, 0x9f, 0xf5,
    0x55, 0x55, 0x55, 0x55, 0x55, 0x5f, 0xfb, 0x9f,
    0xf0, 0x0, 0x0, 0x0, 0x0, 0x0, 0xf, 0xfb,
    0x9f, 0xf0, 0x0, 0x0, 0x0, 0x0, 0x0, 0xf,
    0xfb, 0x9f, 0xff, 0xff, 0xff, 0xff, 0xff, 0xff,
    0xff, 0xfb, 0x9f, 0xff, 0xff, 0xff, 0xff, 0xff,
    0xff, 0xff, 0xfb, 0x9f, 0xf7, 0x77, 0x77, 0x77,
    0x77, 0x77, 0x7f, 0xfb, 0x9f, 0xf0, 0x0, 0x0,
    0x0, 0x0, 0x0, 0xf, 0xfb, 0x9f, 0xf0, 0x0,
    0x0, 0x0, 0x0, 0x0, 0xf, 0xfb, 0x9f, 0xff,
    0xff, 0xff, 0xff, 0xff, 0xff, 0xff, 0xfb, 0x9f,
    0xff, 0xff, 0xff, 0xff, 0xff, 0xff, 0xff, 0xfb,
    0x9f, 0xf6, 0x66, 0x66, 0x66, 0x66, 0x66, 0x6f,
    0xfb, 0x9f, 0xf0, 0x0, 0x0, 0x0, 0x0, 0x0,
    0xf, 0xfb, 0x9f, 0xf0, 0x0, 0x0, 0x0, 0x0,
    0x0, 0xf, 0xfb, 0x9f, 0xf6, 0x66, 0x66, 0x66,
    0x66, 0x66, 0x6f, 0xfb, 0x9f, 0xff, 0xff, 0xff,
    0xff, 0xff, 0xff, 0xff, 0xfb, 0x9f, 0xff, 0xff,
    0xff, 0xff, 0xff, 0xff, 0xff, 0xfb, 0x9f, 0xf0,
    0x0, 0x0, 0x0, 0x0, 0x0, 0xf, 0xfb, 0x0,
    0x0, 0x0, 0x0, 0x0, 0x0, 0x0, 0x0, 0x0,

    /* U+8282 "节" */
    0x0, 0x0, 0x3, 0x66, 0x0, 0x0, 0x0, 0x66,
    0x40, 0x0, 0x0, 0x0, 0x0, 0x9, 0xff, 0x10,
    0x0, 0x1, 0xff, 0xa0, 0x0, 0x0, 0x0, 0x0,
    0x9, 0xff, 0x10, 0x0, 0x1, 0xff, 0xa0, 0x0,
    0x0, 0xdf, 0xff, 0xff, 0xff, 0xff, 0xff, 0xff,
    0xff, 0xff, 0xff, 0xfc, 0xef, 0xff, 0xff, 0xff,
    0xff, 0xff, 0xff, 0xff, 0xff, 0xff, 0xfd, 0x78,
    0x88, 0x8c, 0xff, 0x88, 0x88, 0x88, 0xff, 0xd8,
    0x88, 0x86, 0x0, 0x0, 0x9, 0xff, 0x10, 0x0,
    0x1, 0xff, 0xa0, 0x0, 0x0, 0x0, 0x0, 0x8,
    0xff, 0x10, 0x0, 0x1, 0xff, 0xa0, 0x0, 0x0,
    0x0, 0x0, 0x0, 0x0, 0x0, 0x0, 0x0, 0x0,
    0x0, 0x0, 0x0, 0x7, 0xaa, 0xaa, 0xaa, 0xaa,
    0xaa, 0xaa, 0xaa, 0xab, 0xa8, 0x0, 0xb, 0xff,
    0xff, 0xff, 0xff, 0xff, 0xff, 0xff, 0xff, 0xfc,
    0x0, 0x9, 0xdd, 0xdd, 0xdf, 0xff, 0xdd, 0xdd,
    0xdd, 0xdf, 0xfc, 0x0, 0x0, 0x0, 0x0, 0xf,
    0xfd, 0x0, 0x0, 0x0, 0xe, 0xfc, 0x0, 0x0,
    0x0, 0x0, 0xf, 0xfd, 0x0, 0x0, 0x0, 0xe,
    0xfc, 0x0, 0x0, 0x0, 0x0, 0xf, 0xfd, 0x0,
    0x0, 0x0, 0xe, 0xfc, 0x0, 0x0, 0x0, 0x0,
    0xf, 0xfd, 0x0, 0x0, 0x0, 0xe, 0xfc, 0x0,
    0x0, 0x0, 0x0, 0xf, 0xfd, 0x0, 0x0, 0x0,
    0xe, 0xfc, 0x0, 0x0, 0x0, 0x0, 0xf, 0xfd,
    0x0, 0xa, 0xaa, 0xaf, 0xfc, 0x0, 0x0, 0x0,
    0x0, 0xf, 0xfd, 0x0, 0xb, 0xff, 0xff, 0xf8,
    0x0, 0x0, 0x0, 0x0, 0xf, 0xfd, 0x0, 0x8,
    0xff, 0xfd, 0x90, 0x0, 0x0, 0x0, 0x0, 0xf,
    0xfd, 0x0, 0x0, 0x0, 0x0, 0x0, 0x0, 0x0,
    0x0, 0x0, 0xf, 0xfd, 0x0, 0x0, 0x0, 0x0,
    0x0, 0x0, 0x0, 0x0, 0x0, 0xf, 0xfd, 0x0,
    0x0, 0x0, 0x0, 0x0, 0x0,

    /* U+884C "行" */
    0x0, 0x0, 0x0, 0x20, 0x0, 0x0, 0x0, 0x0,
    0x0, 0x0, 0x0, 0x0, 0x0, 0x0, 0x7, 0xfc,
    0x40, 0x0, 0x0, 0x0, 0x0, 0x0, 0x0, 0x0,
    0x0, 0x0, 0x6f, 0xfe, 0x10, 0x2f, 0xff, 0xff,
    0xff, 0xff, 0xff, 0x90, 0x0, 0x6, 0xff, 0xe2,
    0x0, 0x2f, 0xff, 0xff, 0xff, 0xff, 0xff, 0x90,
    0x0, 0x8f, 0xfe, 0x30, 0x0, 0x18, 0x88, 0x88,
    0x88, 0x88, 0x88, 0x40, 0x1c, 0xff, 0xe2, 0x0,
    0x0, 0x0, 0x0, 0x0, 0x0, 0x0, 0x0, 0x0,
    0xc, 0xfc, 0x10, 0x5f, 0xa2, 0x0, 0x0, 0x0,
    0x0, 0x0, 0x0, 0x0, 0x2, 0x90, 0x1, 0xef,
    0xf2, 0x0, 0x0, 0x0, 0x0, 0x0, 0x0, 0x0,
    0x0, 0x0, 0xc, 0xff, 0x62, 0x66, 0x66, 0x66,
    0x66, 0x66, 0x66, 0x60, 0x0, 0x0, 0xaf, 0xfb,
    0x6, 0xff, 0xff, 0xff, 0xff, 0xff, 0xff, 0xf0,
    0x0, 0x9, 0xff, 0xf1, 0x6, 0xff, 0xff, 0xff,
    0xff, 0xff, 0xff, 0xf0, 0x0, 0x9f, 0xff, 0xf0,
    0x0, 0x0, 0x0, 0x0, 0xc, 0xfd, 0x0, 0x0,
    0x1b, 0xff, 0xff, 0xf0, 0x0, 0x0, 0x0, 0x0,
    0xc, 0xfd, 0x0, 0x0, 0x3f, 0xff, 0xcf, 0xf0,
    0x0, 0x0, 0x0, 0x0, 0xc, 0xfd, 0x0, 0x0,
    0x5, 0xe3, 0x9f, 0xf0, 0x0, 0x0, 0x0, 0x0,
    0xc, 0xfd, 0x0, 0x0, 0x0, 0x10, 0x9f, 0xf0,
    0x0, 0x0, 0x0, 0x0, 0xc, 0xfd, 0x0, 0x0,
    0x0, 0x0, 0x9f, 0xf0, 0x0, 0x0, 0x0, 0x0,
    0xc, 0xfd, 0x0, 0x0, 0x0, 0x0, 0x9f, 0xf0,
    0x0, 0x0, 0x0, 0x0, 0xc, 0xfd, 0x0, 0x0,
    0x0, 0x0, 0x9f, 0xf0, 0x0, 0x0, 0x0, 0x0,
    0xc, 0xfd, 0x0, 0x0, 0x0, 0x0, 0x9f, 0xf0,
    0x0, 0x0, 0x0, 0x0, 0xc, 0xfd, 0x0, 0x0,
    0x0, 0x0, 0x9f, 0xf0, 0x0, 0x0, 0x6, 0x77,
    0x7e, 0xfd, 0x0, 0x0, 0x0, 0x0, 0x9f, 0xf0,
    0x0, 0x0, 0x8, 0xff, 0xff, 0xfa, 0x0, 0x0,
    0x0, 0x0, 0x9f, 0xf0, 0x0, 0x0, 0x3, 0xff,
    0xfe, 0xa1, 0x0, 0x0, 0x0, 0x0, 0x12, 0x20,
    0x0, 0x0, 0x0, 0x10, 0x0, 0x0, 0x0, 0x0,

    /* U+8865 "补" */
    0x0, 0x0, 0x2, 0x0, 0x0, 0x0, 0x0, 0x55,
    0x40, 0x0, 0x0, 0x0, 0x0, 0x1, 0xbf, 0x30,
    0x0, 0x0, 0x1, 0xff, 0xb0, 0x0, 0x0, 0x0,
    0x0, 0x2, 0xef, 0xf2, 0x0, 0x0, 0x1, 0xff,
    0xb0, 0x0, 0x0, 0x0, 0x0, 0x0, 0x3f, 0xfc,
    0x0, 0x0, 0x1, 0xff, 0xb0, 0x0, 0x0, 0x0,
    0x2, 0x33, 0x3a, 0xe5, 0x34, 0x0, 0x1, 0xff,
    0xb0, 0x0, 0x0, 0x0, 0x9, 0xff, 0xff, 0xff,
    0xff, 0xe2, 0x1, 0xff, 0xb0, 0x0, 0x0, 0x0,
    0x9, 0xff, 0xff, 0xff, 0xff, 0xf1, 0x1, 0xff,
    0xb0, 0x0, 0x0, 0x0, 0x1, 0x22, 0x22, 0x24,
    0xff, 0x90, 0x1, 0xff, 0xb0, 0x0, 0x0, 0x0,
    0x0, 0x0, 0x0, 0xc, 0xfe, 0x10, 0x1, 0xff,
    0xee, 0x80, 0x0, 0x0, 0x0, 0x0, 0x0, 0x8f,
    0xf6, 0x4, 0x1, 0xff, 0xff, 0xfb, 0x0, 0x0,
    0x0, 0x0, 0x6, 0xff, 0xb0, 0xaf, 0x71, 0xff,
    0xde, 0xff, 0xd2, 0x0, 0x0, 0x0, 0x5f, 0xff,
    0x66, 0xff, 0x81, 0xff, 0xb1, 0xdf, 0xfe, 0x30,
    0x0, 0x6, 0xff, 0xff, 0xff, 0xf9, 0x1, 0xff,
    0xb0, 0xc, 0xff, 0xf3, 0x0, 0x8f, 0xff, 0xff,
    0xff, 0xc0, 0x1, 0xff, 0xb0, 0x0, 0xbf, 0xb0,
    0x1c, 0xff, 0xff, 0xfa, 0x7f, 0xf8, 0x1, 0xff,
    0xb0, 0x0, 0x7, 0x0, 0xc, 0xfe, 0x3e, 0xfa,
    0x9, 0xff, 0x51, 0xff, 0xb0, 0x0, 0x0, 0x0,
    0x4, 0xc2, 0xe, 0xfa, 0x0, 0xbc, 0x1, 0xff,
    0xb0, 0x0, 0x0, 0x0, 0x0, 0x0, 0xe, 0xfa,
    0x0, 0x2, 0x1, 0xff, 0xb0, 0x0, 0x0, 0x0,
    0x0, 0x0, 0xe, 0xfa, 0x0, 0x0, 0x1, 0xff,
    0xb0, 0x0, 0x0, 0x0, 0x0, 0x0, 0xe, 0xfa,
    0x0, 0x0, 0x1, 0xff, 0xb0, 0x0, 0x0, 0x0,
    0x0, 0x0, 0xe, 0xfa, 0x0, 0x0, 0x1, 0xff,
    0xb0, 0x0, 0x0, 0x0, 0x0, 0x0, 0xe, 0xfa,
    0x0, 0x0, 0x1, 0xff, 0xb0, 0x0, 0x0, 0x0,
    0x0, 0x0, 0xe, 0xfa, 0x0, 0x0, 0x1, 0xff,
    0xb0, 0x0, 0x0, 0x0,

    /* U+8981 "要" */
    0x24, 0x44, 0x44, 0x44, 0x44, 0x44, 0x44, 0x44,
    0x44, 0x44, 0x41, 0x7f, 0xff, 0xff, 0xff, 0xff,
    0xff, 0xff, 0xff, 0xff, 0xff, 0xf6, 0x7f, 0xff,
    0xff, 0xff, 0xff, 0xff, 0xff, 0xff, 0xff, 0xff,
    0xf6, 0x0, 0x0, 0x0, 0x1f, 0xf5, 0x0, 0xaf,
    0xd0, 0x0, 0x0, 0x0, 0x4, 0xdd, 0xdd, 0xdf,
    0xfe, 0xdd, 0xff, 0xfd, 0xdd, 0xdd, 0x70, 0x5,
    0xff, 0xff, 0xff, 0xff, 0xff, 0xff, 0xff, 0xff,
    0xff, 0x90, 0x5, 0xff, 0x43, 0x4f, 0xf7, 0x33,
    0xbf, 0xd3, 0x33, 0xff, 0x90, 0x5, 0xff, 0x10,
    0x1f, 0xf5, 0x0, 0xaf, 0xd0, 0x0, 0xff, 0x90,
    0x5, 0xff, 0x10, 0x1f, 0xf5, 0x0, 0xaf, 0xd0,
    0x0, 0xff, 0x90, 0x5, 0xff, 0xff, 0xff, 0xff,
    0xff, 0xff, 0xff, 0xff, 0xff, 0x90, 0x5, 0xff,
    0xff, 0xff, 0xff, 0xff, 0xff, 0xff, 0xff, 0xff,
    0x90, 0x0, 0x0, 0x0, 0x6, 0xff, 0x60, 0x0,
    0x0, 0x0, 0x0, 0x0, 0x34, 0x44, 0x44, 0x4e,
    0xff, 0x54, 0x44, 0x44, 0x44, 0x44, 0x44, 0xdf,
    0xff, 0xff, 0xff, 0xff, 0xff, 0xff, 0xff, 0xff,
    0xff, 0xfe, 0xcf, 0xff, 0xff, 0xff, 0xff, 0xff,
    0xff, 0xff, 0xff, 0xff, 0xfe, 0x0, 0x0, 0x1e,
    0xfe, 0x10, 0x0, 0x1, 0xef, 0xe1, 0x0, 0x0,
    0x0, 0x0, 0xcf, 0xfc, 0x52, 0x0, 0x1c, 0xff,
    0x60, 0x0, 0x0, 0x0, 0x6, 0xff, 0xff, 0xff,
    0xea, 0xdf, 0xf9, 0x0, 0x0, 0x0, 0x0, 0x0,
    0x2, 0x6a, 0xef, 0xff, 0xff, 0xf9, 0x51, 0x0,
    0x0, 0x0, 0x13, 0x46, 0x9c, 0xff, 0xff, 0xff,
    0xff, 0xff, 0xb6, 0x10, 0x4f, 0xff, 0xff, 0xff,
    0xfe, 0xa3, 0x3, 0x8d, 0xff, 0xff, 0xd0, 0xd,
    0xff, 0xec, 0x96, 0x30, 0x0, 0x0, 0x0, 0x28,
    0xed, 0x10, 0x2, 0x20, 0x0, 0x0, 0x0, 0x0,
    0x0, 0x0, 0x0, 0x0, 0x0,

    /* U+8BA4 "认" */
    0x0, 0x0, 0x0, 0x0, 0x0, 0x0, 0x0, 0x55,
    0x20, 0x0, 0x0, 0x0, 0x0, 0xa8, 0x0, 0x0,
    0x0, 0x0, 0x2f, 0xf7, 0x0, 0x0, 0x0, 0x0,
    0x8f, 0xfa, 0x0, 0x0, 0x0, 0x3, 0xff, 0x60,
    0x0, 0x0, 0x0, 0x0, 0xbf, 0xfc, 0x0, 0x0,
    0x0, 0x3f, 0xf6, 0x0, 0x0, 0x0, 0x0, 0x0,
    0xbf, 0xf8, 0x0, 0x0, 0x3, 0xff, 0x60, 0x0,
    0x0, 0x0, 0x0, 0x0, 0xbb, 0x0, 0x0, 0x0,
    0x3f, 0xf5, 0x0, 0x0, 0x0, 0x0, 0x0, 0x0,
    0x0, 0x0, 0x0, 0x4, 0xff, 0x50, 0x0, 0x0,
    0x0, 0x0, 0x0, 0x0, 0x0, 0x0, 0x0, 0x5f,
    0xf4, 0x0, 0x0, 0x0, 0xcf, 0xff, 0xff, 0x60,
    0x0, 0x0, 0x6, 0xff, 0x50, 0x0, 0x0, 0xc,
    0xff, 0xff, 0xf6, 0x0, 0x0, 0x0, 0x7f, 0xf7,
    0x0, 0x0, 0x0, 0x68, 0x88, 0xff, 0x60, 0x0,
    0x0, 0x9, 0xff, 0xa0, 0x0, 0x0, 0x0, 0x0,
    0x1f, 0xf6, 0x0, 0x0, 0x0, 0xbf, 0xfe, 0x0,
    0x0, 0x0, 0x0, 0x1, 0xff, 0x60, 0x0, 0x0,
    0xe, 0xff, 0xf2, 0x0, 0x0, 0x0, 0x0, 0x1f,
    0xf6, 0x0, 0x0, 0x2, 0xff, 0xff, 0x60, 0x0,
    0x0, 0x0, 0x1, 0xff, 0x60, 0x0, 0x0, 0x7f,
    0xfe, 0xfc, 0x0, 0x0, 0x0, 0x0, 0x1f, 0xf6,
    0x0, 0x0, 0xc, 0xfe, 0x6f, 0xf3, 0x0, 0x0,
    0x0, 0x1, 0xff, 0x64, 0xd0, 0x4, 0xff, 0x90,
    0xff, 0xa0, 0x0, 0x0, 0x0, 0x1f, 0xfd, 0xff,
    0x50, 0xcf, 0xf2, 0x9, 0xff, 0x40, 0x0, 0x0,
    0x2, 0xff, 0xff, 0xc2, 0x7f, 0xfa, 0x0, 0x1f,
    0xfe, 0x10, 0x0, 0x0, 0x8f, 0xff, 0x80, 0x5f,
    0xff, 0x10, 0x0, 0x7f, 0xfc, 0x0, 0x0, 0x3f,
    0xfe, 0x40, 0x5f, 0xff, 0x50, 0x0, 0x0, 0xbf,
    0xfc, 0x20, 0x0, 0xbc, 0x10, 0x8, 0xff, 0x70,
    0x0, 0x0, 0x1, 0xdf, 0xf3, 0x0, 0x1, 0x0,
    0x0, 0x8, 0x70, 0x0, 0x0, 0x0, 0x1, 0xb3,
    0x0, 0x0, 0x0, 0x0, 0x0, 0x0, 0x0, 0x0,
    0x0, 0x0, 0x0, 0x0,

    /* U+8BAD "训" */
    0x0, 0x9, 0x20, 0x0, 0x0, 0x55, 0x30, 0x0,
    0x0, 0x0, 0x88, 0x40, 0xa, 0xff, 0x50, 0x0,
    0xf, 0xf8, 0x0, 0x44, 0x10, 0x1f, 0xf8, 0x0,
    0x5f, 0xff, 0x80, 0x0, 0xff, 0x80, 0xf, 0xf5,
    0x1, 0xff, 0x80, 0x0, 0x3e, 0xff, 0x90, 0xf,
    0xf8, 0x0, 0xff, 0x50, 0x1f, 0xf8, 0x0, 0x0,
    0x2d, 0xf3, 0x0, 0xff, 0x80, 0xf, 0xf5, 0x1,
    0xff, 0x80, 0x0, 0x0, 0x14, 0x0, 0xf, 0xf8,
    0x0, 0xff, 0x50, 0x1f, 0xf8, 0x0, 0x0, 0x0,
    0x0, 0x0, 0xff, 0x80, 0xf, 0xf5, 0x1, 0xff,
    0x82, 0xdd, 0xde, 0xd3, 0x0, 0xf, 0xf8, 0x0,
    0xff, 0x50, 0x1f, 0xf8, 0x3f, 0xff, 0xff, 0x40,
    0x0, 0xff, 0x80, 0xf, 0xf5, 0x1, 0xff, 0x82,
    0xaa, 0xbf, 0xf4, 0x0, 0xf, 0xf8, 0x0, 0xff,
    0x50, 0x1f, 0xf8, 0x0, 0x3, 0xff, 0x40, 0x0,
    0xff, 0x80, 0xf, 0xf5, 0x1, 0xff, 0x80, 0x0,
    0x3f, 0xf4, 0x0, 0xf, 0xf7, 0x0, 0xff, 0x50,
    0x1f, 0xf8, 0x0, 0x3, 0xff, 0x40, 0x1, 0xff,
    0x70, 0xf, 0xf5, 0x1, 0xff, 0x80, 0x0, 0x3f,
    0xf4, 0x0, 0x2f, 0xf6, 0x0, 0xff, 0x50, 0x1f,
    0xf8, 0x0, 0x3, 0xff, 0x40, 0x4, 0xff, 0x50,
    0xf, 0xf5, 0x1, 0xff, 0x80, 0x0, 0x3f, 0xf4,
    0x85, 0x7f, 0xf3, 0x0, 0xff, 0x50, 0x1f, 0xf8,
    0x0, 0x3, 0xff, 0xdf, 0xdb, 0xff, 0x0, 0xf,
    0xf5, 0x1, 0xff, 0x80, 0x0, 0x3f, 0xff, 0xfa,
    0xff, 0xd0, 0x0, 0xff, 0x50, 0x1f, 0xf8, 0x0,
    0x5, 0xff, 0xf8, 0x5f, 0xf9, 0x0, 0xf, 0xf5,
    0x1, 0xff, 0x80, 0x0, 0xcf, 0xf7, 0xd, 0xff,
    0x40, 0x0, 0x0, 0x0, 0x1f, 0xf8, 0x0, 0x2e,
    0xf6, 0x5, 0xff, 0xd0, 0x0, 0x0, 0x0, 0x1,
    0xff, 0x80, 0x0, 0x66, 0x0, 0x4, 0xd6, 0x0,
    0x0, 0x0, 0x0, 0x1f, 0xf8, 0x0, 0x0, 0x0,
    0x0, 0x0, 0x0, 0x0, 0x0, 0x0, 0x0, 0x0,
    0x0,

    /* U+8BAE "议" */
    0x0, 0x0, 0x0, 0x0, 0x0, 0x0, 0x0, 0x0,
    0x0, 0x0, 0x0, 0x0, 0x0, 0x6, 0x70, 0x0,
    0x0, 0x0, 0x8, 0xe4, 0x0, 0x0, 0x0, 0x0,
    0x0, 0x7f, 0xf5, 0x0, 0x14, 0x71, 0xd, 0xfc,
    0x0, 0x6, 0x97, 0x0, 0x0, 0xd, 0xff, 0x30,
    0x3f, 0xf4, 0x6, 0xff, 0x30, 0xb, 0xff, 0x0,
    0x0, 0x2, 0xff, 0xd0, 0xf, 0xf7, 0x0, 0xff,
    0xa0, 0xe, 0xfc, 0x0, 0x0, 0x0, 0x6f, 0x60,
    0xc, 0xfb, 0x0, 0xaf, 0xf0, 0x2f, 0xf8, 0x0,
    0x0, 0x0, 0x2, 0x0, 0x9, 0xfe, 0x0, 0x5c,
    0x50, 0x5f, 0xf5, 0x0, 0x0, 0x0, 0x0, 0x0,
    0x4, 0xff, 0x30, 0x0, 0x0, 0x9f, 0xf1, 0x0,
    0xf, 0xff, 0xff, 0x70, 0x0, 0xff, 0x80, 0x0,
    0x0, 0xef, 0xc0, 0x0, 0xf, 0xff, 0xff, 0x70,
    0x0, 0xbf, 0xe0, 0x0, 0x3, 0xff, 0x80, 0x0,
    0x8, 0x88, 0xff, 0x70, 0x0, 0x6f, 0xf4, 0x0,
    0x9, 0xff, 0x20, 0x0, 0x0, 0x0, 0xff, 0x70,
    0x0, 0x1f, 0xfb, 0x0, 0xe, 0xfc, 0x0, 0x0,
    0x0, 0x0, 0xff, 0x70, 0x0, 0xa, 0xff, 0x30,
    0x6f, 0xf6, 0x0, 0x0, 0x0, 0x0, 0xff, 0x70,
    0x0, 0x3, 0xff, 0xb0, 0xef, 0xe0, 0x0, 0x0,
    0x0, 0x0, 0xff, 0x70, 0x0, 0x0, 0xbf, 0xfc,
    0xff, 0x60, 0x0, 0x0, 0x0, 0x0, 0xff, 0x70,
    0x0, 0x0, 0x2f, 0xff, 0xfd, 0x0, 0x0, 0x0,
    0x0, 0x0, 0xff, 0x70, 0x94, 0x0, 0x8, 0xff,
    0xf5, 0x0, 0x0, 0x0, 0x0, 0x0, 0xff, 0xbd,
    0xf9, 0x0, 0x1d, 0xff, 0xfd, 0x10, 0x0, 0x0,
    0x0, 0x0, 0xff, 0xff, 0xf6, 0x3, 0xef, 0xff,
    0xff, 0xe3, 0x0, 0x0, 0x0, 0x4, 0xff, 0xfd,
    0x30, 0x7f, 0xff, 0xa2, 0xdf, 0xff, 0x91, 0x0,
    0x0, 0xd, 0xff, 0xa1, 0x5d, 0xff, 0xf8, 0x0,
    0x1b, 0xff, 0xff, 0x92, 0x0, 0x8, 0xf6, 0x3,
    0xff, 0xfe, 0x40, 0x0, 0x0, 0x7f, 0xff, 0xe1,
    0x0, 0x0, 0x30, 0x0, 0x8f, 0x80, 0x0, 0x0,
    0x0, 0x1, 0x8f, 0x30, 0x0, 0x0, 0x0, 0x0,
    0x1, 0x0, 0x0, 0x0, 0x0, 0x0, 0x0, 0x0,

    /* U+8BB0 "记" */
    0x0, 0x8, 0x10, 0x0, 0x0, 0x0, 0x0, 0x0,
    0x0, 0x0, 0x0, 0x0, 0xc, 0xfd, 0x20, 0x0,
    0x69, 0x99, 0x99, 0x99, 0x99, 0x99, 0x10, 0x0,
    0x6f, 0xfe, 0x30, 0xa, 0xff, 0xff, 0xff, 0xff,
    0xff, 0xf1, 0x0, 0x0, 0x6f, 0xff, 0x30, 0xaf,
    0xff, 0xff, 0xff, 0xff, 0xff, 0x10, 0x0, 0x0,
    0x6f, 0xe3, 0x0, 0x0, 0x0, 0x0, 0x0, 0x7f,
    0xf1, 0x0, 0x0, 0x0, 0x72, 0x0, 0x0, 0x0,
    0x0, 0x0, 0x7, 0xff, 0x10, 0x0, 0x0, 0x0,
    0x0, 0x0, 0x0, 0x0, 0x0, 0x0, 0x7f, 0xf1,
    0xa, 0xdd, 0xef, 0xe4, 0x0, 0x0, 0x0, 0x0,
    0x0, 0x7, 0xff, 0x10, 0xcf, 0xff, 0xff, 0x50,
    0x0, 0x0, 0x0, 0x0, 0x0, 0x7f, 0xf1, 0x7,
    0x99, 0xaf, 0xf5, 0x0, 0x2f, 0xff, 0xff, 0xff,
    0xff, 0xff, 0x10, 0x0, 0x3, 0xff, 0x50, 0x2,
    0xff, 0xff, 0xff, 0xff, 0xff, 0xf1, 0x0, 0x0,
    0x3f, 0xf5, 0x0, 0x2f, 0xfc, 0x77, 0x77, 0x7b,
    0xff, 0x10, 0x0, 0x3, 0xff, 0x50, 0x2, 0xff,
    0x80, 0x0, 0x0, 0x5b, 0xb1, 0x0, 0x0, 0x3f,
    0xf5, 0x0, 0x2f, 0xf8, 0x0, 0x0, 0x0, 0x0,
    0x0, 0x0, 0x3, 0xff, 0x50, 0x2, 0xff, 0x80,
    0x0, 0x0, 0x0, 0x0, 0x0, 0x0, 0x3f, 0xf5,
    0x2, 0x2f, 0xf8, 0x0, 0x0, 0x0, 0x2, 0x0,
    0x0, 0x3, 0xff, 0x7b, 0xc2, 0xff, 0x80, 0x0,
    0x0, 0x0, 0xec, 0x40, 0x0, 0x3f, 0xff, 0xff,
    0x4f, 0xf8, 0x0, 0x0, 0x0, 0xf, 0xf8, 0x0,
    0x5, 0xff, 0xff, 0x82, 0xff, 0x80, 0x0, 0x0,
    0x2, 0xff, 0x60, 0x0, 0xdf, 0xfe, 0x30, 0xf,
    0xfe, 0x87, 0x77, 0x77, 0xcf, 0xf2, 0x0, 0x2f,
    0xfb, 0x10, 0x0, 0xcf, 0xff, 0xff, 0xff, 0xff,
    0xfc, 0x0, 0x0, 0x68, 0x0, 0x0, 0x2, 0xae,
    0xff, 0xff, 0xff, 0xfb, 0x10, 0x0, 0x0, 0x0,
    0x0, 0x0, 0x0, 0x0, 0x0, 0x0, 0x0, 0x0,
    0x0,

    /* U+8BBE "设" */
    0x0, 0x4, 0x90, 0x0, 0x0, 0x4, 0x87, 0x66,
    0x68, 0x73, 0x0, 0x0, 0x0, 0x2f, 0xfb, 0x0,
    0x0, 0x9, 0xff, 0xff, 0xff, 0xf8, 0x0, 0x0,
    0x0, 0x7, 0xff, 0xc0, 0x0, 0x9, 0xff, 0xff,
    0xff, 0xf8, 0x0, 0x0, 0x0, 0x0, 0x7f, 0xfa,
    0x0, 0x9, 0xfd, 0x0, 0xe, 0xf8, 0x0, 0x0,
    0x0, 0x0, 0x8, 0xf4, 0x0, 0xc, 0xfb, 0x0,
    0xe, 0xf8, 0x0, 0x0, 0x0, 0x0, 0x0, 0x20,
    0x0, 0x2f, 0xf7, 0x0, 0xe, 0xf8, 0x0, 0x0,
    0x0, 0x0, 0x0, 0x0, 0x1, 0xdf, 0xf2, 0x0,
    0xd, 0xfb, 0x33, 0x20, 0x1e, 0xee, 0xfe, 0x50,
    0x6e, 0xff, 0x70, 0x0, 0xb, 0xff, 0xff, 0xa0,
    0x1f, 0xff, 0xff, 0x60, 0x9f, 0xf8, 0x0, 0x0,
    0x2, 0xce, 0xfe, 0xa0, 0x8, 0x89, 0xff, 0x60,
    0x8, 0x30, 0x0, 0x0, 0x0, 0x0, 0x0, 0x0,
    0x0, 0x1, 0xff, 0x60, 0xf, 0xff, 0xff, 0xff,
    0xff, 0xff, 0xd5, 0x0, 0x0, 0x1, 0xff, 0x60,
    0xf, 0xff, 0xff, 0xff, 0xff, 0xff, 0xf6, 0x0,
    0x0, 0x1, 0xff, 0x60, 0x7, 0xef, 0xa7, 0x77,
    0x77, 0xdf, 0xf0, 0x0, 0x0, 0x1, 0xff, 0x60,
    0x0, 0xcf, 0xd0, 0x0, 0x3, 0xff, 0x80, 0x0,
    0x0, 0x1, 0xff, 0x60, 0x10, 0x3f, 0xf9, 0x0,
    0x1d, 0xfe, 0x10, 0x0, 0x0, 0x1, 0xff, 0x67,
    0xc0, 0x8, 0xff, 0x80, 0xcf, 0xf5, 0x0, 0x0,
    0x0, 0x1, 0xff, 0xef, 0xf3, 0x0, 0xbf, 0xfe,
    0xff, 0x80, 0x0, 0x0, 0x0, 0x2, 0xff, 0xff,
    0x90, 0x0, 0x1e, 0xff, 0xfb, 0x0, 0x0, 0x0,
    0x0, 0x7, 0xff, 0xf7, 0x0, 0x17, 0xef, 0xff,
    0xff, 0xc5, 0x0, 0x0, 0x0, 0x1f, 0xff, 0x41,
    0x8c, 0xff, 0xff, 0xb7, 0xff, 0xff, 0xfa, 0x60,
    0x0, 0x8, 0xe3, 0x0, 0xef, 0xff, 0xb4, 0x0,
    0x19, 0xff, 0xff, 0x70, 0x0, 0x1, 0x30, 0x0,
    0x6c, 0x71, 0x0, 0x0, 0x0, 0x6, 0xbc, 0x0,

    /* U+8BF7 "请" */
    0x0, 0x0, 0x0, 0x0, 0x0, 0x0, 0x0, 0x58,
    0x80, 0x0, 0x0, 0x0, 0x0, 0x1c, 0x80, 0x0,
    0x0, 0x0, 0x0, 0x9f, 0xf0, 0x0, 0x0, 0x0,
    0x0, 0x9f, 0xf9, 0x0, 0xc, 0xdd, 0xdd, 0xff,
    0xfd, 0xdd, 0xdd, 0x50, 0x0, 0xc, 0xff, 0x90,
    0xe, 0xff, 0xff, 0xff, 0xff, 0xff, 0xff, 0x70,
    0x0, 0x0, 0xcf, 0xf5, 0x0, 0x0, 0x0, 0x9f,
    0xf0, 0x0, 0x0, 0x0, 0x0, 0x0, 0x1d, 0xa0,
    0x3, 0xbb, 0xbb, 0xef, 0xfb, 0xbb, 0xb7, 0x0,
    0x0, 0x0, 0x1, 0x0, 0x4, 0xff, 0xff, 0xff,
    0xff, 0xff, 0xfb, 0x0, 0x0, 0x0, 0x0, 0x0,
    0x0, 0x0, 0x0, 0x9f, 0xf0, 0x0, 0x0, 0x0,
    0x2f, 0xff, 0xff, 0x70, 0x7c, 0xcc, 0xcc, 0xef,
    0xfc, 0xcc, 0xcc, 0xc2, 0x2f, 0xff, 0xff, 0x70,
    0xaf, 0xff, 0xff, 0xff, 0xff, 0xff, 0xff, 0xf3,
    0x17, 0x77, 0xff, 0x70, 0x1, 0x11, 0x11, 0x11,
    0x11, 0x11, 0x11, 0x10, 0x0, 0x0, 0xff, 0x70,
    0x0, 0xcd, 0xdd, 0xdd, 0xdd, 0xde, 0xd6, 0x0,
    0x0, 0x0, 0xff, 0x70, 0x0, 0xef, 0xff, 0xff,
    0xff, 0xff, 0xf7, 0x0, 0x0, 0x0, 0xff, 0x70,
    0x0, 0xef, 0x70, 0x0, 0x0, 0xf, 0xf7, 0x0,
    0x0, 0x0, 0xff, 0x70, 0x0, 0xef, 0xda, 0xaa,
    0xaa, 0xaf, 0xf7, 0x0, 0x0, 0x0, 0xff, 0x70,
    0x0, 0xef, 0xff, 0xff, 0xff, 0xff, 0xf7, 0x0,
    0x0, 0x0, 0xff, 0x73, 0xb0, 0xef, 0x80, 0x0,
    0x0, 0xf, 0xf7, 0x0, 0x0, 0x0, 0xff, 0xcf,
    0xf1, 0xef, 0x80, 0x0, 0x0, 0xf, 0xf7, 0x0,
    0x0, 0x0, 0xff, 0xff, 0xf4, 0xef, 0xff, 0xff,
    0xff, 0xff, 0xf7, 0x0, 0x0, 0x4, 0xff, 0xfe,
    0x30, 0xef, 0xdb, 0xbb, 0xbb, 0xbf, 0xf7, 0x0,
    0x0, 0xe, 0xff, 0xa1, 0x0, 0xef, 0x70, 0x0,
    0x33, 0x3f, 0xf7, 0x0, 0x0, 0x9, 0xf6, 0x0,
    0x0, 0xef, 0x70, 0x0, 0xaf, 0xff, 0xf5, 0x0,
    0x0, 0x1, 0x40, 0x0, 0x0, 0xef, 0x70, 0x0,
    0x5f, 0xed, 0x80, 0x0,

    /* U+8D25 "败" */
    0x0, 0x0, 0x0, 0x0, 0x0, 0x0, 0x0, 0x0,
    0x0, 0x0, 0x0, 0x0, 0x0, 0x22, 0x22, 0x22,
    0x22, 0x20, 0x0, 0x4f, 0xb1, 0x0, 0x0, 0x0,
    0x1, 0xff, 0xff, 0xff, 0xff, 0xf1, 0x0, 0x8f,
    0xe0, 0x0, 0x0, 0x0, 0x1, 0xff, 0xff, 0xff,
    0xff, 0xf1, 0x0, 0xcf, 0xa0, 0x0, 0x0, 0x0,
    0x1, 0xff, 0x22, 0x22, 0x3f, 0xf1, 0x1, 0xff,
    0x60, 0x0, 0x0, 0x0, 0x1, 0xff, 0x7, 0x83,
    0x1f, 0xf1, 0x6, 0xff, 0xff, 0xff, 0xff, 0xe0,
    0x1, 0xff, 0xd, 0xf5, 0x1f, 0xf1, 0xc, 0xff,
    0xff, 0xff, 0xff, 0xe0, 0x1, 0xff, 0xd, 0xf5,
    0x1f, 0xf1, 0x3f, 0xf7, 0x44, 0x4c, 0xf9, 0x30,
    0x1, 0xff, 0xd, 0xf5, 0x1f, 0xf1, 0xbf, 0xe0,
    0x0, 0xd, 0xf5, 0x0, 0x1, 0xff, 0xd, 0xf5,
    0x1f, 0xf5, 0xff, 0xe0, 0x0, 0xf, 0xf3, 0x0,
    0x1, 0xff, 0xd, 0xf5, 0x1f, 0xfd, 0xff, 0xf3,
    0x0, 0x3f, 0xf0, 0x0, 0x1, 0xff, 0xd, 0xf5,
    0x1f, 0xf5, 0xff, 0xf9, 0x0, 0x6f, 0xc0, 0x0,
    0x1, 0xff, 0xd, 0xf5, 0x1f, 0xf1, 0x55, 0xfe,
    0x0, 0xbf, 0x80, 0x0, 0x1, 0xff, 0xe, 0xf4,
    0x1f, 0xf1, 0x0, 0xef, 0x61, 0xff, 0x40, 0x0,
    0x1, 0xff, 0xf, 0xf3, 0x1f, 0xf1, 0x0, 0x8f,
    0xe7, 0xfe, 0x0, 0x0, 0x1, 0xff, 0x2f, 0xf1,
    0x1f, 0xf1, 0x0, 0x1f, 0xff, 0xf8, 0x0, 0x0,
    0x0, 0x99, 0x6f, 0xe0, 0x7, 0x70, 0x0, 0x8,
    0xff, 0xf2, 0x0, 0x0, 0x0, 0x0, 0xbf, 0x94,
    0xb1, 0x0, 0x0, 0x2, 0xff, 0xe0, 0x0, 0x0,
    0x0, 0x3, 0xff, 0x4d, 0xfb, 0x0, 0x0, 0xd,
    0xff, 0xfb, 0x0, 0x0, 0x0, 0x1d, 0xfb, 0x3,
    0xff, 0x70, 0x1, 0xcf, 0xfa, 0xff, 0xc1, 0x0,
    0x1, 0xcf, 0xf2, 0x0, 0x8f, 0xf2, 0x4e, 0xff,
    0x60, 0x9f, 0xfe, 0x50, 0xd, 0xff, 0x40, 0x0,
    0xd, 0xe5, 0xef, 0xf6, 0x0, 0x7, 0xff, 0xe1,
    0x3, 0xd3, 0x0, 0x0, 0x3, 0x10, 0x2c, 0x30,
    0x0, 0x0, 0x3d, 0x30, 0x0, 0x0, 0x0, 0x0,
    0x0, 0x0, 0x0, 0x0, 0x0, 0x0, 0x0, 0x0,

    /* U+8D2F "贯" */
    0x0, 0x0, 0xbc, 0xcc, 0xcc, 0xcc, 0xcc, 0xcc,
    0xcc, 0xc4, 0x0, 0x0, 0x1, 0xff, 0xff, 0xff,
    0xff, 0xff, 0xff, 0xff, 0xf4, 0x0, 0x0, 0x3,
    0xff, 0x83, 0x33, 0x9f, 0xe3, 0x33, 0xaf, 0xf2,
    0x0, 0x23, 0x38, 0xff, 0x40, 0x0, 0xaf, 0xc0,
    0x0, 0xaf, 0xf4, 0x32, 0xbf, 0xff, 0xff, 0xff,
    0xff, 0xff, 0xff, 0xff, 0xff, 0xff, 0xfc, 0xad,
    0xdf, 0xff, 0xaa, 0xaa, 0xff, 0xda, 0xaa, 0xff,
    0xfd, 0xda, 0x0, 0xd, 0xfc, 0x0, 0x1, 0xff,
    0x50, 0x0, 0xef, 0xc0, 0x0, 0x0, 0xf, 0xff,
    0xff, 0xff, 0xff, 0xff, 0xff, 0xff, 0xa0, 0x0,
    0x0, 0x2f, 0xff, 0xff, 0xff, 0xff, 0xff, 0xff,
    0xff, 0x80, 0x0, 0x0, 0x0, 0x0, 0x0, 0x0,
    0x0, 0x0, 0x0, 0x0, 0x0, 0x0, 0x0, 0xd,
    0xff, 0xff, 0xff, 0xff, 0xff, 0xff, 0xff, 0xf1,
    0x0, 0x0, 0xd, 0xff, 0xee, 0xee, 0xee, 0xee,
    0xee, 0xff, 0xf1, 0x0, 0x0, 0xd, 0xfc, 0x0,
    0x0, 0x11, 0x10, 0x0, 0xaf, 0xf1, 0x0, 0x0,
    0xd, 0xfc, 0x0, 0x1, 0xff, 0x90, 0x0, 0xaf,
    0xf1, 0x0, 0x0, 0xd, 0xfc, 0x0, 0x1, 0xff,
    0x90, 0x0, 0xaf, 0xf1, 0x0, 0x0, 0xd, 0xfc,
    0x0, 0x3, 0xff, 0x80, 0x0, 0xaf, 0xf1, 0x0,
    0x0, 0xd, 0xfc, 0x0, 0x8, 0xff, 0x50, 0x0,
    0xaf, 0xf1, 0x0, 0x0, 0xa, 0xda, 0x0, 0x7f,
    0xfd, 0x3e, 0x94, 0x69, 0x90, 0x0, 0x0, 0x0,
    0x0, 0x5c, 0xff, 0xe2, 0xcf, 0xff, 0xe9, 0x40,
    0x0, 0x0, 0x26, 0xaf, 0xff, 0xfa, 0x10, 0x5,
    0xaf, 0xff, 0xfd, 0x60, 0x2e, 0xff, 0xff, 0xfa,
    0x30, 0x0, 0x0, 0x1, 0x6d, 0xff, 0xf4, 0x4,
    0xfd, 0x95, 0x0, 0x0, 0x0, 0x0, 0x0, 0x0,
    0x4b, 0xa0, 0x0, 0x0, 0x0, 0x0, 0x0, 0x0,
    0x0, 0x0, 0x0, 0x0, 0x0,

    /* U+8DDD "距" */
    0x1, 0x66, 0x66, 0x66, 0x66, 0x2, 0x33, 0x33,
    0x33, 0x33, 0x33, 0x20, 0x3, 0xff, 0xff, 0xff,
    0xff, 0x2a, 0xff, 0xff, 0xff, 0xff, 0xff, 0xc0,
    0x3, 0xff, 0xdd, 0xdd, 0xff, 0x2a, 0xff, 0xff,
    0xff, 0xff, 0xff, 0xc0, 0x3, 0xff, 0x0, 0x4,
    0xff, 0x2a, 0xff, 0x44, 0x44, 0x44, 0x44, 0x30,
    0x3, 0xff, 0x0, 0x4, 0xff, 0x2a, 0xfe, 0x0,
    0x0, 0x0, 0x0, 0x0, 0x3, 0xff, 0x0, 0x4,
    0xff, 0x2a, 0xfe, 0x0, 0x0, 0x0, 0x0, 0x0,
    0x3, 0xff, 0x99, 0x9b, 0xff, 0x2a, 0xff, 0x77,
    0x77, 0x77, 0x73, 0x0, 0x3, 0xff, 0xff, 0xff,
    0xff, 0x2a, 0xff, 0xff, 0xff, 0xff, 0xf7, 0x0,
    0x2, 0x99, 0x9f, 0xfc, 0x99, 0x1a, 0xff, 0xff,
    0xff, 0xff, 0xf7, 0x0, 0x0, 0x0, 0xe, 0xf7,
    0x0, 0xa, 0xfe, 0x0, 0x0, 0xe, 0xf7, 0x0,
    0x2, 0x76, 0xe, 0xf7, 0x0, 0xa, 0xfe, 0x0,
    0x0, 0xe, 0xf7, 0x0, 0x4, 0xfe, 0xe, 0xfc,
    0xaa, 0x3a, 0xfe, 0x0, 0x0, 0xe, 0xf7, 0x0,
    0x4, 0xfe, 0xe, 0xff, 0xff, 0x5a, 0xff, 0x33,
    0x33, 0x3f, 0xf7, 0x0, 0x4, 0xfe, 0xe, 0xfc,
    0x99, 0x3a, 0xff, 0xff, 0xff, 0xff, 0xf7, 0x0,
    0x4, 0xfe, 0xe, 0xf7, 0x0, 0xa, 0xff, 0xff,
    0xff, 0xff, 0xf7, 0x0, 0x4, 0xfe, 0xe, 0xf7,
    0x0, 0xa, 0xff, 0x33, 0x33, 0x33, 0x31, 0x0,
    0x4, 0xfe, 0xe, 0xf7, 0x37, 0x3a, 0xfe, 0x0,
    0x0, 0x0, 0x0, 0x0, 0x4, 0xfe, 0x2f, 0xff,
    0xff, 0x7a, 0xfe, 0x0, 0x0, 0x0, 0x0, 0x0,
    0x19, 0xff, 0xff, 0xff, 0xfd, 0x5a, 0xff, 0x77,
    0x77, 0x77, 0x77, 0x71, 0x3f, 0xff, 0xfe, 0xa5,
    0x10, 0xa, 0xff, 0xff, 0xff, 0xff, 0xff, 0xf3,
    0xe, 0xb7, 0x30, 0x0, 0x0, 0xa, 0xff, 0xff,
    0xff, 0xff, 0xff, 0xf3, 0x0, 0x0, 0x0, 0x0,
    0x0, 0x0, 0x0, 0x0, 0x0, 0x0, 0x0, 0x0,

    /* U+8DEF "路" */
    0x0, 0x0, 0x0, 0x0, 0x0, 0x0, 0x0, 0x30,
    0x0, 0x0, 0x0, 0x0, 0x0, 0x66, 0x66, 0x66,
    0x66, 0x0, 0x2, 0xff, 0x60, 0x0, 0x0, 0x0,
    0x0, 0xff, 0xff, 0xff, 0xff, 0x0, 0x9, 0xff,
    0x20, 0x0, 0x0, 0x0, 0x0, 0xff, 0xdd, 0xde,
    0xff, 0x0, 0x1f, 0xff, 0xff, 0xff, 0xe5, 0x0,
    0x0, 0xff, 0x20, 0x6, 0xff, 0x0, 0xaf, 0xff,
    0xff, 0xff, 0xf6, 0x0, 0x0, 0xff, 0x20, 0x6,
    0xff, 0x4, 0xff, 0xd3, 0x33, 0xcf, 0xf0, 0x0,
    0x0, 0xff, 0x20, 0x6, 0xff, 0x2e, 0xff, 0xf5,
    0x3, 0xff, 0x80, 0x0, 0x0, 0xff, 0xff, 0xff,
    0xff, 0xef, 0xfd, 0xfe, 0x2d, 0xff, 0x10, 0x0,
    0x0, 0xff, 0xff, 0xff, 0xff, 0x3e, 0xa0, 0xef,
    0xff, 0xf6, 0x0, 0x0, 0x0, 0x33, 0x3d, 0xf9,
    0x32, 0x1, 0x0, 0x3f, 0xff, 0xb0, 0x0, 0x0,
    0x0, 0x0, 0xd, 0xf7, 0x0, 0x0, 0x0, 0x9f,
    0xff, 0xd3, 0x0, 0x0, 0x2, 0xed, 0xd, 0xf7,
    0x0, 0x0, 0x2c, 0xff, 0xef, 0xff, 0x80, 0x0,
    0x2, 0xff, 0xd, 0xfe, 0xcc, 0x38, 0xff, 0xfb,
    0x15, 0xff, 0xfe, 0x81, 0x2, 0xff, 0xd, 0xff,
    0xff, 0xff, 0xff, 0x70, 0x0, 0x3d, 0xff, 0xc0,
    0x2, 0xff, 0xd, 0xfb, 0x88, 0x9f, 0xff, 0xff,
    0xff, 0xff, 0xff, 0x20, 0x2, 0xff, 0xd, 0xf7,
    0x0, 0x3, 0xff, 0xff, 0xff, 0xff, 0xf8, 0x0,
    0x2, 0xff, 0xd, 0xf7, 0x0, 0x1, 0xff, 0x73,
    0x33, 0x3f, 0xf8, 0x0, 0x2, 0xff, 0xd, 0xf7,
    0x26, 0x41, 0xff, 0x40, 0x0, 0xe, 0xf8, 0x0,
    0x2, 0xff, 0x3e, 0xff, 0xff, 0x81, 0xff, 0x40,
    0x0, 0xe, 0xf8, 0x0, 0x1a, 0xff, 0xff, 0xff,
    0xff, 0x81, 0xff, 0x50, 0x0, 0xe, 0xf8, 0x0,
    0x1f, 0xff, 0xff, 0xc8, 0x40, 0x1, 0xff, 0xff,
    0xff, 0xff, 0xf8, 0x0, 0xe, 0xc8, 0x40, 0x0,
    0x0, 0x1, 0xff, 0xff, 0xff, 0xff, 0xf8, 0x0,
    0x0, 0x0, 0x0, 0x0, 0x0, 0x1, 0xff, 0x73,
    0x33, 0x3f, 0xf8, 0x0, 0x0, 0x0, 0x0, 0x0,
    0x0, 0x0, 0x11, 0x0, 0x0, 0x0, 0x0, 0x0,

    /* U+8EAB "身" */
    0x0, 0x0, 0x0, 0x0, 0x0, 0x34, 0x20, 0x0,
    0x0, 0x0, 0x0, 0x0, 0x0, 0x0, 0x0, 0x0,
    0xd, 0xff, 0x20, 0x0, 0x0, 0x0, 0x0, 0x0,
    0x0, 0x0, 0x0, 0x3, 0xff, 0xa0, 0x0, 0x0,
    0x0, 0x0, 0x0, 0x0, 0x6, 0xff, 0xff, 0xff,
    0xff, 0xff, 0xff, 0xf9, 0x0, 0x0, 0x0, 0x0,
    0x6f, 0xff, 0xff, 0xff, 0xff, 0xff, 0xff, 0x90,
    0x0, 0x0, 0x0, 0x6, 0xff, 0x53, 0x33, 0x33,
    0x33, 0x3e, 0xf9, 0x0, 0x0, 0x0, 0x0, 0x6f,
    0xf3, 0x0, 0x0, 0x0, 0x0, 0xef, 0x90, 0x0,
    0x0, 0x0, 0x6, 0xff, 0xff, 0xff, 0xff, 0xff,
    0xff, 0xf9, 0x0, 0x0, 0x0, 0x0, 0x6f, 0xfd,
    0xdd, 0xdd, 0xdd, 0xdd, 0xff, 0x90, 0x40, 0x0,
    0x0, 0x6, 0xff, 0x20, 0x0, 0x0, 0x0, 0xe,
    0xf9, 0x4f, 0xe4, 0x0, 0x0, 0x6f, 0xfd, 0xdd,
    0xdd, 0xdd, 0xdd, 0xff, 0xbe, 0xfe, 0x10, 0x0,
    0x6, 0xff, 0xff, 0xff, 0xff, 0xff, 0xff, 0xff,
    0xff, 0x30, 0x0, 0x0, 0x6f, 0xf3, 0x0, 0x0,
    0x0, 0x0, 0xef, 0xff, 0x60, 0x0, 0x1, 0x16,
    0xff, 0x41, 0x11, 0x11, 0x11, 0x2f, 0xff, 0x70,
    0x0, 0x7, 0xff, 0xff, 0xff, 0xff, 0xff, 0xff,
    0xff, 0xff, 0xb0, 0x0, 0x0, 0x7f, 0xff, 0xff,
    0xff, 0xff, 0xff, 0xff, 0xff, 0xf9, 0x0, 0x0,
    0x1, 0x22, 0x22, 0x22, 0x22, 0x25, 0xef, 0xfe,
    0xff, 0x90, 0x0, 0x0, 0x0, 0x0, 0x0, 0x0,
    0x18, 0xff, 0xfa, 0x1e, 0xf9, 0x0, 0x0, 0x0,
    0x0, 0x0, 0x1, 0x8f, 0xff, 0xe5, 0x0, 0xef,
    0x90, 0x0, 0x0, 0x0, 0x0, 0x4a, 0xff, 0xff,
    0x80, 0x0, 0xe, 0xf9, 0x0, 0x0, 0x0, 0x38,
    0xef, 0xff, 0xf9, 0x12, 0x76, 0x67, 0xff, 0x90,
    0x0, 0x0, 0xdf, 0xff, 0xfe, 0x71, 0x0, 0xf,
    0xff, 0xff, 0xf5, 0x0, 0x0, 0x3, 0xff, 0xa4,
    0x0, 0x0, 0x0, 0xaf, 0xff, 0xd7, 0x0, 0x0,
    0x0, 0x3, 0x0, 0x0, 0x0, 0x0, 0x0, 0x10,
    0x0, 0x0, 0x0, 0x0,

    /* U+8F66 "车" */
    0x0, 0x0, 0x0, 0x1, 0x62, 0x0, 0x0, 0x0,
    0x0, 0x0, 0x0, 0x0, 0x0, 0x0, 0x7, 0xff,
    0xa0, 0x0, 0x0, 0x0, 0x0, 0x0, 0x0, 0x0,
    0x0, 0xd, 0xff, 0x50, 0x0, 0x0, 0x0, 0x0,
    0x0, 0x0, 0x0, 0x0, 0x4f, 0xfd, 0x0, 0x0,
    0x0, 0x0, 0x0, 0x0, 0x1f, 0xff, 0xff, 0xff,
    0xff, 0xff, 0xff, 0xff, 0xff, 0xff, 0xf8, 0x1f,
    0xff, 0xff, 0xff, 0xff, 0xff, 0xff, 0xff, 0xff,
    0xff, 0xf9, 0x8, 0x88, 0x8e, 0xff, 0xa8, 0x88,
    0x88, 0x88, 0x88, 0x88, 0x84, 0x0, 0x0, 0x3f,
    0xfc, 0x0, 0x5, 0x53, 0x0, 0x0, 0x0, 0x0,
    0x0, 0x0, 0xcf, 0xf3, 0x0, 0x1f, 0xfb, 0x0,
    0x0, 0x0, 0x0, 0x0, 0x6, 0xff, 0x90, 0x0,
    0x1f, 0xfb, 0x0, 0x0, 0x0, 0x0, 0x0, 0x4f,
    0xfe, 0x10, 0x0, 0x1f, 0xfb, 0x0, 0x0, 0x0,
    0x0, 0x0, 0xcf, 0xff, 0xff, 0xff, 0xff, 0xff,
    0xff, 0xff, 0xfc, 0x0, 0x0, 0x6f, 0xff, 0xff,
    0xff, 0xff, 0xff, 0xff, 0xff, 0xfc, 0x0, 0x0,
    0x19, 0x76, 0x66, 0x66, 0x7f, 0xfd, 0x66, 0x66,
    0x65, 0x0, 0x0, 0x0, 0x0, 0x0, 0x0, 0x1f,
    0xfb, 0x0, 0x0, 0x0, 0x0, 0x0, 0x0, 0x0,
    0x0, 0x0, 0x1f, 0xfb, 0x0, 0x0, 0x0, 0x0,
    0x69, 0x99, 0x99, 0x99, 0x99, 0x9f, 0xfe, 0x99,
    0x99, 0x99, 0x97, 0xcf, 0xff, 0xff, 0xff, 0xff,
    0xff, 0xff, 0xff, 0xff, 0xff, 0xfc, 0xbf, 0xff,
    0xff, 0xff, 0xff, 0xff, 0xff, 0xff, 0xff, 0xff,
    0xfc, 0x0, 0x0, 0x0, 0x0, 0x0, 0x1f, 0xfb,
    0x0, 0x0, 0x0, 0x0, 0x0, 0x0, 0x0, 0x0,
    0x0, 0x1f, 0xfb, 0x0, 0x0, 0x0, 0x0, 0x0,
    0x0, 0x0, 0x0, 0x0, 0x1f, 0xfb, 0x0, 0x0,
    0x0, 0x0, 0x0, 0x0, 0x0, 0x0, 0x0, 0x1f,
    0xfb, 0x0, 0x0, 0x0, 0x0,

    /* U+8F83 "较" */
    0x0, 0x0, 0x21, 0x0, 0x0, 0x0, 0x0, 0x0,
    0x50, 0x0, 0x0, 0x0, 0x0, 0x0, 0xcf, 0xb0,
    0x0, 0x0, 0x0, 0x1e, 0xf8, 0x0, 0x0, 0x0,
    0x0, 0x0, 0xef, 0x90, 0x0, 0x0, 0x0, 0xb,
    0xff, 0x20, 0x0, 0x0, 0xa, 0xab, 0xff, 0xca,
    0xa7, 0x1, 0x11, 0x13, 0xfd, 0x41, 0x11, 0x0,
    0xf, 0xff, 0xff, 0xff, 0xfc, 0x3f, 0xff, 0xff,
    0xff, 0xff, 0xff, 0xe0, 0xc, 0xcf, 0xff, 0xcc,
    0xc9, 0x3f, 0xff, 0xff, 0xff, 0xff, 0xff, 0xe0,
    0x0, 0xe, 0xf7, 0x0, 0x0, 0x14, 0x48, 0x84,
    0x44, 0x47, 0x84, 0x40, 0x0, 0x2f, 0xf6, 0xcc,
    0x0, 0x0, 0xe, 0xfa, 0x0, 0x5f, 0xe1, 0x0,
    0x0, 0x7f, 0xd4, 0xff, 0x0, 0x0, 0x9f, 0xf3,
    0x0, 0xe, 0xfb, 0x0, 0x0, 0xdf, 0x74, 0xff,
    0x0, 0x4, 0xff, 0x90, 0x0, 0x5, 0xff, 0x50,
    0x4, 0xff, 0x57, 0xff, 0x43, 0x2e, 0xfe, 0x10,
    0x0, 0x0, 0xbf, 0xe0, 0xc, 0xff, 0xff, 0xff,
    0xfd, 0x8f, 0xfc, 0xb0, 0x0, 0x7a, 0x8f, 0xf6,
    0x7, 0xff, 0xff, 0xff, 0xfd, 0xb, 0xaf, 0xf5,
    0x0, 0xdf, 0xb9, 0x80, 0x1, 0x21, 0x15, 0xff,
    0x10, 0x0, 0xb, 0xfc, 0x3, 0xff, 0x60, 0x0,
    0x0, 0x0, 0x4, 0xff, 0x0, 0x0, 0x4, 0xff,
    0x5b, 0xfe, 0x0, 0x0, 0x0, 0x0, 0x4, 0xff,
    0x35, 0x10, 0x0, 0xcf, 0xff, 0xf8, 0x0, 0x0,
    0x16, 0x79, 0xbe, 0xff, 0xff, 0x30, 0x0, 0x3f,
    0xff, 0xe0, 0x0, 0x0, 0x1f, 0xff, 0xff, 0xff,
    0xfe, 0x30, 0x0, 0xe, 0xff, 0xa0, 0x0, 0x0,
    0xe, 0xfd, 0xba, 0xff, 0x10, 0x0, 0x0, 0xbf,
    0xff, 0xf8, 0x0, 0x0, 0x1, 0x0, 0x4, 0xff,
    0x0, 0x0, 0x3d, 0xff, 0xbe, 0xff, 0xb2, 0x0,
    0x0, 0x0, 0x4, 0xff, 0x0, 0x18, 0xff, 0xf9,
    0x2, 0xdf, 0xff, 0x91, 0x0, 0x0, 0x4, 0xff,
    0x0, 0xcf, 0xff, 0x60, 0x0, 0x1b, 0xff, 0xc0,
    0x0, 0x0, 0x4, 0xff, 0x0, 0x1e, 0xa1, 0x0,
    0x0, 0x0, 0x5c, 0x10, 0x0, 0x0, 0x0, 0x0,
    0x0, 0x0, 0x0, 0x0, 0x0, 0x0, 0x0, 0x0,

    /* U+8F86 "辆" */
    0x0, 0x3, 0x20, 0x0, 0x0, 0x0, 0x0, 0x0,
    0x0, 0x0, 0x0, 0x0, 0x0, 0xc, 0xf9, 0x0,
    0x0, 0x0, 0x0, 0x0, 0x0, 0x0, 0x0, 0x0,
    0x0, 0xe, 0xf7, 0x0, 0xd, 0xee, 0xee, 0xee,
    0xee, 0xee, 0xee, 0xe1, 0x6, 0x6f, 0xf9, 0x66,
    0x3f, 0xff, 0xff, 0xff, 0xff, 0xff, 0xff, 0xf1,
    0x1f, 0xff, 0xff, 0xff, 0xaa, 0xbb, 0xbe, 0xfc,
    0xbf, 0xfb, 0xbb, 0xb1, 0xd, 0xef, 0xfd, 0xdd,
    0x80, 0x0, 0xb, 0xf2, 0xf, 0xd0, 0x0, 0x0,
    0x0, 0x7f, 0xb0, 0x0, 0x0, 0x0, 0xb, 0xf2,
    0xf, 0xd0, 0x0, 0x0, 0x0, 0xbf, 0x86, 0x60,
    0x1, 0x55, 0x5d, 0xf7, 0x6f, 0xe5, 0x75, 0x10,
    0x0, 0xef, 0x4f, 0xf1, 0x5, 0xff, 0xff, 0xff,
    0xff, 0xff, 0xff, 0x40, 0x2, 0xff, 0x1f, 0xf1,
    0x5, 0xff, 0xef, 0xfe, 0xef, 0xfe, 0xff, 0x40,
    0x8, 0xfc, 0x3f, 0xf4, 0x25, 0xfe, 0xc, 0xf1,
    0xf, 0xd0, 0xef, 0x40, 0xf, 0xff, 0xff, 0xff,
    0xc5, 0xfe, 0xd, 0xf0, 0x1f, 0xc0, 0xef, 0x40,
    0xc, 0xff, 0xff, 0xff, 0xc5, 0xfe, 0xe, 0xf2,
    0x2f, 0xd0, 0xef, 0x40, 0x3, 0x32, 0x2f, 0xf3,
    0x15, 0xfe, 0xf, 0xfc, 0x3f, 0xf4, 0xef, 0x40,
    0x0, 0x0, 0xf, 0xf1, 0x5, 0xfe, 0x2f, 0xff,
    0xaf, 0xfb, 0xef, 0x40, 0x0, 0x0, 0x1f, 0xfb,
    0xa5, 0xfe, 0x5f, 0x9f, 0xff, 0xcf, 0xff, 0x40,
    0x17, 0xad, 0xff, 0xff, 0xd5, 0xfe, 0xaf, 0x36,
    0xef, 0x2f, 0xff, 0x40, 0x1f, 0xff, 0xff, 0xfa,
    0x55, 0xff, 0xfd, 0x4, 0xfc, 0xa, 0xff, 0x40,
    0xd, 0xc9, 0x5f, 0xf1, 0x5, 0xfe, 0x96, 0x6,
    0xf6, 0x0, 0xef, 0x40, 0x0, 0x0, 0xf, 0xf1,
    0x5, 0xfe, 0x0, 0x0, 0x40, 0x0, 0xef, 0x40,
    0x0, 0x0, 0xf, 0xf1, 0x5, 0xfe, 0x0, 0x0,
    0x0, 0x0, 0xef, 0x40, 0x0, 0x0, 0xf, 0xf1,
    0x5, 0xfe, 0x0, 0x0, 0x1, 0xff, 0xff, 0x20,
    0x0, 0x0, 0xf, 0xf1, 0x5, 0xfe, 0x0, 0x0,
    0x0, 0xae, 0xd7, 0x0,

    /* U+8FD0 "运" */
    0x0, 0x1, 0x0, 0x0, 0x0, 0x0, 0x0, 0x0,
    0x0, 0x0, 0x0, 0x0, 0x0, 0xbf, 0x50, 0x0,
    0xd, 0xff, 0xff, 0xff, 0xff, 0xff, 0xf6, 0x0,
    0x3, 0xff, 0xfa, 0x0, 0xd, 0xff, 0xff, 0xff,
    0xff, 0xff, 0xf6, 0x0, 0x0, 0x2d, 0xff, 0xd2,
    0x5, 0x66, 0x66, 0x66, 0x66, 0x66, 0x62, 0x0,
    0x0, 0x0, 0xaf, 0xb0, 0x0, 0x0, 0x0, 0x0,
    0x0, 0x0, 0x0, 0x0, 0x0, 0x0, 0x6, 0x0,
    0x0, 0x0, 0x0, 0x0, 0x0, 0x0, 0x0, 0x0,
    0x0, 0x0, 0x0, 0x5, 0xbb, 0xbb, 0xbb, 0xbb,
    0xbb, 0xbb, 0xbb, 0xb0, 0x0, 0x0, 0x0, 0x7,
    0xff, 0xff, 0xff, 0xff, 0xff, 0xff, 0xff, 0xf0,
    0x2f, 0xff, 0xff, 0x75, 0xcc, 0xcc, 0xff, 0xfc,
    0xcc, 0xcc, 0xcc, 0xc0, 0x2f, 0xff, 0xff, 0x70,
    0x0, 0x5, 0xff, 0xb0, 0x1, 0x50, 0x0, 0x0,
    0x5, 0x56, 0xff, 0x70, 0x0, 0xd, 0xff, 0x30,
    0x5f, 0xf2, 0x0, 0x0, 0x0, 0x1, 0xff, 0x70,
    0x0, 0x4f, 0xfa, 0x0, 0x1e, 0xfc, 0x0, 0x0,
    0x0, 0x1, 0xff, 0x70, 0x0, 0xdf, 0xf1, 0x0,
    0x6, 0xff, 0x60, 0x0, 0x0, 0x1, 0xff, 0x70,
    0x7, 0xff, 0x60, 0x0, 0x12, 0xef, 0xe1, 0x0,
    0x0, 0x1, 0xff, 0x70, 0x5f, 0xff, 0xcd, 0xef,
    0xff, 0xff, 0xf9, 0x0, 0x0, 0x1, 0xff, 0x70,
    0x7f, 0xff, 0xff, 0xff, 0xff, 0xff, 0xff, 0x20,
    0x0, 0x1, 0xff, 0x70, 0x1f, 0xfd, 0xb9, 0x86,
    0x43, 0x14, 0xff, 0x70, 0x0, 0x6, 0xff, 0xc1,
    0x2, 0x0, 0x0, 0x0, 0x0, 0x0, 0x83, 0x0,
    0x1, 0xbf, 0xff, 0xfe, 0x60, 0x0, 0x0, 0x0,
    0x0, 0x0, 0x0, 0x0, 0x1d, 0xff, 0xd7, 0xdf,
    0xff, 0xb9, 0x77, 0x67, 0x78, 0x9a, 0xbc, 0xe4,
    0xd, 0xfd, 0x10, 0x9, 0xff, 0xff, 0xff, 0xff,
    0xff, 0xff, 0xff, 0xe0, 0x3, 0xf2, 0x0, 0x0,
    0x28, 0xcf, 0xff, 0xff, 0xff, 0xff, 0xfe, 0x90,
    0x0, 0x20, 0x0, 0x0, 0x0, 0x0, 0x1, 0x11,
    0x10, 0x0, 0x0, 0x0,

    /* U+8FDB "进" */
    0x0, 0x18, 0x0, 0x0, 0x0, 0x6, 0xa9, 0x0,
    0x9, 0x94, 0x0, 0x0, 0x2, 0xef, 0xc0, 0x0,
    0x0, 0xa, 0xfe, 0x0, 0x1f, 0xf8, 0x0, 0x0,
    0x0, 0x9f, 0xfc, 0x0, 0x0, 0xa, 0xfe, 0x0,
    0x1f, 0xf8, 0x0, 0x0, 0x0, 0x9, 0xff, 0xb0,
    0x0, 0xa, 0xfe, 0x0, 0x2f, 0xf8, 0x0, 0x0,
    0x0, 0x0, 0xbf, 0xb0, 0xcf, 0xff, 0xff, 0xff,
    0xff, 0xff, 0xff, 0x50, 0x0, 0x0, 0x7, 0x0,
    0xcf, 0xff, 0xff, 0xff, 0xff, 0xff, 0xff, 0x50,
    0x0, 0x0, 0x0, 0x0, 0x57, 0x7c, 0xff, 0x77,
    0x8f, 0xfb, 0x77, 0x20, 0x0, 0x0, 0x0, 0x0,
    0x0, 0xa, 0xfe, 0x0, 0x1f, 0xf8, 0x0, 0x0,
    0x8, 0x99, 0x99, 0x40, 0x0, 0xa, 0xfe, 0x0,
    0x1f, 0xf8, 0x0, 0x0, 0xe, 0xff, 0xff, 0x80,
    0x0, 0xa, 0xfe, 0x0, 0x1f, 0xf8, 0x0, 0x0,
    0xb, 0xcc, 0xff, 0x80, 0xff, 0xff, 0xff, 0xff,
    0xff, 0xff, 0xff, 0xd0, 0x0, 0x0, 0xff, 0x80,
    0xff, 0xff, 0xff, 0xff, 0xff, 0xff, 0xff, 0xd0,
    0x0, 0x0, 0xff, 0x80, 0x66, 0x7f, 0xfb, 0x66,
    0x7f, 0xfb, 0x66, 0x50, 0x0, 0x0, 0xff, 0x80,
    0x0, 0x6f, 0xf5, 0x0, 0x1f, 0xf8, 0x0, 0x0,
    0x0, 0x0, 0xff, 0x80, 0x0, 0xdf, 0xf0, 0x0,
    0x1f, 0xf8, 0x0, 0x0, 0x0, 0x0, 0xff, 0x80,
    0x8, 0xff, 0x90, 0x0, 0x1f, 0xf8, 0x0, 0x0,
    0x0, 0x0, 0xff, 0x80, 0x4f, 0xfe, 0x10, 0x0,
    0x1f, 0xf8, 0x0, 0x0, 0x0, 0x2b, 0xff, 0xd3,
    0x8, 0xf4, 0x0, 0x0, 0x1f, 0xf8, 0x0, 0x0,
    0x4, 0xff, 0xff, 0xff, 0xa4, 0x30, 0x0, 0x0,
    0x2, 0x21, 0x12, 0x31, 0x2f, 0xff, 0x52, 0xaf,
    0xff, 0xff, 0xee, 0xdd, 0xee, 0xff, 0xff, 0xf1,
    0xa, 0xf6, 0x0, 0x4, 0xbf, 0xff, 0xff, 0xff,
    0xff, 0xff, 0xff, 0xc0, 0x1, 0x90, 0x0, 0x0,
    0x1, 0x46, 0x78, 0x88, 0x87, 0x77, 0x65, 0x30,

    /* U+8FDE "连" */
    0x0, 0x0, 0x0, 0x0, 0x0, 0x0, 0x41, 0x0,
    0x0, 0x0, 0x0, 0x0, 0x0, 0x4d, 0x70, 0x0,
    0x0, 0x1, 0xff, 0xa0, 0x0, 0x0, 0x0, 0x0,
    0x0, 0xcf, 0xf4, 0x0, 0x0, 0x5, 0xff, 0x70,
    0x0, 0x0, 0x0, 0x0, 0x0, 0x1e, 0xfe, 0x21,
    0xff, 0xff, 0xff, 0xff, 0xff, 0xff, 0xff, 0x70,
    0x0, 0x4, 0xff, 0xc1, 0xff, 0xff, 0xff, 0xff,
    0xff, 0xff, 0xff, 0x80, 0x0, 0x0, 0x8f, 0x90,
    0x44, 0xaf, 0xf6, 0x44, 0x44, 0x44, 0x44, 0x20,
    0x0, 0x0, 0x4, 0x0, 0x0, 0xef, 0xc0, 0x3c,
    0xc4, 0x0, 0x0, 0x0, 0x0, 0x0, 0x0, 0x0,
    0x7, 0xff, 0x40, 0x4f, 0xf6, 0x0, 0x0, 0x0,
    0x4, 0x55, 0x55, 0x20, 0x2f, 0xfd, 0x33, 0x7f,
    0xf8, 0x33, 0x32, 0x0, 0xe, 0xff, 0xff, 0x60,
    0xaf, 0xff, 0xff, 0xff, 0xff, 0xff, 0xfa, 0x0,
    0xe, 0xff, 0xff, 0x60, 0x4f, 0xff, 0xff, 0xff,
    0xff, 0xff, 0xfa, 0x0, 0x0, 0x12, 0xff, 0x60,
    0x5, 0x32, 0x22, 0x6f, 0xf7, 0x22, 0x21, 0x0,
    0x0, 0x1, 0xff, 0x60, 0x0, 0x0, 0x0, 0x4f,
    0xf6, 0x0, 0x0, 0x0, 0x0, 0x1, 0xff, 0x62,
    0x66, 0x66, 0x66, 0x8f, 0xfa, 0x66, 0x66, 0x40,
    0x0, 0x1, 0xff, 0x66, 0xff, 0xff, 0xff, 0xff,
    0xff, 0xff, 0xff, 0xb0, 0x0, 0x1, 0xff, 0x66,
    0xff, 0xff, 0xff, 0xff, 0xff, 0xff, 0xff, 0xb0,
    0x0, 0x1, 0xff, 0x60, 0x11, 0x11, 0x11, 0x5f,
    0xf6, 0x11, 0x11, 0x0, 0x0, 0x1, 0xff, 0x60,
    0x0, 0x0, 0x0, 0x4f, 0xf6, 0x0, 0x0, 0x0,
    0x0, 0x1a, 0xff, 0xa0, 0x0, 0x0, 0x0, 0x4f,
    0xf6, 0x0, 0x0, 0x0, 0x3, 0xef, 0xff, 0xfd,
    0x50, 0x0, 0x0, 0x3b, 0xb4, 0x0, 0x0, 0x11,
    0x2e, 0xff, 0x97, 0xff, 0xfe, 0xb9, 0x87, 0x77,
    0x78, 0x9a, 0xbe, 0xf4, 0x2f, 0xfb, 0x0, 0x2c,
    0xff, 0xff, 0xff, 0xff, 0xff, 0xff, 0xff, 0xf0,
    0x5, 0xf1, 0x0, 0x0, 0x4a, 0xdf, 0xff, 0xff,
    0xff, 0xff, 0xfe, 0xb0, 0x0, 0x20, 0x0, 0x0,
    0x0, 0x0, 0x11, 0x21, 0x11, 0x0, 0x0, 0x0,

    /* U+9000 "退" */
    0x0, 0x1, 0x0, 0x0, 0x2, 0x34, 0x33, 0x33,
    0x33, 0x33, 0x10, 0x0, 0x1, 0xaf, 0x60, 0x0,
    0xb, 0xff, 0xff, 0xff, 0xff, 0xff, 0x90, 0x0,
    0x2, 0xdf, 0xf8, 0x0, 0xb, 0xff, 0xee, 0xee,
    0xee, 0xff, 0x90, 0x0, 0x0, 0x1d, 0xff, 0x80,
    0xb, 0xfe, 0x0, 0x0, 0x0, 0xef, 0x90, 0x0,
    0x0, 0x1, 0xdf, 0xa0, 0xb, 0xff, 0xdd, 0xdd,
    0xdd, 0xff, 0x90, 0x0, 0x0, 0x0, 0x25, 0x0,
    0xb, 0xff, 0xff, 0xff, 0xff, 0xff, 0x90, 0x0,
    0x0, 0x0, 0x0, 0x0, 0xb, 0xfe, 0x0, 0x0,
    0x0, 0xef, 0x90, 0x0, 0x0, 0x0, 0x0, 0x0,
    0xb, 0xff, 0x44, 0x44, 0x44, 0xef, 0x90, 0x0,
    0xe, 0xff, 0xff, 0x70, 0xb, 0xff, 0xff, 0xff,
    0xff, 0xff, 0x90, 0x0, 0xe, 0xff, 0xff, 0x70,
    0xb, 0xff, 0xcc, 0xcc, 0xcc, 0xcc, 0xb0, 0x0,
    0x6, 0x77, 0xff, 0x70, 0xb, 0xfe, 0x0, 0x79,
    0x0, 0xa, 0xfb, 0x10, 0x0, 0x0, 0xff, 0x70,
    0xb, 0xfe, 0x4, 0xff, 0xc4, 0xdf, 0xfb, 0x10,
    0x0, 0x0, 0xff, 0x70, 0xb, 0xfe, 0x0, 0x5f,
    0xff, 0xfe, 0x60, 0x0, 0x0, 0x0, 0xff, 0x70,
    0xb, 0xfe, 0x0, 0x3, 0xef, 0xf5, 0x0, 0x0,
    0x0, 0x0, 0xff, 0x70, 0xc, 0xff, 0x59, 0xc7,
    0x2d, 0xff, 0x50, 0x0, 0x0, 0x0, 0xff, 0x70,
    0x4f, 0xff, 0xff, 0xf8, 0x1, 0xdf, 0xf5, 0x0,
    0x0, 0x0, 0xff, 0x70, 0x7f, 0xff, 0xfb, 0x72,
    0x0, 0x1e, 0xfb, 0x0, 0x0, 0x6, 0xff, 0xc3,
    0xd, 0x83, 0x0, 0x0, 0x0, 0x3, 0x90, 0x0,
    0x2, 0xdf, 0xff, 0xff, 0xb6, 0x20, 0x0, 0x0,
    0x0, 0x0, 0x11, 0x20, 0x1f, 0xff, 0x93, 0x8f,
    0xff, 0xff, 0xfe, 0xee, 0xff, 0xff, 0xff, 0xe0,
    0x9, 0xf7, 0x0, 0x1, 0x8d, 0xff, 0xff, 0xff,
    0xff, 0xff, 0xff, 0x80, 0x0, 0x60, 0x0, 0x0,
    0x0, 0x13, 0x45, 0x65, 0x55, 0x44, 0x32, 0x0,

    /* U+9009 "选" */
    0x0, 0x0, 0x0, 0x0, 0x0, 0x0, 0x0, 0x23,
    0x30, 0x0, 0x0, 0x0, 0x0, 0x34, 0x0, 0x0,
    0x0, 0x55, 0x10, 0xaf, 0xe0, 0x0, 0x0, 0x0,
    0x6, 0xff, 0x60, 0x0, 0x0, 0xef, 0xa0, 0xaf,
    0xe0, 0x0, 0x0, 0x0, 0x3, 0xef, 0xf7, 0x0,
    0x5, 0xff, 0x83, 0xbf, 0xf3, 0x33, 0x33, 0x0,
    0x0, 0x2e, 0xff, 0x60, 0xc, 0xff, 0xff, 0xff,
    0xff, 0xff, 0xff, 0x0, 0x0, 0x3, 0xff, 0x80,
    0x6f, 0xff, 0xff, 0xff, 0xff, 0xff, 0xff, 0x0,
    0x0, 0x0, 0x65, 0x2, 0xff, 0xd0, 0x0, 0xaf,
    0xe0, 0x0, 0x0, 0x0, 0x0, 0x0, 0x0, 0x0,
    0x9f, 0x40, 0x0, 0xaf, 0xe0, 0x0, 0x0, 0x0,
    0x0, 0x0, 0x0, 0x0, 0x2, 0x0, 0x0, 0xaf,
    0xe0, 0x0, 0x0, 0x0, 0x1, 0x11, 0x11, 0x4,
    0xff, 0xff, 0xff, 0xff, 0xff, 0xff, 0xff, 0xf0,
    0xd, 0xff, 0xff, 0x64, 0xff, 0xff, 0xff, 0xff,
    0xff, 0xff, 0xff, 0xf0, 0xd, 0xff, 0xff, 0x60,
    0x33, 0x36, 0xff, 0x73, 0xdf, 0xc3, 0x33, 0x20,
    0x4, 0x56, 0xff, 0x60, 0x0, 0x7, 0xff, 0x20,
    0xcf, 0xb0, 0x0, 0x0, 0x0, 0x1, 0xff, 0x60,
    0x0, 0xc, 0xfe, 0x0, 0xcf, 0xb0, 0x0, 0x0,
    0x0, 0x1, 0xff, 0x60, 0x0, 0x5f, 0xf8, 0x0,
    0xcf, 0xb0, 0xb, 0x60, 0x0, 0x1, 0xff, 0x60,
    0x5, 0xff, 0xf1, 0x0, 0xcf, 0xb0, 0xf, 0xf3,
    0x0, 0x1, 0xff, 0x63, 0xaf, 0xff, 0x60, 0x0,
    0xcf, 0xe8, 0x9f, 0xf1, 0x0, 0x1, 0xff, 0x65,
    0xff, 0xf6, 0x0, 0x0, 0x9f, 0xff, 0xff, 0xc0,
    0x0, 0x2, 0xff, 0xe4, 0x9b, 0x20, 0x0, 0x0,
    0x1a, 0xdd, 0xdb, 0x30, 0x0, 0x5e, 0xff, 0xff,
    0x91, 0x0, 0x0, 0x0, 0x0, 0x0, 0x0, 0x0,
    0x8, 0xff, 0xf9, 0x8f, 0xff, 0xb7, 0x65, 0x44,
    0x55, 0x67, 0x8a, 0xb1, 0xc, 0xff, 0x50, 0x3,
    0xdf, 0xff, 0xff, 0xff, 0xff, 0xff, 0xff, 0xd0,
    0x2, 0xf6, 0x0, 0x0, 0x5, 0xae, 0xff, 0xff,
    0xff, 0xff, 0xfe, 0x80, 0x0, 0x20, 0x0, 0x0,
    0x0, 0x0, 0x1, 0x11, 0x10, 0x0, 0x0, 0x0,

    /* U+901F "速" */
    0x0, 0x0, 0x0, 0x0, 0x0, 0x0, 0x1, 0x44,
    0x10, 0x0, 0x0, 0x0, 0x0, 0x13, 0x0, 0x0,
    0x0, 0x0, 0x4, 0xff, 0x30, 0x0, 0x0, 0x0,
    0x4, 0xef, 0x40, 0x0, 0x22, 0x22, 0x25, 0xff,
    0x52, 0x22, 0x22, 0x10, 0x4, 0xff, 0xf4, 0x5,
    0xff, 0xff, 0xff, 0xff, 0xff, 0xff, 0xff, 0xb0,
    0x0, 0x4f, 0xff, 0x35, 0xff, 0xff, 0xff, 0xff,
    0xff, 0xff, 0xff, 0xb0, 0x0, 0x6, 0xff, 0xb0,
    0x0, 0x0, 0x4, 0xff, 0x40, 0x0, 0x0, 0x0,
    0x0, 0x0, 0x9b, 0x10, 0x14, 0x44, 0x47, 0xff,
    0x64, 0x44, 0x43, 0x0, 0x0, 0x0, 0x0, 0x0,
    0x6f, 0xff, 0xff, 0xff, 0xff, 0xff, 0xfe, 0x0,
    0x0, 0x0, 0x0, 0x0, 0x6f, 0xfb, 0xbc, 0xff,
    0xcb, 0xbe, 0xfe, 0x0, 0x8, 0x88, 0x88, 0x40,
    0x6f, 0xe0, 0x4, 0xff, 0x30, 0x9, 0xfe, 0x0,
    0x1f, 0xff, 0xff, 0x80, 0x6f, 0xe0, 0x4, 0xff,
    0x40, 0x9, 0xfe, 0x0, 0xb, 0xbb, 0xff, 0x80,
    0x6f, 0xff, 0xff, 0xff, 0xff, 0xff, 0xfe, 0x0,
    0x0, 0x0, 0xef, 0x80, 0x6e, 0xee, 0xff, 0xff,
    0xfe, 0xee, 0xed, 0x0, 0x0, 0x0, 0xef, 0x80,
    0x0, 0x0, 0xdf, 0xff, 0xfc, 0x30, 0x0, 0x0,
    0x0, 0x0, 0xef, 0x80, 0x0, 0x1c, 0xff, 0xff,
    0xff, 0xf8, 0x0, 0x0, 0x0, 0x0, 0xef, 0x80,
    0x4, 0xef, 0xf7, 0xff, 0x5b, 0xff, 0xc2, 0x0,
    0x0, 0x0, 0xef, 0x82, 0xaf, 0xff, 0x44, 0xff,
    0x30, 0x6f, 0xfe, 0x30, 0x0, 0x0, 0xef, 0x85,
    0xff, 0xe3, 0x4, 0xff, 0x30, 0x3, 0xee, 0x10,
    0x0, 0x6, 0xff, 0xd2, 0x6a, 0x10, 0x4, 0xff,
    0x30, 0x0, 0x22, 0x0, 0x2, 0xcf, 0xff, 0xff,
    0xa5, 0x10, 0x2, 0x88, 0x10, 0x0, 0x0, 0x10,
    0x1e, 0xff, 0xa4, 0x9f, 0xff, 0xff, 0xdd, 0xcc,
    0xdd, 0xef, 0xff, 0xf0, 0xb, 0xf8, 0x0, 0x2,
    0x9e, 0xff, 0xff, 0xff, 0xff, 0xff, 0xff, 0xa0,
    0x1, 0x70, 0x0, 0x0, 0x0, 0x24, 0x67, 0x77,
    0x76, 0x65, 0x54, 0x20,

    /* U+914D "配" */
    0x67, 0x77, 0x77, 0x77, 0x77, 0x70, 0x23, 0x33,
    0x33, 0x33, 0x32, 0xe, 0xff, 0xff, 0xff, 0xff,
    0xff, 0xb, 0xff, 0xff, 0xff, 0xff, 0x90, 0xbd,
    0xde, 0xfe, 0xff, 0xed, 0xd0, 0xbf, 0xff, 0xff,
    0xff, 0xf9, 0x0, 0x0, 0x6f, 0x3b, 0xf3, 0x0,
    0x2, 0x44, 0x44, 0x44, 0xff, 0x90, 0x0, 0x6,
    0xf3, 0xbf, 0x30, 0x0, 0x0, 0x0, 0x0, 0xe,
    0xf9, 0x2, 0xff, 0xff, 0xff, 0xff, 0xff, 0x0,
    0x0, 0x0, 0x0, 0xef, 0x90, 0x2f, 0xff, 0xff,
    0xff, 0xff, 0xf0, 0x0, 0x0, 0x0, 0xe, 0xf9,
    0x2, 0xfd, 0x2f, 0x4f, 0x73, 0xff, 0x0, 0x0,
    0x0, 0x0, 0xef, 0x90, 0x2f, 0xd0, 0xf2, 0xe5,
    0x1f, 0xf0, 0x8e, 0xfe, 0xee, 0xef, 0xf9, 0x2,
    0xfd, 0xf, 0x2e, 0x51, 0xff, 0xa, 0xff, 0xff,
    0xff, 0xff, 0x90, 0x2f, 0xd2, 0xf0, 0xe5, 0x1f,
    0xf0, 0xaf, 0xf9, 0x99, 0x9f, 0xf9, 0x2, 0xfd,
    0x7d, 0xe, 0xa7, 0xff, 0xa, 0xfe, 0x0, 0x0,
    0xef, 0x90, 0x2f, 0xde, 0x70, 0x8e, 0xef, 0xf0,
    0xaf, 0xe0, 0x0, 0x1, 0x21, 0x2, 0xfd, 0x50,
    0x0, 0x1, 0xff, 0xa, 0xfe, 0x0, 0x0, 0x0,
    0x0, 0x2f, 0xd1, 0x11, 0x11, 0x2f, 0xf0, 0xaf,
    0xe0, 0x0, 0x0, 0x0, 0x2, 0xff, 0xff, 0xff,
    0xff, 0xff, 0xa, 0xfe, 0x0, 0x0, 0x0, 0x0,
    0x2f, 0xfb, 0xbb, 0xbb, 0xbf, 0xf0, 0xaf, 0xe0,
    0x0, 0x0, 0xd8, 0x22, 0xfd, 0x0, 0x0, 0x1,
    0xff, 0xa, 0xfe, 0x0, 0x0, 0xf, 0xf6, 0x2f,
    0xfd, 0xdd, 0xdd, 0xdf, 0xf0, 0x9f, 0xe0, 0x0,
    0x1, 0xff, 0x42, 0xff, 0xff, 0xff, 0xff, 0xff,
    0x9, 0xff, 0x76, 0x66, 0xaf, 0xf2, 0x2f, 0xd3,
    0x33, 0x33, 0x4f, 0xf0, 0x5f, 0xff, 0xff, 0xff,
    0xfc, 0x2, 0xfd, 0x0, 0x0, 0x1, 0xdd, 0x0,
    0x8e, 0xff, 0xff, 0xfc, 0x20, 0x2, 0x20, 0x0,
    0x0, 0x0, 0x0, 0x0, 0x0, 0x0, 0x0, 0x0,
    0x0,

    /* U+9192 "醒" */
    0x3, 0x33, 0x33, 0x33, 0x33, 0x30, 0x33, 0x33,
    0x33, 0x33, 0x33, 0x0, 0x1f, 0xff, 0xff, 0xff,
    0xff, 0xf1, 0xef, 0xff, 0xff, 0xff, 0xff, 0x0,
    0x1f, 0xff, 0xff, 0xff, 0xff, 0xf1, 0xef, 0xdc,
    0xcc, 0xcd, 0xff, 0x0, 0x0, 0x4, 0xf6, 0x6f,
    0x60, 0x0, 0xef, 0x50, 0x0, 0x5, 0xff, 0x0,
    0x0, 0x4, 0xf6, 0x6f, 0x60, 0x0, 0xef, 0xff,
    0xff, 0xff, 0xff, 0x0, 0xa, 0xdd, 0xfe, 0xef,
    0xed, 0xc0, 0xef, 0xed, 0xdd, 0xde, 0xff, 0x0,
    0xc, 0xff, 0xff, 0xff, 0xff, 0xf0, 0xef, 0x50,
    0x0, 0x5, 0xff, 0x0, 0xc, 0xf7, 0xfa, 0xaf,
    0x6f, 0xf0, 0xef, 0xff, 0xff, 0xff, 0xff, 0x0,
    0xc, 0xf2, 0xe7, 0x7e, 0x1f, 0xf0, 0xef, 0xff,
    0xff, 0xff, 0xff, 0x0, 0xc, 0xf2, 0xf7, 0x7e,
    0x1f, 0xf0, 0x16, 0x30, 0x22, 0x10, 0x0, 0x0,
    0xc, 0xf3, 0xf5, 0x7e, 0x1f, 0xf0, 0x6f, 0xc0,
    0xff, 0x50, 0x0, 0x0, 0xc, 0xf7, 0xf2, 0x6f,
    0x5f, 0xf0, 0xbf, 0xa4, 0xff, 0x84, 0x44, 0x10,
    0xc, 0xfe, 0xc0, 0x4f, 0xff, 0xf2, 0xff, 0xff,
    0xff, 0xff, 0xff, 0x50, 0xc, 0xf8, 0x20, 0x1,
    0x4f, 0xfb, 0xfd, 0xbb, 0xff, 0xdb, 0xbb, 0x40,
    0xc, 0xf4, 0x11, 0x11, 0x2f, 0xff, 0xe1, 0x0,
    0xff, 0x50, 0x0, 0x0, 0xc, 0xff, 0xff, 0xff,
    0xff, 0xf2, 0x77, 0x77, 0xff, 0xa7, 0x76, 0x0,
    0xc, 0xfe, 0xee, 0xee, 0xef, 0xf0, 0x8f, 0xff,
    0xff, 0xff, 0xfe, 0x0, 0xc, 0xf2, 0x0, 0x0,
    0x1f, 0xf0, 0x35, 0x55, 0xff, 0x95, 0x55, 0x0,
    0xc, 0xfd, 0xcc, 0xcc, 0xdf, 0xf0, 0x0, 0x0,
    0xff, 0x50, 0x0, 0x0, 0xc, 0xff, 0xff, 0xff,
    0xff, 0xf5, 0xcc, 0xcc, 0xff, 0xdc, 0xcc, 0xc0,
    0xc, 0xf5, 0x33, 0x33, 0x4f, 0xf7, 0xff, 0xff,
    0xff, 0xff, 0xff, 0xf0, 0xc, 0xf2, 0x0, 0x0,
    0x1f, 0xf7, 0xee, 0xee, 0xee, 0xee, 0xee, 0xe0,

    /* U+91CC "里" */
    0x0, 0x36, 0x66, 0x66, 0x66, 0x66, 0x66, 0x66,
    0x66, 0x65, 0x0, 0x0, 0x7f, 0xff, 0xff, 0xff,
    0xff, 0xff, 0xff, 0xff, 0xfc, 0x0, 0x0, 0x7f,
    0xfe, 0xee, 0xee, 0xff, 0xee, 0xee, 0xef, 0xfc,
    0x0, 0x0, 0x7f, 0xf1, 0x0, 0x1, 0xff, 0x50,
    0x0, 0xe, 0xfc, 0x0, 0x0, 0x7f, 0xf1, 0x0,
    0x1, 0xff, 0x50, 0x0, 0xe, 0xfc, 0x0, 0x0,
    0x7f, 0xff, 0xff, 0xff, 0xff, 0xff, 0xff, 0xff,
    0xfc, 0x0, 0x0, 0x7f, 0xff, 0xff, 0xff, 0xff,
    0xff, 0xff, 0xff, 0xfc, 0x0, 0x0, 0x7f, 0xf3,
    0x22, 0x24, 0xff, 0x72, 0x22, 0x2e, 0xfc, 0x0,
    0x0, 0x7f, 0xf1, 0x0, 0x1, 0xff, 0x50, 0x0,
    0xe, 0xfc, 0x0, 0x0, 0x7f, 0xf8, 0x88, 0x88,
    0xff, 0xb8, 0x88, 0x8f, 0xfc, 0x0, 0x0, 0x7f,
    0xff, 0xff, 0xff, 0xff, 0xff, 0xff, 0xff, 0xfc,
    0x0, 0x0, 0x5c, 0xcc, 0xcc, 0xcd, 0xff, 0xec,
    0xcc, 0xcc, 0xc9, 0x0, 0x0, 0x0, 0x0, 0x0,
    0x4, 0xff, 0x80, 0x0, 0x0, 0x0, 0x0, 0x0,
    0x0, 0x0, 0x0, 0x4, 0xff, 0x80, 0x0, 0x0,
    0x0, 0x0, 0x2, 0xff, 0xff, 0xff, 0xff, 0xff,
    0xff, 0xff, 0xff, 0xff, 0x80, 0x2, 0xff, 0xff,
    0xff, 0xff, 0xff, 0xff, 0xff, 0xff, 0xff, 0x90,
    0x1, 0x66, 0x66, 0x66, 0x69, 0xff, 0xb6, 0x66,
    0x66, 0x66, 0x30, 0x0, 0x0, 0x0, 0x0, 0x4,
    0xff, 0x80, 0x0, 0x0, 0x0, 0x0, 0x0, 0x0,
    0x0, 0x0, 0x4, 0xff, 0x80, 0x0, 0x0, 0x0,
    0x0, 0xcf, 0xff, 0xff, 0xff, 0xff, 0xff, 0xff,
    0xff, 0xff, 0xff, 0xfd, 0xcf, 0xff, 0xff, 0xff,
    0xff, 0xff, 0xff, 0xff, 0xff, 0xff, 0xfd, 0x56,
    0x66, 0x66, 0x66, 0x66, 0x66, 0x66, 0x66, 0x66,
    0x66, 0x65,

    /* U+949F "钟" */
    0x0, 0x0, 0x20, 0x0, 0x0, 0x0, 0x0, 0x2,
    0x44, 0x0, 0x0, 0x0, 0x0, 0x3f, 0xe2, 0x0,
    0x0, 0x0, 0x0, 0x9f, 0xe0, 0x0, 0x0, 0x0,
    0xa, 0xfe, 0x0, 0x0, 0x0, 0x0, 0x9, 0xfe,
    0x0, 0x0, 0x0, 0x3, 0xff, 0xff, 0xff, 0xf0,
    0x0, 0x0, 0x9f, 0xe0, 0x0, 0x0, 0x0, 0xdf,
    0xff, 0xff, 0xff, 0x0, 0x0, 0x9, 0xfe, 0x0,
    0x0, 0x0, 0xaf, 0xf9, 0x66, 0x66, 0x63, 0x99,
    0x99, 0xdf, 0xf9, 0x99, 0x95, 0x3f, 0xfc, 0x0,
    0x0, 0x0, 0x6f, 0xff, 0xff, 0xff, 0xff, 0xff,
    0x90, 0xbf, 0x75, 0x55, 0x55, 0x36, 0xff, 0xff,
    0xff, 0xff, 0xff, 0xf9, 0x4, 0x8f, 0xff, 0xff,
    0xf9, 0x6f, 0xf2, 0x2a, 0xff, 0x22, 0xef, 0x90,
    0x4, 0xff, 0xff, 0xff, 0x86, 0xff, 0x0, 0x9f,
    0xe0, 0xe, 0xf9, 0x0, 0x0, 0x7f, 0xf0, 0x0,
    0x6f, 0xf0, 0x9, 0xfe, 0x0, 0xef, 0x90, 0x0,
    0x7, 0xff, 0x0, 0x6, 0xff, 0x0, 0x9f, 0xe0,
    0xe, 0xf9, 0x5, 0x88, 0xcf, 0xf8, 0x88, 0x6f,
    0xf2, 0x2a, 0xff, 0x22, 0xef, 0x90, 0xbf, 0xff,
    0xff, 0xff, 0xf6, 0xff, 0xff, 0xff, 0xff, 0xff,
    0xf9, 0x8, 0xcc, 0xef, 0xfc, 0xcc, 0x6f, 0xff,
    0xff, 0xff, 0xff, 0xff, 0x90, 0x0, 0x7, 0xff,
    0x0, 0x6, 0xff, 0x55, 0xbf, 0xf5, 0x5f, 0xf9,
    0x0, 0x0, 0x7f, 0xf0, 0x0, 0x5d, 0xc0, 0x9,
    0xfe, 0x0, 0x9a, 0x50, 0x0, 0x7, 0xff, 0x0,
    0x40, 0x0, 0x0, 0x9f, 0xe0, 0x0, 0x0, 0x0,
    0x0, 0x7f, 0xf5, 0xcf, 0x10, 0x0, 0x9, 0xfe,
    0x0, 0x0, 0x0, 0x0, 0xa, 0xff, 0xff, 0xf3,
    0x0, 0x0, 0x9f, 0xe0, 0x0, 0x0, 0x0, 0x4,
    0xff, 0xff, 0xa2, 0x0, 0x0, 0x9, 0xfe, 0x0,
    0x0, 0x0, 0x0, 0x7f, 0xfa, 0x20, 0x0, 0x0,
    0x0, 0x9f, 0xe0, 0x0, 0x0, 0x0, 0x0, 0x93,
    0x0, 0x0, 0x0, 0x0, 0x9, 0xfe, 0x0, 0x0,
    0x0,

    /* U+957F "长" */
    0x0, 0x0, 0x1, 0x10, 0x0, 0x0, 0x0, 0x0,
    0x0, 0x0, 0x0, 0x0, 0x0, 0xa, 0xff, 0x10,
    0x0, 0x0, 0x0, 0x4, 0x81, 0x0, 0x0, 0x0,
    0x0, 0xaf, 0xf1, 0x0, 0x0, 0x0, 0x4, 0xff,
    0xf4, 0x0, 0x0, 0x0, 0xa, 0xff, 0x10, 0x0,
    0x0, 0x8, 0xff, 0xf8, 0x0, 0x0, 0x0, 0x0,
    0xaf, 0xf1, 0x0, 0x0, 0x3d, 0xff, 0xf7, 0x0,
    0x0, 0x0, 0x0, 0xa, 0xff, 0x10, 0x2, 0xaf,
    0xff, 0xe3, 0x0, 0x0, 0x0, 0x0, 0x0, 0xaf,
    0xf1, 0x3b, 0xff, 0xff, 0xa1, 0x0, 0x0, 0x0,
    0x0, 0x0, 0xa, 0xff, 0x11, 0xdf, 0xfd, 0x40,
    0x0, 0x0, 0x0, 0x0, 0x0, 0x0, 0xaf, 0xf1,
    0x1, 0xb6, 0x0, 0x0, 0x0, 0x0, 0x0, 0x0,
    0x0, 0xa, 0xff, 0x20, 0x0, 0x0, 0x0, 0x0,
    0x0, 0x0, 0x0, 0xef, 0xff, 0xff, 0xff, 0xff,
    0xff, 0xff, 0xff, 0xff, 0xff, 0xf9, 0xe, 0xff,
    0xff, 0xff, 0xff, 0xff, 0xff, 0xff, 0xff, 0xff,
    0xff, 0x90, 0x78, 0x88, 0xdf, 0xf9, 0x88, 0xdf,
    0xf9, 0x88, 0x88, 0x88, 0x85, 0x0, 0x0, 0xa,
    0xff, 0x10, 0x4, 0xff, 0x70, 0x0, 0x0, 0x0,
    0x0, 0x0, 0x0, 0xaf, 0xf1, 0x0, 0xd, 0xff,
    0x20, 0x0, 0x0, 0x0, 0x0, 0x0, 0xa, 0xff,
    0x10, 0x0, 0x4f, 0xfd, 0x0, 0x0, 0x0, 0x0,
    0x0, 0x0, 0xaf, 0xf1, 0x0, 0x0, 0xaf, 0xfb,
    0x0, 0x0, 0x0, 0x0, 0x0, 0xa, 0xff, 0x10,
    0x0, 0x0, 0xdf, 0xfd, 0x20, 0x0, 0x0, 0x0,
    0x0, 0xaf, 0xf1, 0x3, 0x7b, 0x52, 0xef, 0xff,
    0x70, 0x0, 0x0, 0x0, 0xb, 0xff, 0xdf, 0xff,
    0xf7, 0x2, 0xdf, 0xff, 0xe8, 0x30, 0x0, 0x5,
    0xff, 0xff, 0xff, 0xfe, 0x60, 0x0, 0x9f, 0xff,
    0xfb, 0x0, 0x0, 0x5f, 0xff, 0xea, 0x62, 0x0,
    0x0, 0x0, 0x3b, 0xfe, 0x10, 0x0, 0x0, 0xc7,
    0x20, 0x0, 0x0, 0x0, 0x0, 0x0, 0x2, 0x30,
    0x0, 0x0, 0x0, 0x0, 0x0, 0x0, 0x0, 0x0,
    0x0, 0x0, 0x0, 0x0,

    /* U+95F4 "间" */
    0x0, 0x0, 0x0, 0x0, 0x0, 0x0, 0x0, 0x0,
    0x0, 0x0, 0x0, 0x1, 0xac, 0x0, 0x0, 0x11,
    0x11, 0x11, 0x11, 0x11, 0x12, 0x10, 0x5, 0xff,
    0xb0, 0xb, 0xff, 0xff, 0xff, 0xff, 0xff, 0xff,
    0xf6, 0x0, 0x7f, 0xf7, 0xb, 0xff, 0xff, 0xff,
    0xff, 0xff, 0xff, 0xf6, 0x0, 0xb, 0xfc, 0x3,
    0x55, 0x55, 0x55, 0x55, 0x55, 0x7f, 0xf6, 0x0,
    0x1, 0x70, 0x0, 0x0, 0x0, 0x0, 0x0, 0x0,
    0x3f, 0xf6, 0xb, 0xb6, 0x0, 0x0, 0x0, 0x0,
    0x0, 0x0, 0x0, 0x3f, 0xf6, 0x1f, 0xf9, 0x0,
    0x45, 0x55, 0x55, 0x55, 0x54, 0x0, 0x3f, 0xf6,
    0x1f, 0xf9, 0x0, 0xef, 0xff, 0xff, 0xff, 0xff,
    0x0, 0x3f, 0xf6, 0x1f, 0xf9, 0x0, 0xef, 0xdc,
    0xcc, 0xcd, 0xff, 0x0, 0x3f, 0xf6, 0x1f, 0xf9,
    0x0, 0xef, 0x60, 0x0, 0x7, 0xff, 0x0, 0x3f,
    0xf6, 0x1f, 0xf9, 0x0, 0xef, 0x60, 0x0, 0x7,
    0xff, 0x0, 0x3f, 0xf6, 0x1f, 0xf9, 0x0, 0xef,
    0xff, 0xff, 0xff, 0xff, 0x0, 0x3f, 0xf6, 0x1f,
    0xf9, 0x0, 0xef, 0xff, 0xff, 0xff, 0xff, 0x0,
    0x3f, 0xf6, 0x1f, 0xf9, 0x0, 0xef, 0x71, 0x11,
    0x18, 0xff, 0x0, 0x3f, 0xf6, 0x1f, 0xf9, 0x0,
    0xef, 0x60, 0x0, 0x7, 0xff, 0x0, 0x3f, 0xf6,
    0x1f, 0xf9, 0x0, 0xef, 0x72, 0x22, 0x28, 0xff,
    0x0, 0x3f, 0xf6, 0x1f, 0xf9, 0x0, 0xef, 0xff,
    0xff, 0xff, 0xff, 0x0, 0x3f, 0xf6, 0x1f, 0xf9,
    0x0, 0xef, 0xff, 0xff, 0xff, 0xfe, 0x0, 0x3f,
    0xf6, 0x1f, 0xf9, 0x0, 0x0, 0x0, 0x0, 0x0,
    0x0, 0x0, 0x3f, 0xf6, 0x1f, 0xf9, 0x0, 0x0,
    0x0, 0x0, 0x0, 0x0, 0x34, 0x7f, 0xf6, 0x1f,
    0xf9, 0x0, 0x0, 0x0, 0x0, 0x0, 0x0, 0x5f,
    0xff, 0xf4, 0x1f, 0xf9, 0x0, 0x0, 0x0, 0x0,
    0x0, 0x0, 0xf, 0xfd, 0x80,

    /* U+968F "随" */
    0x0, 0x0, 0x0, 0x0, 0x0, 0x0, 0x0, 0x6,
    0x30, 0x0, 0x0, 0x1, 0x66, 0x66, 0x73, 0x0,
    0x0, 0x0, 0x3, 0xff, 0x20, 0x0, 0x0, 0x4f,
    0xff, 0xff, 0xf5, 0x30, 0x0, 0x0, 0x8f, 0xd0,
    0x0, 0x0, 0x4, 0xff, 0xee, 0xff, 0xef, 0x50,
    0xef, 0xff, 0xff, 0xff, 0xff, 0xf2, 0x4f, 0xf0,
    0x3f, 0xf7, 0xfe, 0x1e, 0xff, 0xff, 0xff, 0xff,
    0xff, 0x24, 0xff, 0x7, 0xfb, 0xd, 0xf9, 0x33,
    0xcf, 0xc3, 0x33, 0x33, 0x30, 0x4f, 0xf0, 0xbf,
    0x60, 0x4f, 0xb0, 0x3f, 0xf5, 0x0, 0x0, 0x0,
    0x4, 0xff, 0xf, 0xf2, 0x0, 0x40, 0xd, 0xff,
    0xff, 0xff, 0xff, 0x40, 0x4f, 0xf3, 0xfd, 0x0,
    0x0, 0xa, 0xff, 0xfe, 0xee, 0xef, 0xf4, 0x4,
    0xff, 0x5f, 0xc0, 0x55, 0x59, 0xff, 0xff, 0x20,
    0x0, 0xff, 0x40, 0x4f, 0xf0, 0xdf, 0x5f, 0xff,
    0xfa, 0x8f, 0xfc, 0xbb, 0xbf, 0xf4, 0x4, 0xff,
    0x6, 0xfb, 0xcd, 0xff, 0x0, 0xff, 0xff, 0xff,
    0xff, 0x40, 0x4f, 0xf0, 0x2f, 0xf0, 0x3f, 0xf0,
    0xf, 0xf3, 0x0, 0xf, 0xf4, 0x4, 0xff, 0x0,
    0xff, 0x23, 0xff, 0x0, 0xff, 0x76, 0x66, 0xff,
    0x40, 0x4f, 0xf0, 0xf, 0xf3, 0x3f, 0xf0, 0xf,
    0xff, 0xff, 0xff, 0xf4, 0x4, 0xff, 0x2, 0xff,
    0x23, 0xff, 0x0, 0xff, 0x97, 0x77, 0xff, 0x40,
    0x4f, 0xf9, 0xff, 0xf0, 0x3f, 0xf0, 0xf, 0xf2,
    0x0, 0xf, 0xf4, 0x4, 0xff, 0x6f, 0xf5, 0x3,
    0xff, 0x0, 0xff, 0x20, 0x6a, 0xff, 0x40, 0x4f,
    0xf0, 0x20, 0x1, 0xbf, 0xf4, 0xf, 0xf2, 0x5,
    0xff, 0xb0, 0x4, 0xff, 0x0, 0x3, 0xef, 0xef,
    0xfb, 0x62, 0x0, 0x2, 0x10, 0x11, 0x4f, 0xf0,
    0x0, 0xdf, 0xd0, 0x2d, 0xff, 0xfe, 0xdd, 0xef,
    0xff, 0x34, 0xff, 0x0, 0x6, 0xf3, 0x0, 0x7,
    0xef, 0xff, 0xff, 0xff, 0xf0, 0x4f, 0xf0, 0x0,
    0x6, 0x0, 0x0, 0x0, 0x24, 0x55, 0x54, 0x43,
    0x0,

    /* U+9700 "需" */
    0x0, 0x57, 0x77, 0x77, 0x77, 0x77, 0x77, 0x77,
    0x77, 0x76, 0x0, 0x0, 0xbf, 0xff, 0xff, 0xff,
    0xff, 0xff, 0xff, 0xff, 0xfd, 0x0, 0x0, 0x35,
    0x55, 0x55, 0x57, 0xff, 0x85, 0x55, 0x55, 0x54,
    0x0, 0x2b, 0xbb, 0xbb, 0xbb, 0xbc, 0xff, 0xcb,
    0xbb, 0xbb, 0xbb, 0xb7, 0x4f, 0xff, 0xff, 0xff,
    0xff, 0xff, 0xff, 0xff, 0xff, 0xff, 0xfa, 0x4f,
    0xf1, 0x11, 0x11, 0x3, 0xff, 0x40, 0x11, 0x11,
    0xe, 0xfa, 0x4f, 0xf1, 0xff, 0xff, 0xd3, 0xff,
    0x4c, 0xff, 0xff, 0x3e, 0xfa, 0x4f, 0xf1, 0x88,
    0x88, 0x73, 0xff, 0x47, 0x88, 0x88, 0x1e, 0xfa,
    0x0, 0x4, 0x88, 0x88, 0x73, 0xff, 0x46, 0x88,
    0x88, 0x60, 0x0, 0x0, 0x9, 0xff, 0xff, 0xe3,
    0xff, 0x4c, 0xff, 0xff, 0xc0, 0x0, 0x0, 0x0,
    0x0, 0x0, 0x1, 0x66, 0x10, 0x0, 0x0, 0x0,
    0x0, 0x4c, 0xcc, 0xcc, 0xcc, 0xcc, 0xcc, 0xcc,
    0xcc, 0xcc, 0xcc, 0xca, 0x6f, 0xff, 0xff, 0xff,
    0xff, 0xff, 0xff, 0xff, 0xff, 0xff, 0xfe, 0x14,
    0x44, 0x44, 0x44, 0x49, 0xff, 0x54, 0x44, 0x44,
    0x44, 0x43, 0x0, 0x46, 0x66, 0x66, 0x6c, 0xfe,
    0x66, 0x66, 0x66, 0x76, 0x20, 0x0, 0xaf, 0xff,
    0xff, 0xff, 0xff, 0xff, 0xff, 0xff, 0xff, 0x50,
    0x0, 0xaf, 0xea, 0xad, 0xff, 0xaa, 0xcf, 0xfa,
    0xab, 0xff, 0x50, 0x0, 0xaf, 0xd0, 0x7, 0xfd,
    0x0, 0x5f, 0xf0, 0x1, 0xff, 0x50, 0x0, 0xaf,
    0xd0, 0x7, 0xfd, 0x0, 0x5f, 0xf0, 0x1, 0xff,
    0x50, 0x0, 0xaf, 0xd0, 0x7, 0xfd, 0x0, 0x5f,
    0xf0, 0x1, 0xff, 0x50, 0x0, 0xaf, 0xd0, 0x7,
    0xfd, 0x0, 0x5f, 0xf0, 0xef, 0xff, 0x40, 0x0,
    0xaf, 0xd0, 0x7, 0xfd, 0x0, 0x5f, 0xf0, 0xaf,
    0xfb, 0x0, 0x0, 0x12, 0x10, 0x0, 0x0, 0x0,
    0x0, 0x0, 0x12, 0x0, 0x0,

    /* U+9759 "静" */
    0x0, 0x0, 0x5, 0x51, 0x0, 0x0, 0x0, 0x30,
    0x0, 0x0, 0x0, 0x0, 0x0, 0x0, 0x2f, 0xf4,
    0x0, 0x0, 0x1, 0xff, 0x40, 0x0, 0x0, 0x0,
    0x3, 0x44, 0x5f, 0xf7, 0x44, 0x41, 0x8, 0xfe,
    0x10, 0x10, 0x0, 0x0, 0xc, 0xff, 0xff, 0xff,
    0xff, 0xf6, 0x1f, 0xff, 0xff, 0xfb, 0x10, 0x0,
    0x7, 0x99, 0xaf, 0xfa, 0x99, 0x93, 0xaf, 0xfe,
    0xef, 0xff, 0x20, 0x0, 0x1, 0x66, 0x8f, 0xf9,
    0x66, 0x56, 0xff, 0x40, 0x2f, 0xf7, 0x0, 0x0,
    0x4, 0xff, 0xff, 0xff, 0xff, 0xff, 0xf8, 0x0,
    0xbf, 0xc0, 0x0, 0x0, 0x1, 0x44, 0x5f, 0xf7,
    0x44, 0x35, 0xff, 0xff, 0xff, 0xff, 0xfa, 0x0,
    0x2c, 0xcc, 0xdf, 0xfd, 0xcc, 0xc8, 0xdf, 0xff,
    0xff, 0xff, 0xfb, 0x0, 0x3f, 0xff, 0xff, 0xff,
    0xff, 0xfa, 0x0, 0x2f, 0xf4, 0x9, 0xfb, 0x0,
    0x0, 0x0, 0x0, 0x0, 0x0, 0x0, 0x0, 0x2f,
    0xf4, 0x9, 0xfb, 0x0, 0x1, 0xdd, 0xdd, 0xdd,
    0xed, 0x4d, 0xff, 0xff, 0xff, 0xff, 0xff, 0xf0,
    0x1, 0xff, 0xff, 0xff, 0xff, 0x5e, 0xff, 0xff,
    0xff, 0xff, 0xff, 0xf1, 0x1, 0xff, 0x20, 0x0,
    0xff, 0x52, 0x22, 0x4f, 0xf5, 0x2a, 0xfc, 0x20,
    0x1, 0xff, 0xba, 0xaa, 0xff, 0x50, 0x0, 0x2f,
    0xf4, 0x9, 0xfb, 0x0, 0x1, 0xff, 0xff, 0xff,
    0xff, 0x50, 0xbb, 0xbf, 0xfc, 0xbe, 0xfb, 0x0,
    0x1, 0xff, 0x30, 0x0, 0xff, 0x50, 0xff, 0xff,
    0xff, 0xff, 0xfb, 0x0, 0x1, 0xff, 0xba, 0xaa,
    0xff, 0x50, 0x77, 0x8f, 0xf9, 0x7c, 0xfb, 0x0,
    0x1, 0xff, 0xff, 0xff, 0xff, 0x50, 0x0, 0x2f,
    0xf4, 0x3, 0x64, 0x0, 0x1, 0xff, 0x30, 0x0,
    0xff, 0x50, 0x0, 0x2f, 0xf4, 0x0, 0x0, 0x0,
    0x1, 0xff, 0x20, 0x11, 0xff, 0x40, 0x55, 0x7f,
    0xf3, 0x0, 0x0, 0x0, 0x1, 0xff, 0x20, 0xef,
    0xff, 0x30, 0x8f, 0xff, 0xf1, 0x0, 0x0, 0x0,
    0x1, 0xff, 0x20, 0x9f, 0xd8, 0x0, 0x3f, 0xfc,
    0x50, 0x0, 0x0, 0x0,

    /* U+9A91 "骑" */
    0x0, 0x0, 0x0, 0x0, 0x0, 0x0, 0x0, 0x0,
    0x44, 0x0, 0x0, 0x0, 0x2, 0x44, 0x44, 0x44,
    0x41, 0x0, 0x0, 0x2, 0xff, 0x20, 0x0, 0x0,
    0x9, 0xff, 0xff, 0xff, 0xf4, 0x1, 0x22, 0x25,
    0xff, 0x32, 0x22, 0x10, 0x9, 0xff, 0xff, 0xff,
    0xf3, 0xe, 0xff, 0xff, 0xff, 0xff, 0xff, 0xa0,
    0x0, 0x0, 0x0, 0x2f, 0xf2, 0xe, 0xff, 0xff,
    0xff, 0xff, 0xff, 0x90, 0x0, 0x67, 0x20, 0x3f,
    0xf1, 0x0, 0x0, 0xe, 0xfb, 0x0, 0x0, 0x0,
    0x0, 0xef, 0x50, 0x4f, 0xf0, 0x0, 0x0, 0xaf,
    0xff, 0xe6, 0x0, 0x0, 0x0, 0xff, 0x40, 0x5f,
    0xf0, 0x0, 0x3c, 0xff, 0x9c, 0xff, 0xc3, 0x0,
    0x0, 0xff, 0x30, 0x6f, 0xd0, 0x2d, 0xff, 0xf7,
    0x0, 0x6f, 0xff, 0x50, 0x1, 0xff, 0x10, 0x8f,
    0xc0, 0xa, 0xf9, 0x20, 0x0, 0x1, 0xb9, 0x0,
    0x2, 0xff, 0x0, 0xaf, 0xa0, 0x6f, 0xff, 0xff,
    0xff, 0xff, 0xff, 0xf3, 0x3, 0xff, 0x44, 0xcf,
    0xb4, 0x7f, 0xff, 0xff, 0xff, 0xff, 0xff, 0xf3,
    0x5, 0xff, 0xff, 0xff, 0xff, 0x54, 0x44, 0x44,
    0x44, 0x4b, 0xfe, 0x41, 0x6, 0xff, 0xff, 0xff,
    0xff, 0x20, 0x23, 0x22, 0x22, 0x9, 0xfd, 0x0,
    0x0, 0x32, 0x11, 0x14, 0xff, 0x14, 0xff, 0xff,
    0xff, 0x9, 0xfd, 0x0, 0x0, 0x0, 0x0, 0x4,
    0xff, 0x4, 0xfe, 0xbb, 0xff, 0x9, 0xfd, 0x0,
    0x0, 0x36, 0x9c, 0xe5, 0xff, 0x4, 0xfa, 0x0,
    0xff, 0x9, 0xfd, 0x0, 0x4f, 0xff, 0xfe, 0xa7,
    0xfd, 0x4, 0xfe, 0xcc, 0xff, 0x9, 0xfd, 0x0,
    0x1d, 0xa6, 0x20, 0x9, 0xfc, 0x4, 0xff, 0xff,
    0xff, 0x9, 0xfd, 0x0, 0x0, 0x0, 0x0, 0xb,
    0xfa, 0x4, 0xfb, 0x11, 0x11, 0x9, 0xfd, 0x0,
    0x0, 0x1, 0x0, 0x2f, 0xf7, 0x2, 0x96, 0x0,
    0x23, 0x3b, 0xfd, 0x0, 0x0, 0x7, 0xff, 0xff,
    0xf2, 0x0, 0x0, 0x0, 0x5f, 0xff, 0xfb, 0x0,
    0x0, 0x2, 0xff, 0xfe, 0x60, 0x0, 0x0, 0x0,
    0xe, 0xff, 0xb2, 0x0, 0x0, 0x0, 0x0, 0x0,
    0x0, 0x0, 0x0, 0x0, 0x0, 0x0, 0x0, 0x0,

    /* U+FF01 "！" */
    0xf, 0xff, 0x80, 0xff, 0xf8, 0xf, 0xff, 0x80,
    0xef, 0xf7, 0xd, 0xff, 0x60, 0xcf, 0xf5, 0xb,
    0xff, 0x40, 0xaf, 0xf3, 0x9, 0xff, 0x20, 0x7f,
    0xf0, 0x6, 0xff, 0x0, 0x5e, 0xd0, 0x0, 0x0,
    0x0, 0x0, 0x0, 0x5, 0xca, 0x11, 0xff, 0xf9,
    0x2f, 0xff, 0xb0, 0xaf, 0xf4, 0x0, 0x10, 0x0,

    /* U+FF08 "（" */
    0x0, 0x0, 0x45, 0x0, 0x0, 0x3f, 0xf9, 0x0,
    0xd, 0xfd, 0x10, 0x9, 0xff, 0x30, 0x2, 0xff,
    0x80, 0x0, 0x9f, 0xf1, 0x0, 0xf, 0xf9, 0x0,
    0x4, 0xff, 0x30, 0x0, 0x8f, 0xe0, 0x0, 0xb,
    0xfc, 0x0, 0x0, 0xdf, 0xa0, 0x0, 0xd, 0xf9,
    0x0, 0x0, 0xdf, 0x90, 0x0, 0xc, 0xfa, 0x0,
    0x0, 0xaf, 0xc0, 0x0, 0x7, 0xff, 0x0, 0x0,
    0x3f, 0xf4, 0x0, 0x0, 0xef, 0xa0, 0x0, 0x8,
    0xff, 0x20, 0x0, 0x1e, 0xfb, 0x0, 0x0, 0x6f,
    0xf5, 0x0, 0x0, 0xbf, 0xf2, 0x0, 0x1, 0xdf,
    0x80, 0x0, 0x1, 0x10,

    /* U+FF09 "）" */
    0x5, 0x40, 0x0, 0x9, 0xff, 0x30, 0x0, 0x1d,
    0xfd, 0x0, 0x0, 0x3f, 0xf9, 0x0, 0x0, 0x8f,
    0xf2, 0x0, 0x1, 0xff, 0x90, 0x0, 0x9, 0xff,
    0x0, 0x0, 0x3f, 0xf4, 0x0, 0x0, 0xef, 0x80,
    0x0, 0xc, 0xfb, 0x0, 0x0, 0xaf, 0xd0, 0x0,
    0x9, 0xfd, 0x0, 0x0, 0x9f, 0xd0, 0x0, 0xa,
    0xfc, 0x0, 0x0, 0xcf, 0xa0, 0x0, 0xf, 0xf7,
    0x0, 0x4, 0xff, 0x30, 0x0, 0xaf, 0xe0, 0x0,
    0x2f, 0xf8, 0x0, 0xb, 0xfe, 0x10, 0x5, 0xff,
    0x60, 0x2, 0xff, 0xb0, 0x0, 0x8f, 0xd1, 0x0,
    0x0, 0x11, 0x0, 0x0,

    /* U+FF0C "，" */
    0x0, 0x9d, 0xa1, 0x8, 0xff, 0xf9, 0xa, 0xff,
    0xfe, 0x3, 0xef, 0xff, 0x0, 0x6, 0xfd, 0x0,
    0xb, 0xf8, 0x1, 0xaf, 0xe1, 0x2f, 0xfe, 0x20,
    0xb, 0x81, 0x0,

    /* U+FF1A "：" */
    0x4, 0xcc, 0x40, 0xf, 0xff, 0xf0, 0x2f, 0xff,
    0xf1, 0xb, 0xff, 0xb0, 0x0, 0x55, 0x0, 0x0,
    0x0, 0x0, 0x0, 0x0, 0x0, 0x0, 0x0, 0x0,
    0x0, 0x0, 0x0, 0x0, 0x0, 0x0, 0x0, 0x0,
    0x0, 0x0, 0x0, 0x0, 0x7, 0xff, 0x70, 0x1f,
    0xff, 0xf1, 0x1f, 0xff, 0xf1, 0x8, 0xff, 0x80,
    0x0, 0x11, 0x0,

    /* U+FF1B "；" */
    0x4, 0xcc, 0x40, 0xf, 0xff, 0xf0, 0x2f, 0xff,
    0xf1, 0xb, 0xff, 0xb0, 0x0, 0x55, 0x0, 0x0,
    0x0, 0x0, 0x0, 0x0, 0x0, 0x0, 0x0, 0x0,
    0x0, 0x0, 0x0, 0x0, 0x0, 0x0, 0x0, 0x22,
    0x0, 0x8, 0xff, 0xb0, 0xf, 0xff, 0xf5, 0xe,
    0xff, 0xf8, 0x3, 0xcf, 0xf9, 0x0, 0xa, 0xf7,
    0x0, 0x1f, 0xf2, 0x1, 0xdf, 0xb0, 0x6f, 0xfd,
    0x10, 0x5f, 0x90, 0x0, 0x1, 0x0, 0x0,

    /* U+FF1F "？" */
    0x0, 0x0, 0x1, 0x20, 0x0, 0x0, 0x0, 0x19,
    0xef, 0xff, 0xb3, 0x0, 0x4, 0xef, 0xff, 0xff,
    0xff, 0x40, 0xe, 0xff, 0xa7, 0x8e, 0xff, 0xd0,
    0x2, 0xd4, 0x0, 0x2, 0xff, 0xf2, 0x0, 0x0,
    0x0, 0x0, 0xdf, 0xf3, 0x0, 0x0, 0x0, 0x0,
    0xef, 0xf1, 0x0, 0x0, 0x0, 0x9, 0xff, 0x90,
    0x0, 0x0, 0x0, 0x9f, 0xfc, 0x0, 0x0, 0x0,
    0x8, 0xff, 0xc0, 0x0, 0x0, 0x0, 0x4f, 0xfd,
    0x0, 0x0, 0x0, 0x0, 0xaf, 0xf4, 0x0, 0x0,
    0x0, 0x0, 0xbf, 0xf1, 0x0, 0x0, 0x0, 0x0,
    0x0, 0x0, 0x0, 0x0, 0x0, 0x0, 0x0, 0x0,
    0x0, 0x0, 0x0, 0x0, 0x5c, 0x90, 0x0, 0x0,
    0x0, 0x1, 0xff, 0xf8, 0x0, 0x0, 0x0, 0x3,
    0xff, 0xfa, 0x0, 0x0, 0x0, 0x0, 0xbf, 0xe3,
    0x0, 0x0, 0x0, 0x0, 0x1, 0x0, 0x0, 0x0
};


/*---------------------
 *  GLYPH DESCRIPTION
 *--------------------*/

static const lv_font_fmt_txt_glyph_dsc_t glyph_dsc[] = {
    {.bitmap_index = 0, .adv_w = 0, .box_w = 0, .box_h = 0, .ofs_x = 0, .ofs_y = 0} /* id = 0 reserved */,
    {.bitmap_index = 0, .adv_w = 384, .box_w = 8, .box_h = 8, .ofs_x = 1, .ofs_y = -2},
    {.bitmap_index = 32, .adv_w = 384, .box_w = 9, .box_h = 8, .ofs_x = 0, .ofs_y = -2},
    {.bitmap_index = 68, .adv_w = 384, .box_w = 24, .box_h = 4, .ofs_x = 0, .ofs_y = 7},
    {.bitmap_index = 116, .adv_w = 384, .box_w = 22, .box_h = 21, .ofs_x = 1, .ofs_y = -2},
    {.bitmap_index = 347, .adv_w = 384, .box_w = 21, .box_h = 23, .ofs_x = 2, .ofs_y = -2},
    {.bitmap_index = 589, .adv_w = 384, .box_w = 24, .box_h = 24, .ofs_x = 0, .ofs_y = -3},
    {.bitmap_index = 877, .adv_w = 384, .box_w = 23, .box_h = 23, .ofs_x = 0, .ofs_y = -2},
    {.bitmap_index = 1142, .adv_w = 384, .box_w = 22, .box_h = 22, .ofs_x = 1, .ofs_y = -3},
    {.bitmap_index = 1384, .adv_w = 384, .box_w = 24, .box_h = 23, .ofs_x = 0, .ofs_y = -2},
    {.bitmap_index = 1660, .adv_w = 384, .box_w = 24, .box_h = 24, .ofs_x = 0, .ofs_y = -3},
    {.bitmap_index = 1948, .adv_w = 384, .box_w = 24, .box_h = 23, .ofs_x = 0, .ofs_y = -2},
    {.bitmap_index = 2224, .adv_w = 384, .box_w = 24, .box_h = 23, .ofs_x = 0, .ofs_y = -2},
    {.bitmap_index = 2500, .adv_w = 384, .box_w = 23, .box_h = 23, .ofs_x = 0, .ofs_y = -2},
    {.bitmap_index = 2765, .adv_w = 384, .box_w = 24, .box_h = 24, .ofs_x = 0, .ofs_y = -3},
    {.bitmap_index = 3053, .adv_w = 384, .box_w = 24, .box_h = 23, .ofs_x = 0, .ofs_y = -2},
    {.bitmap_index = 3329, .adv_w = 384, .box_w = 24, .box_h = 23, .ofs_x = 0, .ofs_y = -2},
    {.bitmap_index = 3605, .adv_w = 384, .box_w = 23, .box_h = 23, .ofs_x = 1, .ofs_y = -3},
    {.bitmap_index = 3870, .adv_w = 384, .box_w = 20, .box_h = 23, .ofs_x = 2, .ofs_y = -2},
    {.bitmap_index = 4100, .adv_w = 384, .box_w = 23, .box_h = 23, .ofs_x = 0, .ofs_y = -2},
    {.bitmap_index = 4365, .adv_w = 384, .box_w = 20, .box_h = 23, .ofs_x = 2, .ofs_y = -2},
    {.bitmap_index = 4595, .adv_w = 384, .box_w = 22, .box_h = 23, .ofs_x = 1, .ofs_y = -2},
    {.bitmap_index = 4848, .adv_w = 384, .box_w = 24, .box_h = 24, .ofs_x = 0, .ofs_y = -3},
    {.bitmap_index = 5136, .adv_w = 384, .box_w = 22, .box_h = 22, .ofs_x = 1, .ofs_y = -2},
    {.bitmap_index = 5378, .adv_w = 384, .box_w = 22, .box_h = 23, .ofs_x = 1, .ofs_y = -3},
    {.bitmap_index = 5631, .adv_w = 384, .box_w = 21, .box_h = 22, .ofs_x = 2, .ofs_y = -2},
    {.bitmap_index = 5862, .adv_w = 384, .box_w = 20, .box_h = 24, .ofs_x = 3, .ofs_y = -3},
    {.bitmap_index = 6102, .adv_w = 384, .box_w = 22, .box_h = 22, .ofs_x = 1, .ofs_y = -2},
    {.bitmap_index = 6344, .adv_w = 384, .box_w = 22, .box_h = 22, .ofs_x = 1, .ofs_y = -3},
    {.bitmap_index = 6586, .adv_w = 384, .box_w = 24, .box_h = 24, .ofs_x = 0, .ofs_y = -3},
    {.bitmap_index = 6874, .adv_w = 384, .box_w = 24, .box_h = 23, .ofs_x = 0, .ofs_y = -3},
    {.bitmap_index = 7150, .adv_w = 384, .box_w = 22, .box_h = 23, .ofs_x = 0, .ofs_y = -2},
    {.bitmap_index = 7403, .adv_w = 384, .box_w = 24, .box_h = 23, .ofs_x = 0, .ofs_y = -3},
    {.bitmap_index = 7679, .adv_w = 384, .box_w = 24, .box_h = 23, .ofs_x = 0, .ofs_y = -2},
    {.bitmap_index = 7955, .adv_w = 384, .box_w = 24, .box_h = 24, .ofs_x = 0, .ofs_y = -3},
    {.bitmap_index = 8243, .adv_w = 384, .box_w = 24, .box_h = 23, .ofs_x = 0, .ofs_y = -2},
    {.bitmap_index = 8519, .adv_w = 384, .box_w = 24, .box_h = 24, .ofs_x = 0, .ofs_y = -3},
    {.bitmap_index = 8807, .adv_w = 384, .box_w = 24, .box_h = 24, .ofs_x = 0, .ofs_y = -3},
    {.bitmap_index = 9095, .adv_w = 384, .box_w = 24, .box_h = 24, .ofs_x = 0, .ofs_y = -3},
    {.bitmap_index = 9383, .adv_w = 384, .box_w = 24, .box_h = 24, .ofs_x = 0, .ofs_y = -3},
    {.bitmap_index = 9671, .adv_w = 384, .box_w = 22, .box_h = 24, .ofs_x = 1, .ofs_y = -3},
    {.bitmap_index = 9935, .adv_w = 384, .box_w = 24, .box_h = 24, .ofs_x = 0, .ofs_y = -3},
    {.bitmap_index = 10223, .adv_w = 384, .box_w = 22, .box_h = 23, .ofs_x = 1, .ofs_y = -2},
    {.bitmap_index = 10476, .adv_w = 384, .box_w = 24, .box_h = 24, .ofs_x = 0, .ofs_y = -3},
    {.bitmap_index = 10764, .adv_w = 384, .box_w = 24, .box_h = 24, .ofs_x = 0, .ofs_y = -3},
    {.bitmap_index = 11052, .adv_w = 384, .box_w = 21, .box_h = 21, .ofs_x = 2, .ofs_y = -2},
    {.bitmap_index = 11273, .adv_w = 384, .box_w = 23, .box_h = 21, .ofs_x = 0, .ofs_y = -2},
    {.bitmap_index = 11515, .adv_w = 384, .box_w = 24, .box_h = 24, .ofs_x = 0, .ofs_y = -3},
    {.bitmap_index = 11803, .adv_w = 384, .box_w = 24, .box_h = 24, .ofs_x = 0, .ofs_y = -3},
    {.bitmap_index = 12091, .adv_w = 384, .box_w = 23, .box_h = 22, .ofs_x = 0, .ofs_y = -3},
    {.bitmap_index = 12344, .adv_w = 384, .box_w = 22, .box_h = 23, .ofs_x = 1, .ofs_y = -3},
    {.bitmap_index = 12597, .adv_w = 384, .box_w = 24, .box_h = 22, .ofs_x = 0, .ofs_y = -2},
    {.bitmap_index = 12861, .adv_w = 384, .box_w = 24, .box_h = 23, .ofs_x = 0, .ofs_y = -2},
    {.bitmap_index = 13137, .adv_w = 384, .box_w = 24, .box_h = 23, .ofs_x = 0, .ofs_y = -2},
    {.bitmap_index = 13413, .adv_w = 384, .box_w = 23, .box_h = 23, .ofs_x = 0, .ofs_y = -2},
    {.bitmap_index = 13678, .adv_w = 384, .box_w = 22, .box_h = 23, .ofs_x = 1, .ofs_y = -2},
    {.bitmap_index = 13931, .adv_w = 384, .box_w = 24, .box_h = 23, .ofs_x = 0, .ofs_y = -2},
    {.bitmap_index = 14207, .adv_w = 384, .box_w = 23, .box_h = 24, .ofs_x = 0, .ofs_y = -3},
    {.bitmap_index = 14483, .adv_w = 384, .box_w = 24, .box_h = 24, .ofs_x = 0, .ofs_y = -3},
    {.bitmap_index = 14771, .adv_w = 384, .box_w = 21, .box_h = 24, .ofs_x = 0, .ofs_y = -3},
    {.bitmap_index = 15023, .adv_w = 384, .box_w = 24, .box_h = 24, .ofs_x = 0, .ofs_y = -3},
    {.bitmap_index = 15311, .adv_w = 384, .box_w = 24, .box_h = 24, .ofs_x = 0, .ofs_y = -3},
    {.bitmap_index = 15599, .adv_w = 384, .box_w = 24, .box_h = 24, .ofs_x = 0, .ofs_y = -3},
    {.bitmap_index = 15887, .adv_w = 384, .box_w = 24, .box_h = 24, .ofs_x = 0, .ofs_y = -3},
    {.bitmap_index = 16175, .adv_w = 384, .box_w = 24, .box_h = 24, .ofs_x = 0, .ofs_y = -3},
    {.bitmap_index = 16463, .adv_w = 384, .box_w = 23, .box_h = 24, .ofs_x = 1, .ofs_y = -3},
    {.bitmap_index = 16739, .adv_w = 384, .box_w = 22, .box_h = 23, .ofs_x = 1, .ofs_y = -3},
    {.bitmap_index = 16992, .adv_w = 384, .box_w = 24, .box_h = 23, .ofs_x = 0, .ofs_y = -3},
    {.bitmap_index = 17268, .adv_w = 384, .box_w = 24, .box_h = 22, .ofs_x = 0, .ofs_y = -2},
    {.bitmap_index = 17532, .adv_w = 384, .box_w = 22, .box_h = 24, .ofs_x = 1, .ofs_y = -3},
    {.bitmap_index = 17796, .adv_w = 384, .box_w = 23, .box_h = 23, .ofs_x = 0, .ofs_y = -2},
    {.bitmap_index = 18061, .adv_w = 384, .box_w = 24, .box_h = 23, .ofs_x = 0, .ofs_y = -2},
    {.bitmap_index = 18337, .adv_w = 384, .box_w = 24, .box_h = 23, .ofs_x = 0, .ofs_y = -2},
    {.bitmap_index = 18613, .adv_w = 384, .box_w = 23, .box_h = 23, .ofs_x = 1, .ofs_y = -2},
    {.bitmap_index = 18878, .adv_w = 384, .box_w = 24, .box_h = 24, .ofs_x = 0, .ofs_y = -3},
    {.bitmap_index = 19166, .adv_w = 384, .box_w = 24, .box_h = 23, .ofs_x = 0, .ofs_y = -2},
    {.bitmap_index = 19442, .adv_w = 384, .box_w = 24, .box_h = 24, .ofs_x = 0, .ofs_y = -3},
    {.bitmap_index = 19730, .adv_w = 384, .box_w = 22, .box_h = 22, .ofs_x = 1, .ofs_y = -1},
    {.bitmap_index = 19972, .adv_w = 384, .box_w = 24, .box_h = 24, .ofs_x = 0, .ofs_y = -3},
    {.bitmap_index = 20260, .adv_w = 384, .box_w = 23, .box_h = 24, .ofs_x = 1, .ofs_y = -3},
    {.bitmap_index = 20536, .adv_w = 384, .box_w = 24, .box_h = 23, .ofs_x = 0, .ofs_y = -2},
    {.bitmap_index = 20812, .adv_w = 384, .box_w = 24, .box_h = 22, .ofs_x = 0, .ofs_y = -2},
    {.bitmap_index = 21076, .adv_w = 384, .box_w = 24, .box_h = 23, .ofs_x = 0, .ofs_y = -2},
    {.bitmap_index = 21352, .adv_w = 384, .box_w = 23, .box_h = 24, .ofs_x = 0, .ofs_y = -3},
    {.bitmap_index = 21628, .adv_w = 384, .box_w = 24, .box_h = 24, .ofs_x = 0, .ofs_y = -3},
    {.bitmap_index = 21916, .adv_w = 384, .box_w = 22, .box_h = 23, .ofs_x = 1, .ofs_y = -2},
    {.bitmap_index = 22169, .adv_w = 384, .box_w = 22, .box_h = 22, .ofs_x = 0, .ofs_y = -3},
    {.bitmap_index = 22411, .adv_w = 384, .box_w = 20, .box_h = 24, .ofs_x = 2, .ofs_y = -3},
    {.bitmap_index = 22651, .adv_w = 384, .box_w = 23, .box_h = 23, .ofs_x = 1, .ofs_y = -2},
    {.bitmap_index = 22916, .adv_w = 384, .box_w = 18, .box_h = 21, .ofs_x = 3, .ofs_y = -2},
    {.bitmap_index = 23105, .adv_w = 384, .box_w = 23, .box_h = 24, .ofs_x = 0, .ofs_y = -3},
    {.bitmap_index = 23381, .adv_w = 384, .box_w = 22, .box_h = 24, .ofs_x = 1, .ofs_y = -3},
    {.bitmap_index = 23645, .adv_w = 384, .box_w = 24, .box_h = 23, .ofs_x = 0, .ofs_y = -2},
    {.bitmap_index = 23921, .adv_w = 384, .box_w = 24, .box_h = 23, .ofs_x = 0, .ofs_y = -2},
    {.bitmap_index = 24197, .adv_w = 384, .box_w = 23, .box_h = 24, .ofs_x = 0, .ofs_y = -3},
    {.bitmap_index = 24473, .adv_w = 384, .box_w = 23, .box_h = 23, .ofs_x = 1, .ofs_y = -2},
    {.bitmap_index = 24738, .adv_w = 384, .box_w = 23, .box_h = 24, .ofs_x = 0, .ofs_y = -3},
    {.bitmap_index = 25014, .adv_w = 384, .box_w = 24, .box_h = 23, .ofs_x = 0, .ofs_y = -2},
    {.bitmap_index = 25290, .adv_w = 384, .box_w = 24, .box_h = 24, .ofs_x = 0, .ofs_y = -3},
    {.bitmap_index = 25578, .adv_w = 384, .box_w = 24, .box_h = 24, .ofs_x = 0, .ofs_y = -3},
    {.bitmap_index = 25866, .adv_w = 384, .box_w = 22, .box_h = 22, .ofs_x = 1, .ofs_y = -2},
    {.bitmap_index = 26108, .adv_w = 384, .box_w = 18, .box_h = 24, .ofs_x = 3, .ofs_y = -3},
    {.bitmap_index = 26324, .adv_w = 384, .box_w = 22, .box_h = 23, .ofs_x = 1, .ofs_y = -2},
    {.bitmap_index = 26577, .adv_w = 384, .box_w = 24, .box_h = 24, .ofs_x = 0, .ofs_y = -3},
    {.bitmap_index = 26865, .adv_w = 384, .box_w = 24, .box_h = 23, .ofs_x = 0, .ofs_y = -2},
    {.bitmap_index = 27141, .adv_w = 384, .box_w = 22, .box_h = 23, .ofs_x = 1, .ofs_y = -3},
    {.bitmap_index = 27394, .adv_w = 384, .box_w = 23, .box_h = 24, .ofs_x = 1, .ofs_y = -3},
    {.bitmap_index = 27670, .adv_w = 384, .box_w = 23, .box_h = 23, .ofs_x = 0, .ofs_y = -3},
    {.bitmap_index = 27935, .adv_w = 384, .box_w = 24, .box_h = 24, .ofs_x = 0, .ofs_y = -3},
    {.bitmap_index = 28223, .adv_w = 384, .box_w = 23, .box_h = 23, .ofs_x = 1, .ofs_y = -3},
    {.bitmap_index = 28488, .adv_w = 384, .box_w = 24, .box_h = 22, .ofs_x = 0, .ofs_y = -2},
    {.bitmap_index = 28752, .adv_w = 384, .box_w = 24, .box_h = 23, .ofs_x = 0, .ofs_y = -2},
    {.bitmap_index = 29028, .adv_w = 384, .box_w = 24, .box_h = 24, .ofs_x = 0, .ofs_y = -3},
    {.bitmap_index = 29316, .adv_w = 384, .box_w = 22, .box_h = 23, .ofs_x = 1, .ofs_y = -3},
    {.bitmap_index = 29569, .adv_w = 384, .box_w = 24, .box_h = 22, .ofs_x = 0, .ofs_y = -2},
    {.bitmap_index = 29833, .adv_w = 384, .box_w = 24, .box_h = 24, .ofs_x = 0, .ofs_y = -3},
    {.bitmap_index = 30121, .adv_w = 384, .box_w = 23, .box_h = 24, .ofs_x = 0, .ofs_y = -3},
    {.bitmap_index = 30397, .adv_w = 384, .box_w = 22, .box_h = 23, .ofs_x = 1, .ofs_y = -2},
    {.bitmap_index = 30650, .adv_w = 384, .box_w = 24, .box_h = 24, .ofs_x = 0, .ofs_y = -3},
    {.bitmap_index = 30938, .adv_w = 384, .box_w = 24, .box_h = 23, .ofs_x = 0, .ofs_y = -2},
    {.bitmap_index = 31214, .adv_w = 384, .box_w = 24, .box_h = 23, .ofs_x = 0, .ofs_y = -3},
    {.bitmap_index = 31490, .adv_w = 384, .box_w = 24, .box_h = 22, .ofs_x = 0, .ofs_y = -2},
    {.bitmap_index = 31754, .adv_w = 384, .box_w = 24, .box_h = 24, .ofs_x = 0, .ofs_y = -3},
    {.bitmap_index = 32042, .adv_w = 384, .box_w = 24, .box_h = 22, .ofs_x = 0, .ofs_y = -2},
    {.bitmap_index = 32306, .adv_w = 384, .box_w = 24, .box_h = 24, .ofs_x = 0, .ofs_y = -3},
    {.bitmap_index = 32594, .adv_w = 384, .box_w = 24, .box_h = 23, .ofs_x = 0, .ofs_y = -2},
    {.bitmap_index = 32870, .adv_w = 384, .box_w = 23, .box_h = 23, .ofs_x = 1, .ofs_y = -3},
    {.bitmap_index = 33135, .adv_w = 384, .box_w = 24, .box_h = 22, .ofs_x = 0, .ofs_y = -2},
    {.bitmap_index = 33399, .adv_w = 384, .box_w = 22, .box_h = 22, .ofs_x = 1, .ofs_y = -2},
    {.bitmap_index = 33641, .adv_w = 384, .box_w = 23, .box_h = 23, .ofs_x = 0, .ofs_y = -2},
    {.bitmap_index = 33906, .adv_w = 384, .box_w = 23, .box_h = 24, .ofs_x = 1, .ofs_y = -3},
    {.bitmap_index = 34182, .adv_w = 384, .box_w = 22, .box_h = 23, .ofs_x = 1, .ofs_y = -2},
    {.bitmap_index = 34435, .adv_w = 384, .box_w = 23, .box_h = 23, .ofs_x = 1, .ofs_y = -2},
    {.bitmap_index = 34700, .adv_w = 384, .box_w = 22, .box_h = 23, .ofs_x = 1, .ofs_y = -3},
    {.bitmap_index = 34953, .adv_w = 384, .box_w = 24, .box_h = 23, .ofs_x = 0, .ofs_y = -2},
    {.bitmap_index = 35229, .adv_w = 384, .box_w = 24, .box_h = 24, .ofs_x = 0, .ofs_y = -3},
    {.bitmap_index = 35517, .adv_w = 384, .box_w = 5, .box_h = 19, .ofs_x = 3, .ofs_y = -1},
    {.bitmap_index = 35565, .adv_w = 384, .box_w = 7, .box_h = 24, .ofs_x = 16, .ofs_y = -3},
    {.bitmap_index = 35649, .adv_w = 384, .box_w = 7, .box_h = 24, .ofs_x = 1, .ofs_y = -3},
    {.bitmap_index = 35733, .adv_w = 384, .box_w = 6, .box_h = 9, .ofs_x = 3, .ofs_y = -3},
    {.bitmap_index = 35760, .adv_w = 384, .box_w = 6, .box_h = 17, .ofs_x = 3, .ofs_y = -1},
    {.bitmap_index = 35811, .adv_w = 384, .box_w = 6, .box_h = 21, .ofs_x = 3, .ofs_y = -5},
    {.bitmap_index = 35874, .adv_w = 384, .box_w = 12, .box_h = 20, .ofs_x = 0, .ofs_y = -1}
};

/*---------------------
 *  CHARACTER MAPPING
 *--------------------*/

static const uint16_t unicode_list_0[] = {
    0x0, 0x1, 0x1dff, 0x1e0a, 0x1e2c, 0x1e44, 0x1e8a, 0x1e8d,
    0x1f10, 0x1f1f, 0x1f52, 0x1fdc, 0x204e, 0x205b, 0x2164, 0x2167,
    0x216b, 0x2184, 0x21b1, 0x21f9, 0x21fa, 0x2205, 0x222f, 0x22a7,
    0x2339, 0x235f, 0x2372, 0x23ee, 0x240d, 0x2425, 0x248b, 0x2667,
    0x272f, 0x290c, 0x2915, 0x2930, 0x294e, 0x29ca, 0x2b57, 0x2b88,
    0x2b8b, 0x2ba3, 0x2c05, 0x2c30, 0x2df1, 0x2e72, 0x2ea5, 0x2ef9,
    0x2eff, 0x2f54, 0x2fc2, 0x3000, 0x303a, 0x306e, 0x310e, 0x311e,
    0x320f, 0x3210, 0x3236, 0x32e8, 0x3300, 0x33cf, 0x353d, 0x3547,
    0x35f5, 0x360d, 0x362e, 0x363d, 0x3681, 0x3708, 0x3729, 0x372b,
    0x375e, 0x3806, 0x38bf, 0x3b20, 0x3b61, 0x3bb4, 0x3bd3, 0x3c33,
    0x3ca0, 0x3ce7, 0x3d4a, 0x42b5, 0x4386, 0x4527, 0x4530, 0x46d7,
    0x46ed, 0x486d, 0x49ba, 0x49d1, 0x4a32, 0x4ec2, 0x4ec3, 0x4ed2,
    0x4ee6, 0x4ee9, 0x4eec, 0x4f6d, 0x51e9, 0x5281, 0x584b, 0x5864,
    0x5980, 0x5ba3, 0x5bac, 0x5bad, 0x5baf, 0x5bbd, 0x5bf6, 0x5d24,
    0x5d2e, 0x5ddc, 0x5dee, 0x5eaa, 0x5f65, 0x5f82, 0x5f85, 0x5fcf,
    0x5fda, 0x5fdd, 0x5fff, 0x6008, 0x601e, 0x614c, 0x6191, 0x61cb,
    0x649e, 0x657e, 0x65f3, 0x668e, 0x66ff, 0x6758, 0x6a90, 0xcf00,
    0xcf07, 0xcf08, 0xcf0b, 0xcf19, 0xcf1a, 0xcf1e
};

/*Collect the unicode lists and glyph_id offsets*/
static const lv_font_fmt_txt_cmap_t cmaps[] =
{
    {
        .range_start = 12289, .range_length = 53023, .glyph_id_start = 1,
        .unicode_list = unicode_list_0, .glyph_id_ofs_list = NULL, .list_length = 142, .type = LV_FONT_FMT_TXT_CMAP_SPARSE_TINY
    }
};



/*--------------------
 *  ALL CUSTOM DATA
 *--------------------*/

#if LVGL_VERSION_MAJOR == 8
/*Store all the custom data of the font*/
static  lv_font_fmt_txt_glyph_cache_t cache;
#endif

#if LVGL_VERSION_MAJOR >= 8
static const lv_font_fmt_txt_dsc_t font_dsc = {
#else
static lv_font_fmt_txt_dsc_t font_dsc = {
#endif
    .glyph_bitmap = glyph_bitmap,
    .glyph_dsc = glyph_dsc,
    .cmaps = cmaps,
    .kern_dsc = NULL,
    .kern_scale = 0,
    .cmap_num = 1,
    .bpp = 4,
    .kern_classes = 0,
    .bitmap_format = 0,
#if LVGL_VERSION_MAJOR == 8
    .cache = &cache
#endif
};

extern const lv_font_t lv_font_montserrat_24;


/*-----------------
 *  PUBLIC FONT
 *----------------*/

/*Initialize a public general font descriptor*/
#if LVGL_VERSION_MAJOR >= 8
const lv_font_t velaride_font_cn_24 = {
#else
lv_font_t velaride_font_cn_24 = {
#endif
    .get_glyph_dsc = lv_font_get_glyph_dsc_fmt_txt,    /*Function pointer to get glyph's data*/
    .get_glyph_bitmap = lv_font_get_bitmap_fmt_txt,    /*Function pointer to get glyph's bitmap*/
    .line_height = 26,          /*The maximum line height required by the font*/
    .base_line = 5,             /*Baseline measured from the bottom of the line*/
#if !(LVGL_VERSION_MAJOR == 6 && LVGL_VERSION_MINOR == 0)
    .subpx = LV_FONT_SUBPX_NONE,
#endif
#if LV_VERSION_CHECK(7, 4, 0) || LVGL_VERSION_MAJOR >= 8
    .underline_position = -3,
    .underline_thickness = 1,
#endif
    .dsc = &font_dsc,          /*The custom font data. Will be accessed by `get_glyph_bitmap/dsc` */
#if LV_VERSION_CHECK(8, 2, 0) || LVGL_VERSION_MAJOR >= 9
    .fallback = &lv_font_montserrat_24,
#endif
    .user_data = NULL,
};



#endif /*#if VELARIDE_FONT_CN_24*/

